,cluster,protein,degree,betweenness_centrality,eigenvector_centrality,degree_centrality
0,0,Q0010,6,0.119,0.417,0.857
1,0,Q0142,1,0.000,0.078,0.143
2,0,Q0182,5,0.000,0.391,0.714
3,0,Q0032,5,0.000,0.391,0.714
4,0,Q0092,2,0.000,0.161,0.286
5,0,Q0017,5,0.000,0.391,0.714
6,0,Q0143,6,0.119,0.417,0.857
7,1,YPL059W,11,0.009,0.303,1.000
8,1,YER048W-A,11,0.009,0.303,1.000
9,1,YKL040C,11,0.009,0.303,1.000
10,1,YPR067W,11,0.009,0.303,1.000
11,1,YCL017C,11,0.009,0.303,1.000
12,1,YPL252C,11,0.009,0.303,1.000
13,2,YMR301C,2,0.000,0.577,1.000
14,2,YGL018C,2,0.000,0.577,1.000
15,2,YDL120W,2,0.000,0.577,1.000
16,3,YHR024C,1,0.000,0.146,0.167
17,3,YNL310C,2,0.000,0.267,0.333
18,3,YNL328C,3,0.000,0.389,0.500
19,3,YFL016C,4,0.067,0.446,0.667
20,3,YJR045C,4,0.067,0.446,0.667
21,3,YEL030W,2,0.000,0.267,0.333
22,4,YAL046C,4,0.022,0.418,0.667
23,4,YAL044W-A,4,0.022,0.418,0.667
24,4,YDR098C,4,0.067,0.386,0.667
25,4,YER174C,4,0.067,0.386,0.667
26,5,YGR116W,19,0.005,0.091,0.311
27,5,YGL070C,32,0.008,0.180,0.525
28,5,YMR277W,21,0.010,0.106,0.344
29,5,YPL122C,30,0.004,0.174,0.492
30,5,YLR418C,19,0.004,0.092,0.311
31,5,YKL139W,15,0.004,0.067,0.246
32,5,YER139C,17,0.004,0.096,0.279
33,5,YOL005C,33,0.009,0.184,0.541
34,5,YKR062W,30,0.006,0.173,0.492
35,5,YIL143C,32,0.009,0.178,0.525
36,5,YKL028W,30,0.006,0.173,0.492
37,5,YJL140W,34,0.012,0.187,0.557
38,5,YER171W,32,0.009,0.178,0.525
39,5,YDR460W,31,0.008,0.172,0.508
40,5,YHR143W-A,30,0.012,0.171,0.492
41,6,YBL022C,0,0.000,1.000,1.000
42,7,YNL113W,15,0.004,0.205,0.385
43,7,YPR190C,16,0.003,0.220,0.410
44,7,YPR186C,7,0.000,0.094,0.179
45,7,YOR207C,16,0.003,0.219,0.410
46,7,YAL001C,9,0.001,0.100,0.231
47,7,YPR110C,15,0.004,0.205,0.385
48,7,YDR362C,11,0.003,0.134,0.282
49,7,YNL151C,15,0.002,0.209,0.385
50,7,YDL150W,16,0.003,0.220,0.410
51,7,YNR003C,15,0.001,0.211,0.385
52,8,YGL127C,24,0.014,0.222,1.000
53,8,YNL236W,24,0.014,0.222,1.000
54,8,YOL051W,22,0.007,0.210,0.917
55,8,YGR104C,22,0.005,0.211,0.917
56,8,YLR071C,24,0.014,0.222,1.000
57,8,YOL135C,24,0.014,0.222,1.000
58,8,YPR168W,23,0.009,0.217,0.958
59,8,YGL151W,23,0.012,0.213,0.958
60,8,YHR058C,23,0.009,0.217,0.958
61,8,YDL005C,24,0.014,0.222,1.000
62,8,YDR308C,24,0.014,0.222,1.000
63,8,YPL042C,17,0.004,0.160,0.708
64,8,YBL093C,24,0.014,0.222,1.000
65,9,YMR223W,14,0.000,0.252,0.875
66,9,YOL148C,14,0.000,0.252,0.875
67,9,YPL047W,14,0.000,0.252,0.875
68,9,YDR392W,14,0.000,0.252,0.875
69,9,YLR055C,14,0.000,0.252,0.875
70,9,YBR111W-A,14,0.000,0.252,0.875
71,9,YBR081C,14,0.000,0.252,0.875
72,9,YGL066W,14,0.000,0.252,0.875
73,9,YER164W,14,0.000,0.252,0.875
74,9,YPL254W,15,0.013,0.260,0.938
75,9,YHR099W,15,0.013,0.260,0.938
76,9,YOR023C,7,0.006,0.115,0.438
77,9,YDR448W,15,0.013,0.260,0.938
78,9,YCR082W,4,0.000,0.064,0.250
79,10,YJR090C,4,0.000,0.151,0.143
80,10,YJR033C,2,0.000,0.048,0.071
81,10,YMR258C,1,0.000,0.042,0.036
82,10,YDR202C,2,0.000,0.048,0.071
83,10,YER143W,1,0.000,0.009,0.036
84,10,YMR094W,2,0.000,0.048,0.071
85,10,YLR128W,7,0.007,0.217,0.250
86,10,YLR368W,1,0.000,0.042,0.036
87,10,YPR164W,3,0.000,0.077,0.107
88,10,YLR306W,8,0.005,0.270,0.286
89,10,YLR320W,3,0.000,0.077,0.107
90,10,YOL025W,3,0.000,0.098,0.107
91,10,YNL230C,2,0.000,0.055,0.071
92,10,YER066W,3,0.000,0.121,0.107
93,10,YPL003W,7,0.000,0.249,0.250
94,10,YLR352W,2,0.000,0.081,0.071
95,10,YPR066W,9,0.006,0.296,0.321
96,10,YOR080W,2,0.000,0.081,0.071
97,10,YNL311C,1,0.000,0.042,0.036
98,10,YMR168C,2,0.000,0.048,0.071
99,10,YDR054C,8,0.004,0.263,0.286
100,10,YJL149W,1,0.000,0.042,0.036
101,11,YHR111W,10,0.026,0.319,0.909
102,11,YLR384C,10,0.026,0.318,0.909
103,11,YGL211W,10,0.026,0.319,0.909
104,11,YMR312W,9,0.017,0.295,0.818
105,12,YDR168W,9,0.012,0.289,0.750
106,12,YDR214W,11,0.035,0.332,0.917
107,12,YOR027W,10,0.024,0.309,0.833
108,12,YLR216C,9,0.013,0.288,0.750
109,12,YNL281W,9,0.012,0.288,0.750
110,13,YKL017C,1,0.000,0.170,0.250
111,13,YOR064C,3,0.000,0.482,0.750
112,13,YPR031W,3,0.000,0.482,0.750
113,13,YLR455W,3,0.000,0.482,0.750
114,14,YML069W,3,0.167,0.557,1.000
115,14,YGL207W,3,0.167,0.557,1.000
116,15,YKL054C,1,0.000,0.500,0.500
117,15,YDR030C,1,0.000,0.500,0.500
118,16,YMR093W,135,0.003,0.090,0.672
119,16,YDR087C,126,0.003,0.082,0.627
120,16,YOL041C,121,0.002,0.079,0.602
121,16,YHR169W,128,0.002,0.085,0.637
122,16,YGL099W,74,0.003,0.053,0.368
123,16,YPR144C,138,0.003,0.091,0.687
124,16,YGL171W,140,0.002,0.094,0.697
125,16,YCL059C,137,0.003,0.090,0.682
126,16,YLR175W,126,0.003,0.084,0.627
127,16,YDR324C,135,0.003,0.090,0.672
128,16,YMR128W,119,0.002,0.080,0.592
129,16,YKL099C,108,0.002,0.072,0.537
130,16,YLR196W,126,0.003,0.085,0.627
131,16,YOR004W,135,0.003,0.088,0.672
132,16,YPL146C,113,0.002,0.075,0.562
133,16,YJL109C,127,0.003,0.084,0.632
134,16,YLR435W,85,0.003,0.059,0.423
135,16,YER127W,135,0.003,0.089,0.672
136,16,YHR066W,126,0.003,0.081,0.627
137,16,YJR002W,130,0.002,0.087,0.647
138,16,YDL014W,122,0.002,0.081,0.607
139,16,YNR038W,116,0.003,0.077,0.577
140,16,YDR449C,145,0.003,0.096,0.721
141,16,YHR148W,114,0.002,0.077,0.567
142,16,YDR060W,122,0.002,0.082,0.607
143,16,YMR229C,143,0.004,0.093,0.711
144,16,YJL010C,134,0.002,0.090,0.667
145,16,YDL208W,107,0.002,0.072,0.532
146,16,YDL148C,147,0.004,0.096,0.731
147,16,YDL031W,133,0.003,0.087,0.662
148,16,YGR090W,123,0.002,0.082,0.612
149,16,YNL308C,142,0.003,0.093,0.706
150,16,YPL126W,129,0.002,0.086,0.642
151,16,YPR112C,124,0.002,0.085,0.617
152,16,YGL120C,129,0.002,0.086,0.642
153,16,YOR145C,137,0.003,0.090,0.682
154,16,YPR143W,116,0.002,0.077,0.577
155,16,YPL266W,132,0.002,0.089,0.657
156,16,YER126C,127,0.003,0.082,0.632
157,16,YML093W,134,0.004,0.089,0.667
158,16,YIL091C,129,0.002,0.088,0.642
159,16,YBR142W,122,0.002,0.083,0.607
160,16,YFL002C,132,0.002,0.089,0.657
161,16,YLL011W,129,0.002,0.087,0.642
162,16,YLR002C,138,0.003,0.089,0.687
163,16,YNR053C,128,0.004,0.083,0.637
164,16,YER082C,141,0.003,0.093,0.701
165,16,YOR287C,109,0.002,0.071,0.542
166,16,YHR065C,116,0.002,0.080,0.577
167,16,YJL069C,133,0.002,0.089,0.662
168,17,YDR005C,1,0.000,0.707,0.500
169,17,YKL126W,0,0.000,0.000,0.000
170,17,YHR205W,1,0.000,0.707,0.500
171,18,YDL111C,17,0.004,0.237,0.630
172,18,YDL175C,8,0.004,0.065,0.296
173,18,YIL079C,8,0.004,0.065,0.296
174,18,YOL115W,9,0.011,0.077,0.333
175,18,YGR095C,18,0.006,0.246,0.667
176,18,YDR280W,17,0.004,0.237,0.630
177,18,YGR158C,18,0.006,0.246,0.667
178,18,YGR195W,18,0.006,0.246,0.667
179,19,YPL207W,4,0.000,0.447,1.000
180,19,YGL050W,4,0.000,0.447,1.000
181,19,YOL141W,4,0.000,0.447,1.000
182,19,YML005W,4,0.000,0.447,1.000
183,19,YHR070W,4,0.000,0.447,1.000
184,20,YOR128C,4,0.000,0.174,0.333
185,20,YNR012W,3,0.000,0.166,0.250
186,20,YLR014C,5,0.004,0.298,0.417
187,20,YMR271C,4,0.000,0.253,0.333
188,20,YKL216W,6,0.013,0.344,0.500
189,20,YDR020C,3,0.000,0.166,0.250
190,20,YEL063C,4,0.000,0.174,0.333
191,20,YOR202W,4,0.000,0.174,0.333
192,20,YML106W,6,0.013,0.344,0.500
193,20,YLR420W,5,0.004,0.307,0.417
194,20,YDR007W,4,0.000,0.174,0.333
195,21,YER005W,0,0.000,1.000,1.000
196,22,YLR245C,3,0.083,0.470,0.750
197,22,YDR400W,3,0.083,0.470,0.750
198,23,YKL156W,147,0.001,0.083,0.913
199,23,YHR021C,146,0.001,0.083,0.907
200,23,YGL189C,151,0.001,0.085,0.938
201,23,YML063W,150,0.001,0.084,0.932
202,23,YHR203C,150,0.001,0.084,0.932
203,23,YDL136W,144,0.001,0.083,0.894
204,23,YPL131W,151,0.001,0.085,0.938
205,23,YNL162W,147,0.001,0.084,0.913
206,23,YER131W,150,0.001,0.084,0.932
207,23,YOR182C,149,0.001,0.084,0.925
208,23,YGR027C,151,0.001,0.085,0.938
209,23,YDL082W,148,0.001,0.084,0.919
210,23,YKR094C,143,0.001,0.082,0.888
211,23,YPL081W,150,0.001,0.084,0.932
212,23,YDR450W,150,0.001,0.084,0.932
213,23,YOL121C,148,0.001,0.083,0.919
214,23,YLR029C,149,0.001,0.084,0.925
215,23,YDR012W,146,0.001,0.083,0.907
216,23,YNL302C,146,0.001,0.083,0.907
217,23,YIL148W,142,0.001,0.082,0.882
218,23,YBL092W,147,0.001,0.083,0.913
219,23,YGL103W,148,0.001,0.084,0.919
220,23,YIL069C,150,0.001,0.084,0.932
221,23,YDR025W,150,0.001,0.084,0.932
222,23,YER117W,144,0.001,0.083,0.894
223,23,YLR048W,147,0.001,0.083,0.913
224,23,YLR325C,147,0.001,0.083,0.913
225,23,YFR031C-A,147,0.001,0.084,0.913
226,23,YBL027W,146,0.001,0.083,0.907
227,23,YBL087C,144,0.001,0.083,0.894
228,23,YPR132W,150,0.001,0.084,0.932
229,23,YOL127W,146,0.001,0.083,0.907
230,23,YGL031C,145,0.001,0.083,0.901
231,23,YBR189W,148,0.001,0.084,0.919
232,23,YKR057W,150,0.001,0.084,0.932
233,23,YAL035W,121,0.001,0.068,0.752
234,23,YOR293W,151,0.001,0.085,0.938
235,23,YLR287C-A,149,0.001,0.084,0.925
236,23,YDL191W,144,0.001,0.083,0.894
237,23,YJL191W,150,0.001,0.084,0.932
238,24,YKL081W,1,0.000,0.500,0.500
239,24,YPL048W,1,0.000,0.500,0.500
240,25,YBR118W,1,0.000,0.707,1.000
241,25,YGR211W,1,0.000,0.707,1.000
242,26,YJR113C,70,0.006,0.131,0.854
243,26,YML009C,57,0.004,0.109,0.695
244,26,YBR268W,37,0.004,0.074,0.451
245,26,YDR175C,60,0.003,0.115,0.732
246,26,YML025C,59,0.004,0.112,0.720
247,26,YCR003W,68,0.004,0.129,0.829
248,26,YPR166C,72,0.006,0.135,0.878
249,26,YNL306W,69,0.005,0.131,0.841
250,26,YMR188C,63,0.005,0.119,0.768
251,26,YGR215W,66,0.004,0.126,0.805
252,26,YJR101W,63,0.005,0.119,0.768
253,26,YNR036C,62,0.003,0.118,0.756
254,26,YNL177C,67,0.004,0.128,0.817
255,26,YDR237W,67,0.005,0.127,0.817
256,26,YDR041W,68,0.006,0.127,0.829
257,26,YER050C,70,0.005,0.132,0.854
258,26,YDL045W-A,65,0.004,0.125,0.793
259,26,YMR024W,63,0.003,0.122,0.768
260,26,YBL090W,67,0.004,0.127,0.817
261,26,YOR150W,69,0.004,0.131,0.841
262,26,YLR439W,68,0.005,0.129,0.829
263,27,YER025W,3,0.000,0.500,1.000
264,27,YPR041W,3,0.000,0.500,1.000
265,27,YJR007W,3,0.000,0.500,1.000
266,27,YPL237W,3,0.000,0.500,1.000
267,28,YGL087C,2,0.000,0.389,0.400
268,28,YER144C,1,0.000,0.214,0.200
269,28,YFR010W,2,0.000,0.389,0.400
270,28,YKL090W,1,0.000,0.214,0.200
271,29,YJR064W,0,0.000,1.000,1.000
272,30,YPR080W,0,0.000,1.000,1.000
273,31,YJL111W,6,0.000,0.378,1.000
274,31,YDL143W,6,0.000,0.378,1.000
275,31,YJL014W,6,0.000,0.378,1.000
276,31,YJL008C,6,0.000,0.378,1.000
277,31,YIL142W,6,0.000,0.378,1.000
278,31,YDR188W,6,0.000,0.378,1.000
279,31,YDR212W,6,0.000,0.378,1.000
280,32,YMR145C,30,0.010,0.174,0.625
281,32,YML120C,29,0.009,0.170,0.604
282,32,YMR256C,26,0.017,0.159,0.542
283,32,YKL141W,21,0.011,0.117,0.438
284,32,Q0120,29,0.014,0.162,0.604
285,32,YDL085W,28,0.012,0.159,0.583
286,32,YGR183C,35,0.013,0.198,0.729
287,32,YGL187C,34,0.017,0.190,0.708
288,32,Q0275,31,0.021,0.172,0.646
289,32,Q0045,29,0.010,0.170,0.604
290,32,YDR529C,36,0.019,0.199,0.750
291,32,YGL191W,30,0.009,0.174,0.625
292,32,YFR033C,35,0.015,0.197,0.729
293,33,YKL087C,1,0.000,0.177,0.167
294,33,YBR024W,2,0.000,0.341,0.333
295,33,YER141W,4,0.167,0.515,0.667
296,33,YBR037C,2,0.000,0.341,0.333
297,33,YDR305C,1,0.000,0.121,0.167
298,34,YLR067C,0,0.000,1.000,1.000
299,35,YPL189C-A,1,0.000,0.114,0.200
300,35,YML129C,4,0.000,0.440,0.800
301,35,YLR203C,4,0.000,0.440,0.800
302,35,YIL157C,4,0.000,0.440,0.800
303,35,YJL062W-A,4,0.000,0.440,0.800
304,36,Q0115,3,0.167,0.557,1.000
305,36,Q0075,3,0.167,0.557,1.000
306,37,YPL234C,22,0.005,0.193,0.710
307,37,YML081C-A,24,0.019,0.195,0.774
308,37,YEL051W,23,0.008,0.200,0.742
309,37,YOR332W,22,0.005,0.193,0.710
310,37,YBR127C,21,0.006,0.183,0.677
311,37,Q0085,24,0.019,0.194,0.774
312,37,YHR039C-A,22,0.005,0.193,0.710
313,37,YDL185W,22,0.007,0.192,0.710
314,37,YBR039W,26,0.019,0.215,0.839
315,38,Q0055,1,0.000,0.707,1.000
316,38,Q0110,1,0.000,0.707,1.000
317,39,YLL018C-A,3,0.167,0.557,1.000
318,39,YLL009C,3,0.167,0.557,1.000
319,40,YDL069C,1,0.000,0.707,1.000
320,40,YDR197W,1,0.000,0.707,1.000
321,41,YGR174C,1,0.000,0.500,0.500
322,41,YBR120C,1,0.000,0.500,0.500
323,42,YGR062C,2,0.000,0.577,1.000
324,42,YDL107W,2,0.000,0.577,1.000
325,42,YOR266W,2,0.000,0.577,1.000
326,43,YEL059C-A,1,0.000,0.707,1.000
327,43,YDR231C,1,0.000,0.707,1.000
328,44,YDR296W,1,0.000,0.707,1.000
329,44,YKL011C,1,0.000,0.707,1.000
330,45,YDR224C,14,0.012,0.217,0.467
331,45,YDR225W,13,0.009,0.206,0.433
332,45,YBL003C,12,0.005,0.194,0.400
333,45,YEL056W,13,0.008,0.214,0.433
334,45,YOR038C,9,0.005,0.122,0.300
335,45,YLL022C,9,0.002,0.161,0.300
336,45,YBR195C,11,0.005,0.176,0.367
337,45,YPR018W,10,0.006,0.160,0.333
338,46,YBR166C,0,0.000,1.000,1.000
339,47,YBR289W,14,0.010,0.154,0.609
340,47,YJL176C,14,0.011,0.153,0.609
341,47,YOR290C,14,0.011,0.153,0.609
342,47,YCR052W,19,0.013,0.235,0.826
343,47,YFR037C,19,0.014,0.234,0.826
344,47,YLR321C,18,0.009,0.227,0.783
345,48,YCR053W,4,0.000,0.447,1.000
346,48,YER052C,4,0.000,0.447,1.000
347,48,YDR158W,4,0.000,0.447,1.000
348,48,YJR139C,4,0.000,0.447,1.000
349,48,YHR025W,4,0.000,0.447,1.000
350,49,YAL043C,18,0.007,0.240,0.545
351,49,YKL059C,18,0.007,0.240,0.545
352,49,YGL044C,18,0.007,0.240,0.545
353,49,YDR228C,18,0.007,0.240,0.545
354,49,YKL018W,17,0.003,0.231,0.515
355,49,YKR002W,17,0.004,0.229,0.515
356,49,YLR115W,18,0.007,0.240,0.545
357,49,YNL222W,17,0.003,0.231,0.515
358,49,YJR093C,17,0.003,0.231,0.515
359,49,YNL317W,17,0.004,0.229,0.515
360,49,YLR277C,18,0.007,0.240,0.545
361,49,YML057W,7,0.003,0.021,0.212
362,49,YDR301W,18,0.007,0.240,0.545
363,49,YPR107C,18,0.007,0.240,0.545
364,49,YDR195W,17,0.003,0.231,0.515
365,49,YOR179C,17,0.003,0.231,0.515
366,50,YPL138C,6,0.000,0.378,1.000
367,50,YBR175W,6,0.000,0.378,1.000
368,50,YLR015W,6,0.000,0.378,1.000
369,50,YHR119W,6,0.000,0.378,1.000
370,50,YDR469W,6,0.000,0.378,1.000
371,50,YBR258C,6,0.000,0.378,1.000
372,50,YAR003W,6,0.000,0.378,1.000
373,51,YFL013C,19,0.001,0.184,0.260
374,51,YGR080W,10,0.005,0.044,0.137
375,51,YOR189W,19,0.001,0.183,0.260
376,51,YOR122C,16,0.004,0.063,0.219
377,51,YGL150C,21,0.003,0.194,0.288
378,51,YJL020C,9,0.002,0.024,0.123
379,51,YLR370C,10,0.005,0.043,0.137
380,51,YNL059C,17,0.002,0.159,0.233
381,51,YMR092C,11,0.005,0.045,0.151
382,51,YIL159W,10,0.001,0.045,0.137
383,51,YBR234C,9,0.002,0.042,0.123
384,51,YOR141C,13,0.001,0.120,0.178
385,51,YDR485C,20,0.002,0.194,0.274
386,51,YLR052W,20,0.001,0.192,0.274
387,51,YPR023C,16,0.001,0.131,0.219
388,51,YDL002C,19,0.001,0.184,0.260
389,51,YDR334W,22,0.005,0.206,0.301
390,51,YIL034C,11,0.001,0.051,0.151
391,52,YNL138W-A,55,0.005,0.122,0.591
392,52,YGR129W,55,0.007,0.118,0.591
393,52,YDR473C,48,0.005,0.104,0.516
394,52,YPL151C,51,0.003,0.114,0.548
395,52,YOR319W,64,0.009,0.135,0.688
396,52,YBR065C,50,0.003,0.112,0.538
397,52,YGL174W,47,0.003,0.107,0.505
398,52,YGR013W,34,0.005,0.073,0.366
399,52,YPR094W,61,0.007,0.131,0.656
400,52,YER013W,40,0.003,0.088,0.430
401,52,YPR101W,42,0.005,0.090,0.452
402,52,YAL032C,54,0.005,0.119,0.581
403,52,YDL209C,52,0.010,0.112,0.559
404,52,YDR416W,61,0.009,0.130,0.656
405,52,YGR006W,49,0.006,0.101,0.527
406,52,YKR086W,40,0.003,0.086,0.430
407,52,YNR011C,46,0.007,0.105,0.495
408,52,YDL030W,62,0.007,0.133,0.667
409,52,YBR055C,43,0.003,0.093,0.462
410,52,YDL087C,37,0.005,0.082,0.398
411,52,YIR005W,47,0.003,0.109,0.505
412,52,YIR009W,65,0.009,0.137,0.699
413,52,YDR163W,49,0.003,0.109,0.527
414,53,YOR184W,1,0.000,0.707,1.000
415,53,YGR208W,1,0.000,0.707,1.000
416,54,YMR125W,1,0.000,0.500,0.500
417,54,YPR057W,1,0.000,0.500,0.500
418,55,YMR201C,12,0.008,0.071,0.211
419,55,YPL024W,17,0.005,0.134,0.298
420,55,YGL163C,28,0.015,0.202,0.491
421,55,YLR234W,20,0.006,0.153,0.351
422,55,YKL113C,26,0.014,0.188,0.456
423,55,YDR004W,23,0.009,0.174,0.404
424,55,YER173W,18,0.005,0.138,0.316
425,55,YOR144C,13,0.004,0.099,0.228
426,55,YHR154W,17,0.006,0.127,0.298
427,55,YPL167C,20,0.014,0.143,0.351
428,55,YBL088C,19,0.010,0.138,0.333
429,55,YCR066W,15,0.011,0.099,0.263
430,55,YLR032W,16,0.010,0.110,0.281
431,55,YMR224C,15,0.005,0.125,0.263
432,56,YMR061W,1,0.000,0.707,1.000
433,56,YBL051C,1,0.000,0.707,1.000
434,57,YDR370C,1,0.000,0.500,0.500
435,57,YGL246C,1,0.000,0.500,0.500
436,58,YJL168C,0,0.000,1.000,1.000
437,59,YDR300C,5,0.000,0.378,0.833
438,59,YHR033W,3,0.000,0.235,0.500
439,59,YER023W,5,0.000,0.378,0.833
440,59,YLR438W,6,0.067,0.415,1.000
441,59,YOR323C,6,0.067,0.415,1.000
442,59,YHR037W,6,0.067,0.415,1.000
443,59,YLR142W,5,0.000,0.378,0.833
444,60,YKL020C,1,0.000,0.116,0.056
445,60,YBL101C,2,0.000,0.195,0.111
446,60,YIR033W,1,0.000,0.116,0.056
447,60,YGR068C,1,0.000,0.116,0.056
448,60,YFR022W,2,0.000,0.195,0.111
449,60,YKR021W,3,0.000,0.242,0.167
450,60,YBR021W,1,0.000,0.116,0.056
451,60,YGR055W,1,0.000,0.079,0.056
452,60,YOR138C,1,0.000,0.116,0.056
453,60,YMR275C,3,0.000,0.249,0.167
454,60,YMR171C,1,0.000,0.116,0.056
455,60,YML111W,2,0.000,0.170,0.111
456,60,YOR018W,3,0.000,0.242,0.167
457,60,YPR030W,1,0.000,0.116,0.056
458,60,YPL176C,1,0.000,0.116,0.056
459,60,YLR392C,1,0.000,0.116,0.056
460,61,YMR100W,1,0.000,0.282,0.333
461,61,YDL074C,2,0.000,0.523,0.667
462,61,YPL055C,2,0.000,0.523,0.667
463,62,YJL197W,1,0.000,0.154,0.143
464,62,YJR099W,3,0.000,0.404,0.429
465,62,YDL122W,1,0.000,0.154,0.143
466,62,YBR058C,4,0.095,0.474,0.571
467,62,YHL013C,3,0.000,0.404,0.429
468,62,YNR051C,1,0.000,0.090,0.143
469,63,YJL002C,10,0.010,0.319,0.909
470,63,YOR103C,10,0.010,0.319,0.909
471,63,YDL232W,10,0.010,0.319,0.909
472,63,YEL002C,10,0.010,0.319,0.909
473,63,YGL022W,10,0.010,0.319,0.909
474,64,YMR138W,6,0.020,0.277,0.600
475,64,YOR265W,8,0.039,0.361,0.800
476,64,YOR349W,8,0.039,0.361,0.800
477,65,YOR262W,1,0.000,0.707,1.000
478,65,YDR527W,1,0.000,0.707,1.000
479,66,YPL087W,9,0.026,0.297,0.692
480,66,YKR053C,9,0.025,0.298,0.692
481,66,YJL134W,9,0.025,0.298,0.692
482,66,YLR260W,10,0.042,0.318,0.769
483,66,YOR171C,10,0.042,0.318,0.769
484,67,YDL114W,1,0.000,0.707,1.000
485,67,YDR541C,1,0.000,0.707,1.000
486,68,YJL100W,7,0.001,0.320,0.438
487,68,YNL128W,6,0.000,0.285,0.375
488,68,YBR058C-A,5,0.000,0.138,0.312
489,68,YPL268W,7,0.001,0.320,0.438
490,68,YDR062W,5,0.000,0.138,0.312
491,68,YOR109W,7,0.001,0.320,0.438
492,68,YLR350W,5,0.000,0.138,0.312
493,68,YNL106C,7,0.001,0.320,0.438
494,68,YDR372C,1,0.000,0.061,0.062
495,68,YHR073W,2,0.000,0.078,0.125
496,68,YGR038W,5,0.000,0.138,0.312
497,68,YJR110W,6,0.000,0.285,0.375
498,68,YMR296C,5,0.000,0.138,0.312
499,68,YOL065C,1,0.000,0.061,0.062
500,69,YOL088C,6,0.002,0.160,0.222
501,69,YHR079C,5,0.003,0.151,0.185
502,69,YGR284C,9,0.030,0.253,0.333
503,69,YDR518W,7,0.008,0.199,0.259
504,69,YHR204W,4,0.011,0.124,0.148
505,69,YDR086C,6,0.005,0.154,0.222
506,69,YPL094C,8,0.010,0.221,0.296
507,70,YDL020C,1,0.000,0.500,0.500
508,70,YGL017W,1,0.000,0.500,0.500
509,71,YML007W,2,0.000,0.577,1.000
510,71,YIR037W,2,0.000,0.577,1.000
511,71,YBR216C,2,0.000,0.577,1.000
512,72,YOR117W,39,0.007,0.170,0.886
513,72,YOR362C,37,0.006,0.164,0.841
514,72,YPR103W,37,0.006,0.164,0.841
515,72,YER094C,37,0.006,0.164,0.841
516,72,YDR394W,38,0.005,0.167,0.864
517,72,YOR261C,38,0.005,0.167,0.864
518,72,YDL007W,39,0.007,0.170,0.886
519,72,YHR200W,39,0.007,0.170,0.886
520,72,YKL145W,39,0.007,0.170,0.886
521,72,YDL147W,39,0.007,0.170,0.886
522,72,YLR421C,38,0.005,0.167,0.864
523,72,YBL041W,37,0.006,0.164,0.841
524,72,YGL011C,37,0.006,0.164,0.841
525,72,YGL048C,39,0.007,0.170,0.886
526,72,YOR259C,39,0.007,0.170,0.886
527,72,YHR027C,38,0.005,0.167,0.864
528,73,YJR066W,10,0.037,0.302,0.833
529,73,YHR186C,10,0.037,0.302,0.833
530,73,YJL058C,10,0.016,0.315,0.833
531,73,YNL006W,10,0.016,0.315,0.833
532,73,YOL078W,10,0.016,0.315,0.833
533,73,YMR068W,10,0.016,0.315,0.833
534,73,YER093C,10,0.016,0.315,0.833
535,74,YDR466W,1,0.000,0.707,1.000
536,74,YBL105C,1,0.000,0.707,1.000
537,75,YCR021C,2,0.000,0.577,1.000
538,75,YCR027C,2,0.000,0.577,1.000
539,75,YNL270C,2,0.000,0.577,1.000
540,76,YDL047W,0,0.000,1.000,1.000
541,77,YIL153W,12,0.019,0.296,0.571
542,77,YDR075W,11,0.010,0.281,0.524
543,77,YML109W,5,0.012,0.120,0.238
544,77,YMR028W,10,0.017,0.243,0.476
545,77,YPL152W,12,0.019,0.296,0.571
546,78,YDR211W,5,0.000,0.405,0.833
547,78,YOR260W,5,0.000,0.405,0.833
548,78,YDR283C,5,0.000,0.405,0.833
549,78,YGR083C,5,0.000,0.405,0.833
550,78,YGL230C,1,0.000,0.083,0.167
551,78,YKR026C,5,0.000,0.405,0.833
552,79,YGR249W,0,0.000,0.500,0.000
553,79,YGL073W,0,0.000,0.500,0.000
554,79,YJR147W,0,0.000,0.500,0.000
555,79,YHR206W,0,0.000,0.500,0.000
556,80,YNL223W,11,0.017,0.257,0.458
557,80,YPL149W,11,0.010,0.264,0.458
558,80,YPR185W,10,0.014,0.236,0.417
559,80,YBR217W,11,0.011,0.260,0.458
560,80,YLR423C,9,0.007,0.213,0.375
561,80,YPL166W,10,0.013,0.229,0.417
562,80,YDR022C,8,0.004,0.203,0.333
563,81,YKL033W,7,0.084,0.406,0.778
564,81,YCR060W,5,0.079,0.296,0.556
565,82,YML121W,4,0.167,0.510,1.000
566,82,YBR077C,3,0.000,0.439,0.750
567,82,YGR163W,4,0.167,0.510,1.000
568,82,YCR075W-A,3,0.000,0.439,0.750
569,82,YGL023C,2,0.000,0.307,0.500
570,83,YGL064C,1,0.000,0.226,0.167
571,83,YKR059W,1,0.000,0.226,0.167
572,83,YPL119C,2,0.000,0.347,0.333
573,83,YOR276W,2,0.000,0.347,0.333
574,83,YOR204W,2,0.000,0.347,0.333
575,83,YCL037C,2,0.000,0.347,0.333
576,84,YMR104C,1,0.000,0.707,1.000
577,84,YMR103C,1,0.000,0.707,1.000
578,85,YMR106C,6,0.033,0.405,1.000
579,85,YMR284W,6,0.033,0.405,1.000
580,85,YCR014C,6,0.033,0.405,1.000
581,85,YOR005C,6,0.033,0.405,1.000
582,86,YHR057C,1,0.000,0.271,0.250
583,86,YML078W,1,0.000,0.271,0.250
584,86,YGR037C,2,0.000,0.473,0.500
585,86,YLR179C,2,0.000,0.473,0.500
586,87,YKL161C,4,0.052,0.318,0.571
587,87,YOR231W,5,0.040,0.414,0.714
588,88,YJR155W,3,0.000,0.298,0.500
589,88,YJR154W,3,0.000,0.298,0.500
590,88,YGR286C,3,0.000,0.317,0.500
591,88,YGR065C,3,0.000,0.317,0.500
592,88,YNR057C,4,0.022,0.377,0.667
593,89,YDR232W,7,0.000,0.351,0.778
594,89,YOR278W,7,0.000,0.351,0.778
595,89,YDR047W,7,0.000,0.351,0.778
596,89,YOR176W,7,0.000,0.351,0.778
597,89,YDL119C,1,0.000,0.051,0.111
598,89,YDL205C,7,0.000,0.351,0.778
599,89,YGL040C,7,0.000,0.351,0.778
600,89,YLR205C,1,0.000,0.051,0.111
601,90,YIL003W,6,0.013,0.392,1.000
602,90,YIL128W,6,0.013,0.392,1.000
603,90,YGL091C,6,0.013,0.392,1.000
604,90,YHR122W,6,0.013,0.392,1.000
605,90,YNL240C,6,0.013,0.392,1.000
606,91,YBL014C,6,0.000,0.378,1.000
607,91,YML043C,6,0.000,0.378,1.000
608,91,YOR295W,6,0.000,0.378,1.000
609,91,YLR141W,6,0.000,0.378,1.000
610,91,YBL025W,6,0.000,0.378,1.000
611,91,YJL025W,6,0.000,0.378,1.000
612,91,YMR270C,6,0.000,0.378,1.000
613,92,YIL036W,1,0.000,0.500,0.500
614,92,YDR034C,1,0.000,0.500,0.500
615,93,YBR017C,10,0.032,0.316,0.769
616,93,YGL241W,10,0.033,0.310,0.769
617,93,YPL125W,9,0.021,0.293,0.692
618,94,YOL012C,0,0.000,1.000,1.000
619,95,YBR019C,6,0.033,0.405,1.000
620,95,YML051W,6,0.033,0.405,1.000
621,95,YBR020W,6,0.033,0.405,1.000
622,95,YDR009W,6,0.033,0.405,1.000
623,96,YBL091C,2,0.000,0.523,0.667
624,96,YHR112C,2,0.000,0.523,0.667
625,96,YNR029C,1,0.000,0.282,0.333
626,97,YHR013C,8,0.085,0.358,0.727
627,97,YEL053C,8,0.094,0.364,0.727
628,97,YPR051W,8,0.094,0.364,0.727
629,97,YOR253W,8,0.085,0.358,0.727
630,98,YOR091W,3,0.033,0.384,0.500
631,98,YGR173W,3,0.067,0.417,0.500
632,99,YNL315C,1,0.000,0.500,0.500
633,99,YIL098C,1,0.000,0.500,0.500
634,100,YOL027C,1,0.000,0.707,1.000
635,100,YER154W,1,0.000,0.707,1.000
636,101,YMR228W,1,0.000,0.408,0.333
637,101,YDL044C,1,0.000,0.408,0.333
638,101,YOR330C,1,0.000,0.408,0.333
639,102,YLR393W,1,0.000,0.707,1.000
640,102,YNR020C,1,0.000,0.707,1.000
641,103,YHR060W,2,0.000,0.218,0.286
642,103,YKL119C,2,0.000,0.218,0.286
643,103,YHR132C,1,0.000,0.144,0.143
644,103,YGR106C,3,0.000,0.422,0.429
645,103,YGR105W,3,0.000,0.422,0.429
646,103,YOR161C,1,0.000,0.144,0.143
647,104,YLR056W,15,0.017,0.186,0.600
648,104,YMR202W,15,0.017,0.186,0.600
649,104,YLR100W,17,0.016,0.212,0.680
650,104,YPL117C,16,0.011,0.194,0.640
651,104,YJL167W,17,0.014,0.206,0.680
652,104,YPL028W,17,0.017,0.207,0.680
653,104,YGL001C,18,0.011,0.228,0.720
654,105,YMR101C,5,0.052,0.276,0.500
655,105,YBR002C,5,0.052,0.276,0.500
656,105,YMR274C,6,0.050,0.331,0.600
657,105,YDL193W,5,0.052,0.276,0.500
658,106,YLR201C,9,0.004,0.321,0.750
659,106,YML110C,9,0.004,0.321,0.750
660,106,YBR003W,9,0.004,0.321,0.750
661,106,YNR041C,9,0.040,0.305,0.750
662,106,YGL119W,9,0.040,0.305,0.750
663,106,YDR204W,9,0.004,0.321,0.750
664,107,YOR156C,8,0.000,0.331,0.800
665,107,YDR390C,8,0.000,0.331,0.800
666,107,YIL031W,8,0.000,0.331,0.800
667,107,YEL019C,8,0.000,0.331,0.800
668,107,YDR409W,8,0.000,0.331,0.800
669,107,YLL035W,2,0.000,0.049,0.200
670,107,YDL064W,8,0.000,0.331,0.800
671,107,YDR510W,8,0.000,0.331,0.800
672,107,YPR180W,8,0.000,0.331,0.800
673,107,YKR063C,2,0.000,0.049,0.200
674,108,YKL068W,25,0.009,0.192,0.694
675,108,YER107C,24,0.006,0.186,0.667
676,108,YDL116W,26,0.009,0.196,0.722
677,108,YDL088C,27,0.013,0.202,0.750
678,108,YDR002W,12,0.009,0.074,0.333
679,108,YML103C,24,0.011,0.180,0.667
680,108,YJL061W,22,0.008,0.172,0.611
681,108,YMR129W,22,0.008,0.165,0.611
682,108,YGL092W,28,0.011,0.209,0.778
683,108,YJL039C,26,0.007,0.199,0.722
684,109,YBR082C,2,0.000,0.577,1.000
685,109,YDR177W,2,0.000,0.577,1.000
686,109,YDR059C,2,0.000,0.577,1.000
687,110,YBR088C,0,0.000,1.000,1.000
688,111,YDR451C,3,0.083,0.470,0.750
689,111,YML027W,3,0.083,0.470,0.750
690,112,YIL026C,12,0.054,0.282,0.750
691,112,YDL105W,10,0.028,0.243,0.625
692,112,YLR007W,9,0.017,0.219,0.562
693,112,YDL003W,13,0.054,0.312,0.812
694,112,YDR288W,9,0.017,0.219,0.562
695,113,YPL247C,1,0.000,0.500,0.500
696,113,YJL142C,1,0.000,0.500,0.500
697,114,YPL181W,19,0.010,0.242,0.760
698,114,YKL185W,16,0.009,0.200,0.640
699,114,YPL139C,20,0.017,0.248,0.800
700,114,YNL097C,19,0.012,0.241,0.760
701,114,YIL084C,19,0.012,0.241,0.760
702,114,YDL076C,19,0.010,0.242,0.760
703,115,YLR394W,6,0.019,0.213,0.300
704,115,YIL072W,5,0.021,0.143,0.250
705,115,YGL251C,7,0.017,0.251,0.350
706,115,YOR351C,6,0.032,0.156,0.300
707,115,YER179W,8,0.029,0.254,0.400
708,115,YBR186W,7,0.018,0.246,0.350
709,116,YDL102W,33,0.010,0.131,0.579
710,116,YNL273W,31,0.015,0.122,0.544
711,116,YJL072C,34,0.005,0.144,0.596
712,116,YJR006W,23,0.004,0.095,0.404
713,116,YCL016C,25,0.009,0.106,0.439
714,116,YNL312W,27,0.005,0.114,0.474
715,116,YDR013W,37,0.008,0.154,0.649
716,116,YJR068W,35,0.007,0.143,0.614
717,116,YDR489W,35,0.005,0.148,0.614
718,116,YKL045W,40,0.015,0.160,0.702
719,116,YJL090C,31,0.005,0.130,0.544
720,116,YPR175W,41,0.012,0.168,0.719
721,116,YBR060C,36,0.006,0.153,0.632
722,116,YNL261W,35,0.005,0.150,0.614
723,117,YOR185C,1,0.000,0.707,1.000
724,117,YLR293C,1,0.000,0.707,1.000
725,118,YDR325W,10,0.012,0.300,0.833
726,118,YNL088W,10,0.012,0.300,0.833
727,118,YGR188C,10,0.037,0.285,0.833
728,118,YEL061C,11,0.032,0.317,0.917
729,118,YBL063W,10,0.012,0.300,0.833
730,118,YJL013C,10,0.037,0.285,0.833
731,119,YEL012W,1,0.000,0.707,1.000
732,119,YKL210W,1,0.000,0.707,1.000
733,120,YGL100W,7,0.000,0.319,0.500
734,120,YOL138C,7,0.000,0.319,0.500
735,120,YBL104C,8,0.011,0.343,0.571
736,120,YKL176C,2,0.000,0.080,0.143
737,120,YNR026C,3,0.000,0.078,0.214
738,120,YHL023C,7,0.000,0.319,0.500
739,120,YPL085W,4,0.004,0.087,0.286
740,120,YEL062W,8,0.011,0.343,0.571
741,120,YCR067C,3,0.000,0.078,0.214
742,120,YHR035W,2,0.000,0.066,0.143
743,120,YJR138W,7,0.000,0.319,0.500
744,120,YDR128W,8,0.011,0.343,0.571
745,121,YLR247C,1,0.000,0.707,1.000
746,121,YDR092W,1,0.000,0.707,1.000
747,122,YML011C,1,0.000,0.707,1.000
748,122,YDR314C,1,0.000,0.707,1.000
749,123,YNL021W,2,0.000,0.577,1.000
750,123,YDR295C,2,0.000,0.577,1.000
751,123,YPR179C,2,0.000,0.577,1.000
752,124,YOL149W,7,0.114,0.400,0.778
753,124,YNL118C,6,0.017,0.380,0.667
754,124,YJL124C,6,0.017,0.380,0.667
755,124,YGL173C,6,0.017,0.380,0.667
756,124,YEL015W,7,0.114,0.400,0.778
757,125,YDR091C,2,0.000,0.577,1.000
758,125,YJR067C,2,0.000,0.577,1.000
759,125,YNL260C,2,0.000,0.577,1.000
760,126,YLL026W,3,0.083,0.557,0.750
761,126,YDR258C,2,0.000,0.435,0.500
762,126,YNL064C,2,0.000,0.435,0.500
763,126,YNL007C,3,0.083,0.557,0.750
764,126,YNL077W,0,0.000,0.000,0.000
765,127,YLR351C,5,0.002,0.277,0.500
766,127,YDR111C,6,0.002,0.327,0.600
767,127,YAL062W,7,0.011,0.364,0.700
768,127,YOR375C,7,0.011,0.364,0.700
769,127,YGR124W,3,0.002,0.131,0.300
770,127,YDL215C,7,0.011,0.364,0.700
771,127,YPR145W,3,0.002,0.131,0.300
772,127,YLR089C,6,0.002,0.327,0.600
773,127,YDR321W,2,0.002,0.111,0.200
774,128,YDL021W,11,0.013,0.244,0.733
775,128,YOL056W,11,0.013,0.244,0.733
776,128,YKL060C,13,0.030,0.286,0.867
777,128,YHR174W,12,0.022,0.268,0.800
778,128,YGR254W,12,0.022,0.268,0.800
779,129,YEL046C,1,0.000,0.500,0.500
780,129,YPL113C,1,0.000,0.500,0.500
781,130,YOR130C,3,0.000,0.235,0.500
782,130,YOL140W,5,0.000,0.378,0.833
783,130,YHR018C,6,0.067,0.415,1.000
784,130,YJL071W,5,0.000,0.378,0.833
785,130,YJL088W,5,0.000,0.378,0.833
786,130,YMR062C,6,0.067,0.415,1.000
787,130,YER069W,6,0.067,0.415,1.000
788,131,YPL262W,3,0.167,0.557,1.000
789,131,YOR142W,3,0.167,0.557,1.000
790,132,YIL020C,2,0.000,0.097,0.143
791,132,YDR354W,2,0.000,0.115,0.143
792,132,YNL316C,3,0.000,0.201,0.214
793,132,YDR035W,5,0.000,0.297,0.357
794,132,YDR127W,5,0.000,0.297,0.357
795,132,YBR249C,5,0.000,0.297,0.357
796,132,YMR289W,2,0.000,0.111,0.143
797,132,YBR248C,3,0.005,0.131,0.214
798,132,YNR033W,4,0.011,0.219,0.286
799,132,YBR235W,1,0.000,0.076,0.071
800,132,YOR348C,1,0.000,0.076,0.071
801,133,YCL030C,3,0.167,0.557,1.000
802,133,YIL116W,3,0.167,0.557,1.000
803,134,YGL026C,0,0.000,1.000,1.000
804,135,YMR300C,1,0.000,0.707,1.000
805,135,YGR061C,1,0.000,0.707,1.000
806,136,YKL109W,3,0.000,0.500,1.000
807,136,YBL021C,3,0.000,0.500,1.000
808,136,YOR358W,3,0.000,0.500,1.000
809,136,YGL237C,3,0.000,0.500,1.000
810,137,YIR029W,2,0.000,0.523,0.667
811,137,YIR028W,2,0.000,0.523,0.667
812,137,YMR292W,1,0.000,0.282,0.333
813,138,YEL026W,0,0.000,1.000,1.000
814,139,YKR084C,0,0.000,1.000,1.000
815,140,YBR213W,4,0.000,0.265,0.400
816,140,YCL050C,2,0.000,0.082,0.200
817,140,YFR030W,6,0.028,0.372,0.600
818,140,YJR137C,6,0.028,0.372,0.600
819,140,YNL277W,5,0.000,0.333,0.500
820,140,YCL007C,1,0.000,0.068,0.100
821,140,YDR530C,2,0.000,0.082,0.200
822,140,YOL064C,3,0.000,0.206,0.300
823,141,YNL103W,4,0.056,0.479,1.000
824,141,YIR017C,4,0.056,0.479,1.000
825,141,YJR060W,4,0.056,0.479,1.000
826,142,YGR012W,8,0.004,0.261,0.667
827,142,YLR303W,10,0.008,0.318,0.833
828,142,YML082W,10,0.008,0.318,0.833
829,142,YJR130C,9,0.004,0.293,0.750
830,142,YAL012W,10,0.008,0.318,0.833
831,142,YGL184C,9,0.004,0.293,0.750
832,142,YGR155W,9,0.004,0.293,0.750
833,142,YLL058W,10,0.008,0.318,0.833
834,142,YFR055W,8,0.004,0.261,0.667
835,143,YLR092W,2,0.000,0.577,1.000
836,143,YGR125W,2,0.000,0.577,1.000
837,143,YBR294W,2,0.000,0.577,1.000
838,144,YKR069W,0,0.000,1.000,1.000
839,145,YGR093W,1,0.000,0.707,1.000
840,145,YKL149C,1,0.000,0.707,1.000
841,146,YGR287C,2,0.028,0.250,0.200
842,146,YIL099W,4,0.085,0.308,0.400
843,146,YIL172C,2,0.028,0.250,0.200
844,147,YBR298C,3,0.000,0.439,0.750
845,147,YBR297W,3,0.000,0.439,0.750
846,147,YGR288W,2,0.000,0.307,0.500
847,147,YBR299W,4,0.167,0.510,1.000
848,147,YGR292W,4,0.167,0.510,1.000
849,148,YDR342C,2,0.000,0.134,0.286
850,148,YDR343C,2,0.000,0.134,0.286
851,148,YDR516C,3,0.000,0.293,0.429
852,148,YMR099C,5,0.032,0.429,0.714
853,148,YCL040W,5,0.032,0.429,0.714
854,148,YGL253W,4,0.000,0.376,0.571
855,148,YLR446W,4,0.000,0.376,0.571
856,149,YLR327C,2,0.000,0.307,0.500
857,149,YER053C,3,0.000,0.439,0.750
858,149,YEL011W,4,0.167,0.510,1.000
859,149,YER067W,4,0.167,0.510,1.000
860,149,YLR258W,3,0.000,0.439,0.750
861,150,YGR044C,1,0.000,0.500,0.500
862,150,YMR139W,1,0.000,0.500,0.500
863,151,YJL137C,3,0.000,0.315,0.375
864,151,YAL017W,1,0.000,0.126,0.125
865,151,YKR058W,2,0.000,0.240,0.250
866,151,YPR160W,3,0.000,0.315,0.375
867,151,YOL045W,1,0.000,0.126,0.125
868,151,YGR032W,3,0.000,0.315,0.375
869,151,YMR306W,3,0.000,0.315,0.375
870,152,YIL136W,13,0.003,0.188,0.302
871,152,YIL101C,3,0.002,0.035,0.070
872,152,YBR072W,10,0.003,0.139,0.233
873,152,YHR087W,17,0.015,0.215,0.395
874,152,YKL151C,9,0.006,0.127,0.209
875,152,YDR070C,14,0.005,0.190,0.326
876,152,YNL194C,4,0.002,0.058,0.093
877,152,YNL274C,8,0.002,0.126,0.186
878,152,YDL204W,15,0.015,0.200,0.349
879,152,YLR251W,7,0.003,0.096,0.163
880,152,YBR001C,6,0.002,0.051,0.140
881,153,YER008C,11,0.005,0.293,0.579
882,153,YIL068C,11,0.014,0.291,0.579
883,153,YBR102C,11,0.014,0.288,0.579
884,153,YLR166C,11,0.005,0.293,0.579
885,153,YJL085W,11,0.014,0.288,0.579
886,153,YDR166C,11,0.014,0.291,0.579
887,154,YDL190C,9,0.029,0.146,0.333
888,154,YKL213C,8,0.004,0.159,0.296
889,154,YBR201W,11,0.003,0.244,0.407
890,154,YLR207W,11,0.003,0.244,0.407
891,154,YBL058W,10,0.018,0.177,0.370
892,154,YMR067C,9,0.025,0.156,0.333
893,154,YDR330W,7,0.008,0.130,0.259
894,155,YFR042W,3,0.025,0.097,0.273
895,155,YOR067C,8,0.066,0.372,0.727
896,155,YGL226C-A,6,0.025,0.295,0.545
897,155,YOR002W,8,0.066,0.372,0.727
898,156,YKR028W,3,0.000,0.297,0.429
899,156,YJL126W,1,0.000,0.102,0.143
900,156,YIL109C,6,0.095,0.455,0.857
901,156,YJL098W,3,0.000,0.297,0.429
902,156,YNL049C,6,0.095,0.455,0.857
903,156,YFR040W,3,0.000,0.297,0.429
904,156,YGL229C,3,0.000,0.297,0.429
905,157,YBL040C,0,0.000,1.000,1.000
906,158,YPR181C,0,0.000,1.000,1.000
907,159,YDR221W,1,0.000,0.500,0.500
908,159,YNL322C,1,0.000,0.500,0.500
909,160,YGL116W,14,0.014,0.203,0.359
910,160,YPL219W,12,0.013,0.183,0.308
911,160,YLR079W,14,0.018,0.205,0.359
912,160,YER111C,13,0.026,0.156,0.333
913,160,YER059W,12,0.013,0.183,0.308
914,160,YDL056W,9,0.021,0.106,0.231
915,160,YOR083W,8,0.010,0.104,0.205
916,160,YPR120C,11,0.015,0.163,0.282
917,160,YJL187C,13,0.020,0.197,0.333
918,160,YOL001W,13,0.021,0.189,0.333
919,161,YPL216W,1,0.000,0.083,0.167
920,161,YMR044W,5,0.000,0.405,0.833
921,161,YGL133W,5,0.000,0.405,0.833
922,161,YLR095C,5,0.000,0.405,0.833
923,161,YJL065C,5,0.000,0.405,0.833
924,161,YFR013W,5,0.000,0.405,0.833
925,162,YJR057W,4,0.000,0.419,0.800
926,162,YER070W,4,0.000,0.419,0.800
927,162,YML058W-A,2,0.000,0.220,0.400
928,162,YGR180C,4,0.000,0.419,0.800
929,163,YER116C,2,0.000,0.577,1.000
930,163,YDL013W,2,0.000,0.577,1.000
931,163,YFL009W,2,0.000,0.577,1.000
932,164,YIL106W,7,0.030,0.297,0.538
933,164,YHR152W,7,0.045,0.282,0.538
934,164,YAL024C,7,0.027,0.301,0.538
935,165,YMR001C,1,0.000,0.707,1.000
936,165,YGR098C,1,0.000,0.707,1.000
937,166,YBR156C,3,0.000,0.439,0.750
938,166,YIL144W,2,0.000,0.307,0.500
939,166,YHR199C-A,3,0.000,0.439,0.750
940,166,YPL209C,4,0.167,0.510,1.000
941,166,YJR089W,4,0.167,0.510,1.000
942,167,YDR201W,12,0.013,0.118,0.353
943,167,YFR046C,8,0.011,0.095,0.235
944,167,YMR117C,9,0.015,0.088,0.265
945,167,YDR016C,12,0.014,0.130,0.353
946,167,YGR179C,15,0.014,0.222,0.441
947,167,YPL018W,16,0.019,0.232,0.471
948,167,YOL069W,9,0.020,0.100,0.265
949,167,YJR135C,14,0.019,0.206,0.412
950,167,YGL093W,9,0.009,0.081,0.265
951,168,YOR074C,0,0.000,1.000,1.000
952,169,YPL015C,0,0.000,0.000,0.000
953,169,YLR442C,1,0.000,0.707,0.500
954,169,YDL042C,1,0.000,0.707,0.500
955,170,YMR110C,0,0.000,0.408,0.000
956,170,YPL061W,0,0.000,0.408,0.000
957,170,YOR374W,0,0.000,0.408,0.000
958,170,YER073W,0,0.000,0.408,0.000
959,170,YMR169C,0,0.000,0.408,0.000
960,170,YMR170C,0,0.000,0.408,0.000
961,171,YOL059W,4,0.033,0.468,0.800
962,171,YDL022W,4,0.033,0.468,0.800
963,172,YJL102W,1,0.000,0.707,1.000
964,172,YOR187W,1,0.000,0.707,1.000
965,173,YGR193C,3,0.100,0.454,0.600
966,174,YKR087C,1,0.000,0.408,0.333
967,174,YKR066C,1,0.000,0.408,0.333
968,174,YPL246C,1,0.000,0.408,0.333
969,175,YGR231C,2,0.000,0.577,1.000
970,175,YIL114C,2,0.000,0.577,1.000
971,175,YGR132C,2,0.000,0.577,1.000
972,176,YJR077C,0,0.000,1.000,1.000
973,177,YLL006W,13,0.009,0.170,0.406
974,177,YNL026W,16,0.015,0.186,0.500
975,177,YJL143W,16,0.017,0.198,0.500
976,177,YDL217C,15,0.015,0.189,0.469
977,177,YIL022W,16,0.017,0.198,0.500
978,177,YGR082W,20,0.034,0.245,0.625
979,177,YMR056C,11,0.010,0.139,0.344
980,177,YJL104W,13,0.009,0.157,0.406
981,177,YHR083W,15,0.009,0.174,0.469
982,178,YGR264C,23,0.021,0.221,0.605
983,178,YOL033W,15,0.017,0.111,0.395
984,178,YHR020W,20,0.011,0.199,0.526
985,178,YGL245W,24,0.019,0.232,0.632
986,178,YGR094W,18,0.016,0.172,0.474
987,178,YHR011W,13,0.011,0.110,0.342
988,178,YNL073W,17,0.010,0.167,0.447
989,178,YLL018C,13,0.013,0.134,0.342
990,178,YOL097C,18,0.012,0.178,0.474
991,178,YER087W,16,0.014,0.142,0.421
992,179,YNL117W,8,0.054,0.308,0.571
993,179,YIR031C,8,0.054,0.308,0.571
994,179,YLR153C,8,0.023,0.327,0.571
995,179,YIL094C,5,0.003,0.148,0.357
996,179,YDR234W,5,0.003,0.148,0.357
997,179,YNR050C,5,0.003,0.148,0.357
998,179,YKR097W,5,0.004,0.189,0.357
999,180,YPL029W,1,0.000,0.707,1.000
1000,180,YOR017W,1,0.000,0.707,1.000
1001,181,YOR257W,1,0.000,0.707,1.000
1002,181,YOL072W,1,0.000,0.707,1.000
1003,182,YHR167W,8,0.015,0.312,0.667
1004,182,YDL084W,10,0.053,0.364,0.833
1005,182,YNL139C,10,0.053,0.364,0.833
1006,182,YPL169C,6,0.015,0.231,0.500
1007,182,YDR138W,10,0.053,0.364,0.833
1008,182,YDR159W,6,0.015,0.231,0.500
1009,183,YEL037C,0,0.000,1.000,1.000
1010,184,YLR376C,5,0.000,0.370,0.714
1011,184,YJR052W,3,0.000,0.199,0.429
1012,184,YHL006C,5,0.000,0.370,0.714
1013,184,YBR114W,3,0.000,0.199,0.429
1014,184,YDR078C,5,0.000,0.370,0.714
1015,184,YIL132C,5,0.000,0.370,0.714
1016,185,YAL047C,6,0.067,0.409,0.857
1017,185,YNL225C,4,0.016,0.278,0.571
1018,186,YJR084W,1,0.000,0.707,1.000
1019,186,YPR045C,1,0.000,0.707,1.000
1020,187,YLR457C,3,0.083,0.470,0.750
1021,187,YLL003W,3,0.083,0.470,0.750
1022,188,YLR253W,1,0.000,0.408,0.333
1023,188,YHR105W,1,0.000,0.408,0.333
1024,188,YLL040C,1,0.000,0.408,0.333
1025,189,YPL253C,2,0.000,0.179,0.250
1026,189,YLR045C,6,0.095,0.418,0.750
1027,189,YMR198W,2,0.000,0.179,0.250
1028,189,YBL034C,2,0.000,0.182,0.250
1029,189,YCL029C,5,0.024,0.387,0.625
1030,189,YGL216W,4,0.000,0.343,0.500
1031,189,YPL155C,3,0.000,0.261,0.375
1032,190,YKL192C,0,0.000,1.000,1.000
1033,191,YHR109W,1,0.000,0.500,0.500
1034,191,YOR037W,1,0.000,0.500,0.500
1035,192,YJR135W-A,10,0.012,0.307,0.769
1036,192,YDR031W,10,0.012,0.307,0.769
1037,192,YGR181W,10,0.014,0.301,0.769
1038,192,YHR005C-A,10,0.014,0.301,0.769
1039,193,YBR257W,11,0.009,0.303,1.000
1040,193,YHR062C,11,0.009,0.303,1.000
1041,193,YBR167C,11,0.009,0.303,1.000
1042,193,YNL221C,11,0.009,0.303,1.000
1043,193,YGR030C,11,0.009,0.303,1.000
1044,193,YBL018C,11,0.009,0.303,1.000
1045,193,YAL033W,11,0.009,0.303,1.000
1046,194,YGR021W,1,0.000,0.500,0.500
1047,194,YDR270W,1,0.000,0.500,0.500
1048,195,YGR204W,10,0.022,0.301,0.714
1049,195,YER183C,6,0.016,0.189,0.429
1050,195,YKR080W,11,0.039,0.328,0.786
1051,195,YBR084W,10,0.022,0.301,0.714
1052,196,YBR115C,0,0.000,1.000,1.000
1053,197,YDR511W,1,0.000,0.707,1.000
1054,197,YDR493W,1,0.000,0.707,1.000
1055,198,YER061C,5,0.030,0.336,0.556
1056,198,YBR026C,4,0.007,0.295,0.444
1057,198,YKL055C,5,0.030,0.336,0.556
1058,198,YHR067W,4,0.007,0.295,0.444
1059,199,YGL080W,1,0.000,0.500,0.500
1060,199,YOR100C,1,0.000,0.500,0.500
1061,200,YGR277C,6,0.018,0.398,0.750
1062,200,YKL088W,6,0.018,0.398,0.750
1063,200,YIL083C,6,0.018,0.398,0.750
1064,200,YGL154C,1,0.000,0.076,0.125
1065,200,YPL148C,1,0.000,0.076,0.125
1066,200,YOR054C,5,0.000,0.354,0.625
1067,200,YKR072C,5,0.000,0.354,0.625
1068,200,YDR531W,4,0.000,0.290,0.500
1069,201,YPR006C,3,0.012,0.078,0.200
1070,201,YOR136W,11,0.049,0.334,0.733
1071,201,YNL037C,11,0.049,0.334,0.733
1072,201,YNR001C,10,0.027,0.320,0.667
1073,201,YDR148C,7,0.027,0.225,0.467
1074,202,YDL174C,1,0.000,0.707,1.000
1075,202,YML054C,1,0.000,0.707,1.000
1076,203,YLR259C,0,0.000,0.707,0.000
1077,203,YBR044C,0,0.000,0.707,0.000
1078,204,YIL134W,3,0.000,0.500,1.000
1079,204,YDR236C,3,0.000,0.500,1.000
1080,204,YMR178W,3,0.000,0.500,1.000
1081,204,YDL045C,3,0.000,0.500,1.000
1082,205,YNR045W,2,0.000,0.577,1.000
1083,205,YER153C,2,0.000,0.577,1.000
1084,205,YGR222W,2,0.000,0.577,1.000
1085,206,YMR257C,1,0.000,0.707,1.000
1086,206,YMR150C,1,0.000,0.707,1.000
1087,207,YOL114C,1,0.000,0.707,1.000
1088,207,YGL143C,1,0.000,0.707,1.000
1089,208,YFL018C,0,0.000,1.000,1.000
1090,209,YGR167W,10,0.027,0.341,0.714
1091,209,YJR058C,8,0.008,0.291,0.571
1092,209,YIL002C,5,0.027,0.123,0.357
1093,209,YGL206C,10,0.027,0.341,0.714
1094,210,YCR051W,1,0.000,0.500,0.500
1095,210,YPR169W,1,0.000,0.500,0.500
1096,211,YHR077C,1,0.000,0.707,1.000
1097,211,YDR021W,1,0.000,0.707,1.000
1098,212,YLR271W,1,0.000,0.707,1.000
1099,212,YGR218W,1,0.000,0.707,1.000
1100,213,YBL024W,5,0.000,0.393,0.625
1101,213,YOR274W,2,0.000,0.107,0.250
1102,213,YGL232W,1,0.000,0.086,0.125
1103,213,YJL125C,5,0.000,0.393,0.625
1104,213,YDL201W,5,0.000,0.393,0.625
1105,213,YML080W,5,0.000,0.393,0.625
1106,213,YOL124C,5,0.000,0.393,0.625
1107,213,YNR015W,2,0.000,0.107,0.250
1108,214,YGR072W,2,0.000,0.577,1.000
1109,214,YBR143C,2,0.000,0.577,1.000
1110,214,YDR172W,2,0.000,0.577,1.000
1111,215,YLR249W,0,0.000,1.000,1.000
1112,216,YOR286W,1,0.000,0.095,0.111
1113,216,YKL025C,2,0.000,0.281,0.222
1114,216,YDR515W,1,0.000,0.196,0.111
1115,216,YHL034C,1,0.000,0.196,0.111
1116,216,YGL094C,2,0.000,0.281,0.222
1117,216,YOR359W,2,0.000,0.291,0.222
1118,216,YJL138C,2,0.000,0.281,0.222
1119,216,YPR163C,2,0.000,0.281,0.222
1120,217,YGL178W,1,0.000,0.500,0.500
1121,217,YPR129W,1,0.000,0.500,0.500
1122,218,YDR432W,0,0.000,1.000,1.000
1123,219,YGR162W,2,0.000,0.577,1.000
1124,219,YGL049C,2,0.000,0.577,1.000
1125,219,YNL016W,2,0.000,0.577,1.000
1126,220,YER044C-A,4,0.000,0.440,0.800
1127,220,YHR157W,4,0.000,0.440,0.800
1128,220,YLR329W,4,0.000,0.440,0.800
1129,220,YMR133W,4,0.000,0.440,0.800
1130,220,YNL210W,1,0.000,0.114,0.200
1131,221,YPL157W,1,0.000,0.707,1.000
1132,221,YNR004W,1,0.000,0.707,1.000
1133,222,YGR102C,2,0.000,0.523,0.667
1134,222,YGL159W,1,0.000,0.282,0.333
1135,222,YMR293C,2,0.000,0.523,0.667
1136,223,YLR280C,1,0.000,0.282,0.333
1137,223,YLR125W,2,0.000,0.523,0.667
1138,223,YLR283W,2,0.000,0.523,0.667
1139,224,YGR243W,0,0.000,1.000,1.000
1140,225,YNL123W,3,0.167,0.557,1.000
1141,225,YOR197W,3,0.167,0.557,1.000
1142,226,YKR079C,1,0.000,0.707,1.000
1143,226,YER168C,1,0.000,0.707,1.000
1144,227,YNR074C,0,0.000,1.000,1.000
1145,228,YBR227C,1,0.000,0.271,0.250
1146,228,YMR302C,1,0.000,0.271,0.250
1147,228,YMR115W,2,0.000,0.473,0.500
1148,228,YCL044C,2,0.000,0.473,0.500
1149,229,YMR111C,1,0.000,0.707,1.000
1150,229,YFR006W,1,0.000,0.707,1.000
1151,230,YGR019W,0,0.000,1.000,1.000
1152,231,YJR104C,0,0.000,1.000,1.000
1153,232,YKL067W,0,0.000,1.000,1.000
1154,233,YLR136C,0,0.000,1.000,1.000
1155,234,YJR095W,1,0.000,0.707,1.000
1156,234,YLR174W,1,0.000,0.707,1.000
1157,235,YLR355C,5,0.067,0.448,1.000
1158,235,YJR148W,5,0.067,0.448,1.000
1159,235,YJR016C,5,0.067,0.448,1.000
1160,236,YGR194C,4,0.056,0.479,1.000
1161,236,YLR354C,4,0.056,0.479,1.000
1162,236,YLR070C,4,0.056,0.479,1.000
1163,237,YDL130W-A,2,0.500,0.500,0.500
1164,237,YNL015W,1,0.000,0.354,0.250
1165,237,YDL181W,1,0.000,0.271,0.250
1166,237,YHR138C,1,0.000,0.354,0.250
1167,238,YDR256C,2,0.000,0.577,1.000
1168,238,YKL026C,2,0.000,0.577,1.000
1169,238,YGR088W,2,0.000,0.577,1.000
1170,239,YHR106W,9,0.048,0.336,0.750
1171,239,YLR109W,8,0.038,0.294,0.667
1172,239,YDR353W,8,0.040,0.302,0.667
1173,239,YBL064C,8,0.065,0.288,0.667
1174,240,YGR077C,13,0.009,0.208,0.565
1175,240,YNL329C,16,0.015,0.254,0.696
1176,240,YNL214W,15,0.012,0.243,0.652
1177,240,YDR265W,16,0.015,0.254,0.696
1178,240,YMR026C,17,0.030,0.257,0.739
1179,240,YDR244W,16,0.016,0.254,0.696
1180,241,YEL020C,6,0.011,0.284,0.600
1181,241,YLR151C,7,0.023,0.319,0.700
1182,241,YBR041W,6,0.011,0.286,0.600
1183,241,YJR019C,8,0.051,0.349,0.800
1184,242,YJR078W,5,0.044,0.431,0.833
1185,242,YLR231C,5,0.044,0.431,0.833
1186,243,YHR008C,2,0.000,0.577,1.000
1187,243,YHR050W,2,0.000,0.577,1.000
1188,243,YGR257C,2,0.000,0.577,1.000
1189,244,YOL067C,3,0.000,0.500,1.000
1190,244,YBL103C,3,0.000,0.500,1.000
1191,244,YNL076W,3,0.000,0.500,1.000
1192,244,YGL252C,3,0.000,0.500,1.000
1193,245,YJL101C,0,0.000,1.000,1.000
1194,246,YAR015W,0,0.000,1.000,1.000
1195,247,YBR068C,1,0.000,0.707,1.000
1196,247,YCL018W,1,0.000,0.707,1.000
1197,248,YBR185C,0,0.000,1.000,1.000
1198,249,YER017C,1,0.000,0.707,1.000
1199,249,YMR089C,1,0.000,0.707,1.000
1200,250,YOR020C,0,0.000,1.000,1.000
1201,251,YBR112C,3,0.500,0.565,0.750
1202,251,YCR084C,3,0.500,0.565,0.750
1203,251,YDR043C,1,0.000,0.245,0.250
1204,251,YLR176C,1,0.000,0.245,0.250
1205,251,YPR065W,2,0.000,0.491,0.500
1206,252,YIL104C,1,0.000,0.500,0.500
1207,252,YLR262C-A,1,0.000,0.500,0.500
1208,253,YKR036C,3,0.000,0.439,0.750
1209,253,YDR470C,2,0.000,0.307,0.500
1210,253,YOR211C,4,0.167,0.510,1.000
1211,253,YJL112W,3,0.000,0.439,0.750
1212,253,YLL001W,4,0.167,0.510,1.000
1213,254,YDR096W,1,0.000,0.408,0.333
1214,254,YGL131C,1,0.000,0.408,0.333
1215,254,YER169W,1,0.000,0.408,0.333
1216,255,YJR133W,2,0.000,0.577,1.000
1217,255,YNL141W,2,0.000,0.577,1.000
1218,255,YDL238C,2,0.000,0.577,1.000
1219,256,YJR047C,1,0.000,0.707,1.000
1220,256,YHR068W,1,0.000,0.707,1.000
1221,257,YOR011W,1,0.000,0.282,0.333
1222,257,YIL011W,2,0.000,0.523,0.667
1223,257,YJR150C,2,0.000,0.523,0.667
1224,258,YOL022C,1,0.000,0.707,1.000
1225,258,YJR070C,1,0.000,0.707,1.000
1226,259,YER086W,1,0.000,0.500,0.500
1227,259,YCL064C,1,0.000,0.500,0.500
1228,260,YOR251C,1,0.000,0.707,1.000
1229,260,YOR285W,1,0.000,0.707,1.000
1230,261,YDR185C,1,0.000,0.282,0.333
1231,261,YLR168C,2,0.000,0.523,0.667
1232,261,YLR193C,2,0.000,0.523,0.667
1233,262,YGR235C,5,0.000,0.408,1.000
1234,262,YFR011C,5,0.000,0.408,1.000
1235,262,YKR016W,5,0.000,0.408,1.000
1236,262,YNL100W,5,0.000,0.408,1.000
1237,262,YCL057C-A,5,0.000,0.408,1.000
1238,262,YBR262C,5,0.000,0.408,1.000
1239,263,YKR071C,0,0.000,1.000,1.000
1240,264,YJL130C,0,0.000,1.000,1.000
1241,265,YDL171C,1,0.000,0.707,1.000
1242,265,YPR035W,1,0.000,0.707,1.000
1243,266,YOL058W,0,0.000,1.000,1.000
1244,267,YJR109C,2,0.000,0.577,1.000
1245,267,YOR302W,2,0.000,0.577,1.000
1246,267,YOR303W,2,0.000,0.577,1.000
1247,268,YJR103W,1,0.000,0.707,1.000
1248,268,YMR217W,1,0.000,0.707,1.000
1249,269,YLR160C,1,0.000,0.354,0.250
1250,269,YLR158C,1,0.000,0.354,0.250
1251,269,YLR157C,1,0.000,0.354,0.250
1252,269,YLR155C,1,0.000,0.354,0.250
1253,270,YDR441C,11,0.046,0.316,0.733
1254,270,YML022W,11,0.046,0.316,0.733
1255,270,YLR028C,10,0.041,0.290,0.667
1256,270,YMR120C,10,0.041,0.290,0.667
1257,271,YMR085W,1,0.000,0.707,0.500
1258,271,YKL104C,0,0.000,0.000,0.000
1259,271,YMR084W,1,0.000,0.707,0.500
1260,272,YBR218C,1,0.000,0.500,0.500
1261,272,YNL036W,1,0.000,0.500,0.500
1262,273,YGR087C,4,0.089,0.454,0.400
1263,273,YLR134W,4,0.089,0.454,0.400
1264,273,YDR380W,2,0.200,0.121,0.200
1265,273,YLR044C,4,0.089,0.454,0.400
1266,273,YAL060W,4,0.200,0.386,0.400
1267,274,YDL223C,7,0.012,0.318,0.636
1268,274,YNL195C,6,0.017,0.267,0.545
1269,274,YHR096C,9,0.053,0.374,0.818
1270,274,YPL223C,7,0.012,0.320,0.636
1271,275,YGL037C,0,0.000,1.000,1.000
1272,276,YMR020W,0,0.000,1.000,1.000
1273,277,YML042W,2,0.000,0.577,1.000
1274,277,YER024W,2,0.000,0.577,1.000
1275,277,YAR035W,2,0.000,0.577,1.000
1276,278,YOR208W,5,0.018,0.313,0.278
1277,278,YBR182C,2,0.000,0.131,0.111
1278,278,YPR054W,3,0.006,0.156,0.167
1279,278,YER089C,2,0.000,0.157,0.111
1280,278,YLR362W,1,0.000,0.073,0.056
1281,278,YER045C,3,0.019,0.178,0.167
1282,278,YER075C,4,0.000,0.288,0.222
1283,278,YMR172W,3,0.005,0.173,0.167
1284,278,YDR536W,2,0.000,0.127,0.111
1285,278,YPR115W,1,0.000,0.028,0.056
1286,278,YLR248W,1,0.000,0.099,0.056
1287,278,YDR162C,2,0.000,0.130,0.111
1288,278,YGR097W,2,0.000,0.127,0.111
1289,278,YDL230W,1,0.000,0.099,0.056
1290,279,YDR248C,5,0.050,0.377,0.833
1291,279,YNL241C,5,0.050,0.377,0.833
1292,280,YNL111C,1,0.000,0.500,0.500
1293,280,YIL043C,1,0.000,0.500,0.500
1294,281,YDL145C,10,0.023,0.305,0.588
1295,281,YDR170C,5,0.005,0.147,0.294
1296,281,YER122C,9,0.018,0.274,0.529
1297,281,YGL137W,9,0.011,0.289,0.529
1298,282,YGR207C,2,0.000,0.577,1.000
1299,282,YOR356W,2,0.000,0.577,1.000
1300,282,YPR004C,2,0.000,0.577,1.000
1301,283,YOL017W,1,0.000,0.500,0.500
1302,283,YOR304W,1,0.000,0.500,0.500
1303,284,YKR048C,1,0.000,0.707,1.000
1304,284,YER030W,1,0.000,0.707,1.000
1305,285,YPL016W,1,0.000,0.707,1.000
1306,285,YER161C,1,0.000,0.707,1.000
1307,286,YDR345C,1,0.000,0.070,0.059
1308,286,YGL208W,6,0.000,0.327,0.353
1309,286,YDR216W,2,0.000,0.085,0.118
1310,286,YGL035C,3,0.004,0.137,0.176
1311,286,YMR140W,1,0.000,0.070,0.059
1312,286,YMR011W,1,0.000,0.070,0.059
1313,286,YKL048C,3,0.000,0.175,0.176
1314,286,YMR280C,3,0.004,0.103,0.176
1315,286,YHR094C,2,0.000,0.082,0.118
1316,286,YGL209W,2,0.000,0.082,0.118
1317,286,YJL089W,1,0.000,0.070,0.059
1318,286,YBR066C,1,0.000,0.070,0.059
1319,286,YDR422C,6,0.000,0.327,0.353
1320,286,YER027C,6,0.000,0.327,0.353
1321,287,YIR038C,3,0.250,0.384,0.375
1322,287,YKR034W,1,0.000,0.210,0.125
1323,287,YLL048C,3,0.250,0.384,0.375
1324,287,YER040W,2,0.000,0.317,0.250
1325,287,YLL060C,1,0.000,0.130,0.125
1326,287,YFL021W,2,0.000,0.317,0.250
1327,287,YKR076W,1,0.000,0.130,0.125
1328,287,YCL028W,1,0.000,0.210,0.125
1329,288,YNL242W,7,0.008,0.170,0.333
1330,288,YFR019W,10,0.004,0.261,0.476
1331,288,YNR007C,8,0.008,0.192,0.381
1332,288,YNL325C,9,0.001,0.241,0.429
1333,288,YLR360W,9,0.001,0.244,0.429
1334,288,YLR211C,9,0.001,0.244,0.429
1335,288,YNL054W,9,0.001,0.241,0.429
1336,289,YOR101W,4,0.056,0.479,1.000
1337,289,YJL005W,4,0.056,0.479,1.000
1338,289,YNL098C,4,0.056,0.479,1.000
1339,290,YHR046C,2,0.000,0.577,1.000
1340,290,YDR287W,2,0.000,0.577,1.000
1341,290,YPR113W,2,0.000,0.577,1.000
1342,291,YIL160C,1,0.000,0.707,1.000
1343,291,YBR222C,1,0.000,0.707,1.000
1344,292,YER081W,1,0.000,0.707,1.000
1345,292,YIL074C,1,0.000,0.707,1.000
1346,293,YKL132C,3,0.000,0.357,0.500
1347,293,YOR241W,2,0.000,0.248,0.333
1348,293,YGR267C,3,0.000,0.357,0.500
1349,293,YOR280C,1,0.000,0.127,0.167
1350,293,YMR113W,4,0.022,0.429,0.667
1351,294,YHL007C,6,0.003,0.203,0.231
1352,294,YOR127W,6,0.003,0.188,0.231
1353,294,YNL293W,5,0.007,0.135,0.192
1354,294,YOL112W,5,0.007,0.135,0.192
1355,294,YDR309C,6,0.007,0.190,0.231
1356,294,YER114C,5,0.016,0.153,0.192
1357,294,YIL118W,5,0.021,0.152,0.192
1358,295,YBR179C,0,0.000,1.000,1.000
1359,296,YEL013W,2,0.667,0.602,0.667
1360,296,YLR072W,2,0.667,0.602,0.667
1361,297,YMR097C,2,0.133,0.387,0.333
1362,297,YOR201C,2,0.033,0.316,0.333
1363,297,YGL136C,2,0.133,0.387,0.333
1364,298,YBL057C,1,0.000,0.707,1.000
1365,298,YMR276W,1,0.000,0.707,1.000
1366,299,YMR023C,2,0.000,0.577,1.000
1367,299,YGL236C,2,0.000,0.577,1.000
1368,299,YDL033C,2,0.000,0.577,1.000
1369,300,YBR208C,2,0.000,0.577,1.000
1370,300,YIR032C,2,0.000,0.577,1.000
1371,300,YNL314W,2,0.000,0.577,1.000
1372,301,YER103W,3,0.040,0.281,0.429
1373,301,YBR169C,4,0.127,0.376,0.571
1374,302,YKR074W,1,0.000,0.707,1.000
1375,302,YPL225W,1,0.000,0.707,1.000
1376,303,YOL086C,1,0.000,0.500,0.500
1377,303,YOR347C,1,0.000,0.500,0.500
1378,304,YDR519W,1,0.000,0.707,1.000
1379,304,YDR304C,1,0.000,0.707,1.000
1380,305,YBR153W,5,0.025,0.428,1.000
1381,305,YBL033C,5,0.025,0.428,1.000
1382,305,YBR256C,5,0.025,0.428,1.000
1383,305,YDR487C,5,0.025,0.428,1.000
1384,306,YLR345W,5,0.000,0.352,0.625
1385,306,YKL217W,2,0.000,0.093,0.250
1386,306,YCR010C,2,0.000,0.093,0.250
1387,306,YOL136C,4,0.000,0.289,0.500
1388,306,YMR205C,6,0.018,0.396,0.750
1389,306,YJL155C,6,0.018,0.396,0.750
1390,306,YGR240C,6,0.018,0.396,0.750
1391,306,YIL107C,5,0.000,0.352,0.625
1392,307,YER003C,2,0.000,0.577,1.000
1393,307,YFL045C,2,0.000,0.577,1.000
1394,307,YNR073C,2,0.000,0.577,1.000
1395,308,YOL122C,0,0.000,1.000,1.000
1396,309,YBR290W,0,0.000,1.000,1.000
1397,310,YDR182W,1,0.000,0.707,1.000
1398,310,YCR044C,1,0.000,0.707,1.000
1399,311,YMR319C,0,0.000,1.000,1.000
1400,312,YOL023W,0,0.000,1.000,1.000
1401,313,YHR218W,8,0.016,0.345,0.667
1402,313,YHL050C,7,0.006,0.316,0.583
1403,313,YLR467W,7,0.011,0.310,0.583
1404,313,YEL076C-A,7,0.006,0.316,0.583
1405,314,YHL016C,0,0.000,1.000,1.000
1406,315,YKL015W,1,0.000,0.500,0.500
1407,315,YMR179W,1,0.000,0.500,0.500
1408,316,YPL111W,0,0.000,1.000,1.000
1409,317,YBR011C,2,0.000,0.577,1.000
1410,317,YMR267W,2,0.000,0.577,1.000
1411,317,YPL036W,2,0.000,0.577,1.000
1412,318,YBL019W,5,0.000,0.408,1.000
1413,318,YML060W,5,0.000,0.408,1.000
1414,318,YAL015C,5,0.000,0.408,1.000
1415,318,YML021C,5,0.000,0.408,1.000
1416,318,YKL114C,5,0.000,0.408,1.000
1417,318,YOL043C,5,0.000,0.408,1.000
1418,319,YLR411W,3,0.167,0.557,1.000
1419,319,YMR021C,3,0.167,0.557,1.000
1420,320,YIL065C,0,0.000,1.000,1.000
1421,321,YML004C,7,0.037,0.367,0.778
1422,321,YMR322C,7,0.044,0.370,0.778
1423,321,YOR391C,7,0.044,0.370,0.778
1424,322,YIL070C,1,0.000,0.500,0.500
1425,322,YPL159C,1,0.000,0.500,0.500
1426,323,YDR454C,1,0.000,0.500,0.500
1427,323,YJL055W,1,0.000,0.500,0.500
1428,324,YLR328W,6,0.024,0.402,0.857
1429,324,YFR047C,6,0.024,0.402,0.857
1430,324,YOR209C,6,0.024,0.402,0.857
1431,325,YER007C-A,2,0.000,0.577,1.000
1432,325,YDR117C,2,0.000,0.577,1.000
1433,325,YJR014W,2,0.000,0.577,1.000
1434,326,YHL031C,25,0.007,0.201,0.758
1435,326,YGL212W,22,0.009,0.179,0.667
1436,326,YDR189W,15,0.011,0.115,0.455
1437,326,YMR197C,26,0.015,0.206,0.788
1438,326,YIL004C,26,0.007,0.209,0.788
1439,326,YPL232W,27,0.009,0.216,0.818
1440,326,YOR106W,26,0.014,0.206,0.788
1441,326,YLR078C,26,0.008,0.209,0.788
1442,327,YDR179C,4,0.000,0.447,1.000
1443,327,YDL216C,4,0.000,0.447,1.000
1444,327,YOL117W,4,0.000,0.447,1.000
1445,327,YIL071C,4,0.000,0.447,1.000
1446,327,YMR025W,4,0.000,0.447,1.000
1447,328,YHR129C,0,0.000,1.000,1.000
1448,329,YDR106W,3,0.000,0.500,1.000
1449,329,YMR294W,3,0.000,0.500,1.000
1450,329,YPL174C,3,0.000,0.500,1.000
1451,329,YLL049W,3,0.000,0.500,1.000
1452,330,YKL007W,0,0.000,1.000,1.000
1453,331,YDR424C,3,0.000,0.439,0.750
1454,331,YKR054C,4,0.167,0.510,1.000
1455,331,YPL269W,2,0.000,0.307,0.500
1456,331,YDR488C,4,0.167,0.510,1.000
1457,331,YMR299C,3,0.000,0.439,0.750
1458,332,YMR313C,10,0.013,0.148,0.286
1459,332,YML059C,8,0.007,0.129,0.229
1460,332,YKR067W,9,0.010,0.140,0.257
1461,332,YBL011W,8,0.007,0.131,0.229
1462,332,YOR245C,11,0.018,0.164,0.314
1463,332,YOR311C,12,0.011,0.204,0.343
1464,332,YNR008W,11,0.013,0.170,0.314
1465,332,YDR284C,10,0.012,0.138,0.286
1466,332,YPR140W,6,0.011,0.089,0.171
1467,333,YMR318C,4,0.025,0.383,0.800
1468,333,YCR105W,4,0.025,0.383,0.800
1469,333,YER062C,4,0.025,0.383,0.800
1470,333,YIL053W,4,0.025,0.383,0.800
1471,334,YCL004W,3,0.000,0.425,0.600
1472,334,YGR110W,1,0.000,0.155,0.200
1473,334,YGR046W,3,0.000,0.425,0.600
1474,334,YPL206C,2,0.000,0.300,0.400
1475,335,YPL110C,0,0.000,1.000,1.000
1476,336,YDR077W,1,0.000,0.500,0.500
1477,336,YLR110C,1,0.000,0.500,0.500
1478,337,YOR031W,1,0.000,0.282,0.333
1479,337,YHR055C,2,0.000,0.523,0.667
1480,337,YGL166W,2,0.000,0.523,0.667
1481,338,YLR034C,2,0.000,0.523,0.667
1482,338,YIR018W,1,0.000,0.282,0.333
1483,338,YKR052C,2,0.000,0.523,0.667
1484,339,YBR207W,3,0.083,0.470,0.750
1485,339,YMR058W,3,0.083,0.470,0.750
1486,340,YKL120W,1,0.000,0.500,0.500
1487,340,YLR451W,1,0.000,0.500,0.500
1488,341,YDR165W,0,0.000,1.000,1.000
1489,342,YDR465C,0,0.000,1.000,1.000
1490,343,YDR011W,4,0.000,0.398,0.444
1491,343,YHR064C,1,0.000,0.099,0.111
1492,343,YOR328W,1,0.000,0.104,0.111
1493,343,YOR162C,1,0.000,0.095,0.111
1494,343,YDR406W,2,0.000,0.204,0.222
1495,343,YHR178W,1,0.000,0.099,0.111
1496,343,YOR153W,5,0.083,0.436,0.556
1497,344,YNL313C,0,0.000,1.000,1.000
1498,345,YGL063W,6,0.057,0.366,0.857
1499,345,YLR165C,6,0.019,0.384,0.857
1500,346,YDL101C,1,0.000,0.707,1.000
1501,346,YML058W,1,0.000,0.707,1.000
1502,347,YOL090W,1,0.000,0.707,1.000
1503,347,YDR097C,1,0.000,0.707,1.000
1504,348,YNL186W,1,0.000,0.500,0.500
1505,348,YMR219W,1,0.000,0.500,0.500
1506,349,YLR233C,2,0.000,0.577,1.000
1507,349,YLR318W,2,0.000,0.577,1.000
1508,349,YIL009C-A,2,0.000,0.577,1.000
1509,350,YIL096C,1,0.000,0.707,1.000
1510,350,YCR016W,1,0.000,0.707,1.000
1511,351,YCR034W,6,0.013,0.392,1.000
1512,351,YBR159W,6,0.013,0.392,1.000
1513,351,YDL015C,6,0.013,0.392,1.000
1514,351,YJL097W,6,0.013,0.392,1.000
1515,351,YGL055W,6,0.013,0.392,1.000
1516,352,YDR242W,1,0.000,0.707,0.500
1517,352,YPL103C,1,0.000,0.707,0.500
1518,352,YEL041W,0,0.000,0.000,0.000
1519,353,YIL087C,1,0.000,0.500,0.500
1520,353,YPR155C,1,0.000,0.500,0.500
1521,354,YGR268C,1,0.000,0.707,1.000
1522,354,YBR101C,1,0.000,0.707,1.000
1523,355,YFR014C,1,0.000,0.707,1.000
1524,355,YBR109C,1,0.000,0.707,1.000
1525,356,YDR171W,0,0.000,1.000,1.000
1526,357,YDL100C,5,0.012,0.389,0.714
1527,357,YOR007C,5,0.032,0.375,0.714
1528,357,YGL020C,5,0.012,0.389,0.714
1529,358,YNR016C,2,0.000,0.577,1.000
1530,358,YMR207C,2,0.000,0.577,1.000
1531,358,YDL141W,2,0.000,0.577,1.000
1532,359,YOR108W,1,0.000,0.500,0.500
1533,359,YHR002W,1,0.000,0.500,0.500
1534,360,YGR205W,0,0.000,1.000,1.000
1535,361,YBR176W,2,0.000,0.577,1.000
1536,361,YHR063C,2,0.000,0.577,1.000
1537,361,YIL145C,2,0.000,0.577,1.000
1538,362,YIL165C,1,0.000,0.707,1.000
1539,362,YIL164C,1,0.000,0.707,1.000
1540,363,YHR074W,4,0.000,0.440,0.800
1541,363,YJR049C,4,0.000,0.440,0.800
1542,363,YDR191W,4,0.000,0.440,0.800
1543,363,YOR025W,4,0.000,0.440,0.800
1544,363,YNL239W,1,0.000,0.114,0.200
1545,364,YPL057C,4,0.056,0.479,1.000
1546,364,YDR367W,4,0.056,0.479,1.000
1547,364,YKL004W,4,0.056,0.479,1.000
1548,365,YLR154C,2,0.000,0.523,0.667
1549,365,YMR234W,1,0.000,0.282,0.333
1550,365,YDR279W,2,0.000,0.523,0.667
1551,366,YNL090W,0,0.000,0.000,0.000
1552,366,YLR425W,1,0.000,0.707,0.500
1553,366,YPR165W,1,0.000,0.707,0.500
1554,367,YIL103W,6,0.000,0.374,0.750
1555,367,YLR172C,6,0.000,0.374,0.750
1556,367,YJR097W,6,0.000,0.374,0.750
1557,367,YAL020C,1,0.000,0.063,0.125
1558,367,YKL191W,6,0.000,0.374,0.750
1559,367,YBR246W,6,0.000,0.374,0.750
1560,367,YER057C,1,0.000,0.063,0.125
1561,368,YDL089W,3,0.067,0.346,0.500
1562,368,YML034W,2,0.000,0.239,0.333
1563,368,YOR264W,1,0.000,0.137,0.167
1564,368,YER106W,3,0.000,0.387,0.500
1565,368,YPL204W,3,0.000,0.387,0.500
1566,369,YGL122C,1,0.000,0.707,1.000
1567,369,YMR255W,1,0.000,0.707,1.000
1568,370,YKL130C,3,0.056,0.396,0.500
1569,370,YNL304W,3,0.089,0.392,0.500
1570,371,YPR171W,1,0.000,0.500,0.500
1571,371,YHR016C,1,0.000,0.500,0.500
1572,372,YNL094W,1,0.000,0.214,0.200
1573,372,YLR144C,1,0.000,0.214,0.200
1574,372,YBR108W,2,0.000,0.389,0.400
1575,372,YMR192W,2,0.000,0.389,0.400
1576,373,YDL161W,2,0.167,0.500,0.667
1577,373,YLR206W,2,0.167,0.500,0.667
1578,373,YER060W-A,2,0.167,0.500,0.667
1579,373,YER060W,2,0.167,0.500,0.667
1580,374,YLR319C,1,0.000,0.707,1.000
1581,374,YOR304C-A,1,0.000,0.707,1.000
1582,375,YGL181W,1,0.000,0.408,0.333
1583,375,YCL034W,1,0.000,0.408,0.333
1584,375,YPR095C,1,0.000,0.408,0.333
1585,376,YMR032W,4,0.167,0.510,1.000
1586,376,YDL117W,4,0.167,0.510,1.000
1587,376,YNL152W,3,0.000,0.439,0.750
1588,376,YBR038W,3,0.000,0.439,0.750
1589,376,YKR090W,2,0.000,0.307,0.500
1590,377,YIL027C,7,0.000,0.354,1.000
1591,377,YLL014W,7,0.000,0.354,1.000
1592,377,YGL231C,7,0.000,0.354,1.000
1593,377,YJL192C,7,0.000,0.354,1.000
1594,377,YCL045C,7,0.000,0.354,1.000
1595,377,YJR088C,7,0.000,0.354,1.000
1596,377,YKL207W,7,0.000,0.354,1.000
1597,377,YDR056C,7,0.000,0.354,1.000
1598,378,YIL110W,3,0.016,0.289,0.333
1599,378,YGR001C,3,0.016,0.289,0.333
1600,379,YOR198C,1,0.000,0.707,1.000
1601,379,YJL080C,1,0.000,0.707,1.000
1602,380,YML068W,1,0.000,0.707,1.000
1603,380,YKR017C,1,0.000,0.707,1.000
1604,381,YCL033C,2,0.000,0.577,1.000
1605,381,YKL069W,2,0.000,0.577,1.000
1606,381,YER042W,2,0.000,0.577,1.000
1607,382,YOR388C,1,0.000,0.707,1.000
1608,382,YJL068C,1,0.000,0.707,1.000
1609,383,YOR212W,1,0.000,0.707,1.000
1610,383,YHR005C,1,0.000,0.707,1.000
1611,384,YGR285C,1,0.000,0.707,1.000
1612,384,YDL229W,1,0.000,0.707,1.000
1613,385,YKL034W,2,0.000,0.394,0.500
1614,385,YDL219W,2,0.000,0.394,0.500
1615,385,YLR114C,2,0.000,0.394,0.500
1616,385,YOR223W,2,0.000,0.394,0.500
1617,386,YPL154C,0,0.000,1.000,1.000
1618,387,YIL038C,8,0.004,0.340,0.889
1619,387,YPR072W,8,0.004,0.340,0.889
1620,387,YDL165W,8,0.004,0.340,0.889
1621,387,YFL028C,8,0.004,0.340,0.889
1622,387,YGR134W,8,0.004,0.340,0.889
1623,387,YNL288W,8,0.004,0.340,0.889
1624,388,YPL210C,7,0.031,0.384,1.000
1625,388,YDL092W,7,0.031,0.384,1.000
1626,388,YPL243W,7,0.031,0.384,1.000
1627,388,YPR088C,7,0.031,0.384,1.000
1628,389,YBR113W,5,0.000,0.371,0.625
1629,389,YER121W,6,0.060,0.407,0.750
1630,389,YMR265C,2,0.000,0.092,0.250
1631,389,YDR415C,2,0.000,0.092,0.250
1632,389,YDR525W,3,0.000,0.227,0.375
1633,389,YMR245W,6,0.060,0.407,0.750
1634,389,YJL199C,6,0.060,0.407,0.750
1635,389,YPL182C,5,0.000,0.371,0.625
1636,390,YMR059W,4,0.000,0.419,0.800
1637,390,YOL102C,2,0.000,0.220,0.400
1638,390,YPL083C,4,0.000,0.419,0.800
1639,390,YLR105C,4,0.000,0.419,0.800
1640,391,YCR030C,1,0.000,0.500,0.500
1641,391,YDR348C,1,0.000,0.500,0.500
1642,392,YDR273W,1,0.000,0.500,0.500
1643,392,YFR024C-A,1,0.000,0.500,0.500
1644,393,YPL184C,1,0.000,0.707,1.000
1645,393,YPR042C,1,0.000,0.707,1.000
1646,394,YNL197C,1,0.000,0.707,1.000
1647,394,YDL224C,1,0.000,0.707,1.000
1648,395,YOL104C,2,0.000,0.577,1.000
1649,395,YJL019W,2,0.000,0.577,1.000
1650,395,YPL200W,2,0.000,0.577,1.000
1651,396,YMR083W,1,0.000,0.260,0.200
1652,396,YMR303C,1,0.000,0.260,0.200
1653,396,YOR387C,2,0.000,0.431,0.400
1654,396,YDL168W,1,0.000,0.260,0.200
1655,396,YGL258W,2,0.000,0.431,0.400
1656,397,YHR113W,0,0.000,1.000,1.000
1657,398,YLR209C,0,0.000,1.000,1.000
1658,399,YKL166C,5,0.048,0.437,0.714
1659,399,YOR360C,4,0.048,0.357,0.571
1660,399,YPL203W,5,0.048,0.437,0.714
1661,400,YDR430C,0,0.000,1.000,1.000
1662,401,YOL086W-A,3,0.167,0.557,1.000
1663,401,YIR002C,3,0.167,0.557,1.000
1664,402,YDR457W,1,0.000,0.707,1.000
1665,402,YKL010C,1,0.000,0.707,1.000
1666,403,YER142C,1,0.000,0.707,1.000
1667,403,YDL200C,1,0.000,0.707,1.000
1668,404,YJR059W,1,0.000,0.500,0.500
1669,404,YBR133C,1,0.000,0.500,0.500
1670,405,YHR207C,2,0.000,0.577,1.000
1671,405,YJL105W,2,0.000,0.577,1.000
1672,405,YPL165C,2,0.000,0.577,1.000
1673,406,YJR053W,2,0.000,0.577,1.000
1674,406,YMR055C,2,0.000,0.577,1.000
1675,406,YOR233W,2,0.000,0.577,1.000
1676,407,YAR014C,2,0.000,0.577,1.000
1677,407,YGR238C,2,0.000,0.577,1.000
1678,407,YHR158C,2,0.000,0.577,1.000
1679,408,YHL024W,1,0.000,0.500,0.500
1680,408,YHR124W,1,0.000,0.500,0.500
1681,409,YJR024C,3,0.000,0.425,0.600
1682,409,YLR017W,2,0.000,0.300,0.400
1683,409,YEL038W,3,0.000,0.425,0.600
1684,409,YNL010W,1,0.000,0.155,0.200
1685,410,YJR159W,3,0.167,0.557,1.000
1686,410,YDL246C,3,0.167,0.557,1.000
1687,411,YPR073C,1,0.000,0.073,0.091
1688,411,YJR156C,4,0.000,0.278,0.364
1689,411,YFL058W,4,0.000,0.278,0.364
1690,411,YPL258C,7,0.027,0.399,0.636
1691,411,YPR121W,1,0.000,0.073,0.091
1692,411,YJR142W,1,0.000,0.069,0.091
1693,411,YOL055C,7,0.027,0.399,0.636
1694,411,YDL244W,4,0.000,0.278,0.364
1695,411,YNL332W,4,0.000,0.278,0.364
1696,411,YNL091W,1,0.000,0.073,0.091
1697,412,YDL052C,1,0.000,0.707,1.000
1698,412,YDR018C,1,0.000,0.707,1.000
1699,413,YMR165C,2,0.000,0.577,1.000
1700,413,YHR004C,2,0.000,0.577,1.000
1701,413,YAL009W,2,0.000,0.577,1.000
1702,414,YOR006C,1,0.000,0.707,1.000
1703,414,YIL025C,1,0.000,0.707,1.000
1704,415,YOL130W,2,0.150,0.425,0.400
1705,415,YFL050C,2,0.150,0.425,0.400
1706,416,YDR082W,5,0.000,0.398,0.714
1707,416,YBR049C,2,0.000,0.106,0.286
1708,416,YBR275C,5,0.000,0.398,0.714
1709,416,YLR453C,5,0.000,0.398,0.714
1710,416,YLR010C,5,0.000,0.398,0.714
1711,416,YKL112W,2,0.000,0.106,0.286
1712,416,YDL220C,5,0.000,0.398,0.714
1713,417,YDL235C,5,0.006,0.359,0.500
1714,417,YPR075C,4,0.022,0.201,0.400
1715,417,YNR031C,5,0.006,0.359,0.500
1716,417,YGR014W,4,0.022,0.236,0.400
1717,417,YCR073C,5,0.006,0.359,0.500
1718,418,YDR495C,12,0.010,0.297,0.800
1719,418,YDR323C,10,0.029,0.242,0.667
1720,418,YLR148W,12,0.010,0.297,0.800
1721,418,YGL124C,9,0.022,0.219,0.600
1722,418,YMR231W,12,0.010,0.297,0.800
1723,419,YGL008C,0,0.000,1.000,1.000
1724,420,YDL055C,1,0.000,0.282,0.333
1725,420,YGR036C,2,0.000,0.523,0.667
1726,420,YMR013C,2,0.000,0.523,0.667
1727,421,YKL205W,1,0.000,0.707,1.000
1728,421,YOR112W,1,0.000,0.707,1.000
1729,422,YNR019W,3,0.167,0.557,1.000
1730,422,YCR048W,3,0.167,0.557,1.000
1731,423,YLR242C,1,0.000,0.707,1.000
1732,423,YJL062W,1,0.000,0.707,1.000
1733,424,YAL063C,1,0.000,0.316,0.200
1734,424,YOR140W,1,0.000,0.316,0.200
1735,424,YAR050W,1,0.000,0.316,0.200
1736,424,YKR102W,1,0.000,0.316,0.200
1737,424,YHR211W,1,0.000,0.316,0.200
1738,425,YBR164C,0,0.000,1.000,1.000
1739,426,YBL060W,1,0.000,0.500,0.500
1740,426,YKR030W,1,0.000,0.500,0.500
1741,427,YLR062C,1,0.000,0.707,1.000
1742,427,YGL217C,1,0.000,0.707,1.000
1743,428,YMR218C,12,0.018,0.298,0.857
1744,428,YKR068C,12,0.018,0.298,0.857
1745,428,YDR407C,12,0.018,0.298,0.857
1746,428,YDR472W,11,0.007,0.285,0.786
1747,428,YOR115C,12,0.018,0.298,0.857
1748,428,YDR246W,11,0.007,0.285,0.786
1749,428,YDR108W,11,0.007,0.285,0.786
1750,428,YGR166W,11,0.011,0.277,0.786
1751,428,YML077W,11,0.007,0.285,0.786
1752,428,YBR254C,11,0.007,0.285,0.786
1753,429,YHL019C,6,0.023,0.303,0.500
1754,429,YJR005W,7,0.031,0.346,0.583
1755,429,YLR170C,6,0.024,0.289,0.500
1756,429,YGR261C,7,0.028,0.342,0.583
1757,430,YFR056C,1,0.000,0.282,0.333
1758,430,YHR212W-A,2,0.000,0.523,0.667
1759,430,YHR213W,2,0.000,0.523,0.667
1760,431,YGL227W,6,0.000,0.376,0.857
1761,431,YDR255C,6,0.000,0.376,0.857
1762,431,YKL124W,1,0.000,0.064,0.143
1763,431,YIL097W,6,0.000,0.376,0.857
1764,431,YBR105C,6,0.000,0.376,0.857
1765,431,YMR135C,6,0.000,0.376,0.857
1766,431,YIL017C,6,0.000,0.376,0.857
1767,432,YDR437W,11,0.029,0.246,0.500
1768,432,YHR188C,12,0.048,0.249,0.545
1769,432,YLL031C,12,0.030,0.264,0.545
1770,432,YDR331W,12,0.046,0.261,0.545
1771,432,YPL076W,9,0.015,0.197,0.409
1772,432,YGR216C,10,0.023,0.218,0.455
1773,433,YMR206W,1,0.000,0.707,1.000
1774,433,YMR081C,1,0.000,0.707,1.000
1775,434,YJL153C,3,0.000,0.500,1.000
1776,434,YOL108C,3,0.000,0.500,1.000
1777,434,YDR123C,3,0.000,0.500,1.000
1778,434,YHL020C,3,0.000,0.500,1.000
1779,435,YOR281C,1,0.000,0.707,1.000
1780,435,YDR183W,1,0.000,0.707,1.000
1781,436,YGR078C,6,0.048,0.411,0.857
1782,436,YJL179W,5,0.000,0.374,0.714
1783,436,YML094W,6,0.048,0.411,0.857
1784,436,YEL003W,5,0.000,0.374,0.714
1785,436,YFL023W,1,0.000,0.080,0.143
1786,436,YNL153C,5,0.000,0.374,0.714
1787,436,YMR074C,3,0.000,0.234,0.429
1788,437,YMR052W,5,0.017,0.423,0.833
1789,437,YNL127W,5,0.017,0.423,0.833
1790,437,YFR008W,5,0.017,0.423,0.833
1791,438,YML067C,1,0.000,0.707,1.000
1792,438,YAL042W,1,0.000,0.707,1.000
1793,439,YKR099W,0,0.000,1.000,1.000
1794,440,YOL068C,1,0.000,0.707,1.000
1795,440,YOR279C,1,0.000,0.707,1.000
1796,441,YOR021C,1,0.000,0.282,0.333
1797,441,YNL022C,2,0.000,0.523,0.667
1798,441,YMR310C,2,0.000,0.523,0.667
1799,442,YFR003C,1,0.000,0.707,1.000
1800,442,YPL179W,1,0.000,0.707,1.000
1801,443,YJL129C,3,0.167,0.557,1.000
1802,443,YML016C,3,0.167,0.557,1.000
1803,444,YFR015C,1,0.000,0.707,1.000
1804,444,YLR177W,1,0.000,0.707,1.000
1805,445,YPL183C,2,0.000,0.366,0.400
1806,445,YPL030W,2,0.000,0.394,0.400
1807,445,YDL112W,1,0.000,0.168,0.200
1808,445,YMR259C,2,0.000,0.366,0.400
1809,446,YOL093W,1,0.000,0.707,1.000
1810,446,YLR405W,1,0.000,0.707,1.000
1811,447,YNR046W,1,0.000,0.707,1.000
1812,447,YDR140W,1,0.000,0.707,1.000
1813,448,YLR316C,2,0.000,0.577,1.000
1814,448,YJL035C,2,0.000,0.577,1.000
1815,448,YGL243W,2,0.000,0.577,1.000
1816,449,YJL212C,1,0.000,0.707,1.000
1817,449,YGL114W,1,0.000,0.707,1.000
1818,450,YBR092C,1,0.000,0.500,0.500
1819,450,YDL024C,1,0.000,0.500,0.500
1820,451,YBR093C,3,0.000,0.439,0.750
1821,451,YDR481C,3,0.000,0.439,0.750
1822,451,YAR071W,4,0.167,0.510,1.000
1823,451,YHR215W,4,0.167,0.510,1.000
1824,451,YDR281C,2,0.000,0.307,0.500
1825,452,YFL017C,2,0.000,0.523,0.667
1826,452,YNL192W,1,0.000,0.282,0.333
1827,452,YEL058W,2,0.000,0.523,0.667
1828,453,YOL095C,1,0.000,0.707,1.000
1829,453,YDR332W,1,0.000,0.707,1.000
1830,454,YDR539W,1,0.000,0.707,1.000
1831,454,YDR538W,1,0.000,0.707,1.000
1832,455,YBL061C,2,0.000,0.577,1.000
1833,455,YBR023C,2,0.000,0.577,1.000
1834,455,YHR142W,2,0.000,0.577,1.000
1835,456,YKR027W,4,0.000,0.447,1.000
1836,456,YLR330W,4,0.000,0.447,1.000
1837,456,YJL099W,4,0.000,0.447,1.000
1838,456,YMR237W,4,0.000,0.447,1.000
1839,456,YOR299W,4,0.000,0.447,1.000
1840,457,YBR078W,1,0.000,0.707,1.000
1841,457,YMR307W,1,0.000,0.707,1.000
1842,458,YLR342W,0,0.000,1.000,1.000
1843,459,YNL233W,0,0.000,1.000,1.000
1844,460,YDR438W,1,0.000,0.707,1.000
1845,460,YPL244C,1,0.000,0.707,1.000
1846,461,YNL063W,0,0.000,1.000,1.000
1847,462,YBR126C,0,0.000,1.000,1.000
1848,463,YLR149C,1,0.000,0.707,1.000
1849,463,YOR238W,1,0.000,0.707,1.000
1850,464,YFR017C,1,0.000,0.707,1.000
1851,464,YNR034W-A,1,0.000,0.707,1.000
1852,465,YGL169W,4,0.022,0.331,0.667
1853,465,YKR038C,5,0.044,0.408,0.833
1854,466,YOR095C,0,0.000,1.000,1.000
1855,467,YLL061W,1,0.000,0.707,0.500
1856,467,YPL273W,0,0.000,0.000,0.000
1857,467,YLL062C,1,0.000,0.707,0.500
1858,468,YJL144W,2,0.000,0.523,0.667
1859,468,YOL032W,2,0.000,0.523,0.667
1860,468,YPR158W,1,0.000,0.282,0.333
1861,469,YIL046W,0,0.000,1.000,1.000
1862,470,YDL138W,3,0.000,0.482,0.750
1863,470,YOR047C,3,0.000,0.482,0.750
1864,470,YDL194W,3,0.000,0.482,0.750
1865,470,YDR277C,1,0.000,0.170,0.250
1866,471,YCR037C,3,0.018,0.256,0.375
1867,471,YER072W,4,0.000,0.362,0.500
1868,471,YPL019C,4,0.000,0.362,0.500
1869,471,YNR013C,2,0.000,0.166,0.250
1870,471,YHR136C,5,0.054,0.408,0.625
1871,471,YJL198W,2,0.000,0.166,0.250
1872,471,YJL012C,4,0.000,0.362,0.500
1873,471,YBR296C,4,0.054,0.242,0.500
1874,472,YDL106C,1,0.000,0.707,1.000
1875,472,YFR034C,1,0.000,0.707,1.000
1876,473,YIL047C,1,0.000,0.707,1.000
1877,473,YGR233C,1,0.000,0.707,1.000
1878,474,YLR102C,12,0.000,0.277,1.000
1879,474,YNL172W,12,0.000,0.277,1.000
1880,474,YFR036W,12,0.000,0.277,1.000
1881,474,YIR025W,12,0.000,0.277,1.000
1882,474,YGL240W,12,0.000,0.277,1.000
1883,474,YLR127C,12,0.000,0.277,1.000
1884,474,YBL084C,12,0.000,0.277,1.000
1885,474,YDR260C,12,0.000,0.277,1.000
1886,474,YDL008W,12,0.000,0.277,1.000
1887,474,YOR249C,12,0.000,0.277,1.000
1888,474,YKL022C,12,0.000,0.277,1.000
1889,474,YDR118W,12,0.000,0.277,1.000
1890,474,YHR166C,12,0.000,0.277,1.000
1891,475,YEL029C,2,0.000,0.412,0.500
1892,475,YBR035C,3,0.083,0.524,0.750
1893,475,YGR017W,1,0.000,0.217,0.250
1894,475,YNR027W,2,0.000,0.412,0.500
1895,476,YKL041W,19,0.031,0.269,0.826
1896,476,YPL065W,17,0.016,0.254,0.739
1897,476,YMR077C,19,0.031,0.269,0.826
1898,476,YJR102C,17,0.019,0.251,0.739
1899,476,YKL002W,19,0.031,0.269,0.826
1900,476,YCL008C,16,0.011,0.243,0.696
1901,476,YLR417W,16,0.011,0.243,0.696
1902,476,YNR006W,16,0.014,0.238,0.696
1903,477,YER136W,3,0.000,0.482,0.750
1904,477,YPL070W,1,0.000,0.170,0.250
1905,477,YOR370C,3,0.000,0.482,0.750
1906,477,YBR264C,3,0.000,0.482,0.750
1907,478,YLR436C,1,0.000,0.707,1.000
1908,478,YMR304W,1,0.000,0.707,1.000
1909,479,YBR085C-A,1,0.000,0.114,0.200
1910,479,YBR070C,4,0.000,0.440,0.800
1911,479,YNL048W,4,0.000,0.440,0.800
1912,479,YGL047W,4,0.000,0.440,0.800
1913,479,YBR110W,4,0.000,0.440,0.800
1914,480,YBL020W,1,0.000,0.289,0.167
1915,480,YKR061W,1,0.000,0.289,0.167
1916,480,YBR199W,1,0.000,0.289,0.167
1917,480,YNL029C,1,0.000,0.289,0.167
1918,480,YIL085C,1,0.000,0.289,0.167
1919,480,YJL139C,1,0.000,0.289,0.167
1920,481,YIL030C,1,0.000,0.707,1.000
1921,481,YIL029C,1,0.000,0.707,1.000
1922,482,YGL002W,6,0.022,0.375,0.667
1923,482,YGL200C,6,0.019,0.373,0.667
1924,482,YAR002C-A,6,0.022,0.375,0.667
1925,483,YBR139W,0,0.000,0.000,0.000
1926,483,YEL060C,1,0.000,0.500,0.333
1927,483,YJL172W,1,0.000,0.500,0.333
1928,484,YGL203C,2,0.000,0.394,0.500
1929,484,YDR144C,2,0.000,0.394,0.500
1930,484,YOR219C,2,0.000,0.394,0.500
1931,484,YLR120C,2,0.000,0.394,0.500
1932,485,YLR432W,2,0.000,0.577,1.000
1933,485,YAR073W,2,0.000,0.577,1.000
1934,485,YAR075W,2,0.000,0.577,1.000
1935,486,YER099C,6,0.013,0.392,1.000
1936,486,YBL068W,6,0.013,0.392,1.000
1937,486,YKL181W,6,0.013,0.392,1.000
1938,486,YOL061W,6,0.013,0.392,1.000
1939,486,YHL011C,6,0.013,0.392,1.000
1940,487,YGR121C,2,0.000,0.523,0.667
1941,487,YJR152W,1,0.000,0.282,0.333
1942,487,YPR138C,2,0.000,0.523,0.667
1943,488,YER163C,3,0.167,0.557,1.000
1944,488,YLR299W,3,0.167,0.557,1.000
1945,489,YCL035C,0,0.000,0.707,0.000
1946,489,YDR513W,0,0.000,0.707,0.000
1947,490,YKL134C,1,0.000,0.707,1.000
1948,490,YER078C,1,0.000,0.707,1.000
1949,491,YGL156W,0,0.000,1.000,1.000
1950,492,YDL095W,7,0.010,0.355,0.700
1951,492,YAL023C,7,0.010,0.355,0.700
1952,492,YOR321W,7,0.010,0.355,0.700
1953,493,YJR092W,2,0.000,0.407,0.250
1954,493,YIL140W,3,0.036,0.537,0.375
1955,493,YJL201W,0,0.000,0.000,0.000
1956,493,YDR389W,0,0.000,0.000,0.000
1957,493,YCL014W,3,0.036,0.537,0.375
1958,493,YKL092C,1,0.000,0.180,0.125
1959,493,YOR134W,0,0.000,0.000,0.000
1960,493,YDL135C,0,0.000,0.000,0.000
1961,494,YGR202C,1,0.000,0.707,1.000
1962,494,YLR133W,1,0.000,0.707,1.000
1963,495,YMR285C,2,0.000,0.523,0.667
1964,495,YLR107W,2,0.000,0.523,0.667
1965,495,YGR276C,1,0.000,0.282,0.333
1966,496,YDL184C,1,0.000,0.707,1.000
1967,496,YDL133C-A,1,0.000,0.707,1.000
1968,497,YLR180W,1,0.000,0.500,0.500
1969,497,YHR137W,1,0.000,0.500,0.500
1970,498,YDR040C,4,0.033,0.409,0.800
1971,498,YDR456W,4,0.033,0.409,0.800
1972,499,YKR050W,1,0.000,0.707,1.000
1973,499,YJR054W,1,0.000,0.707,1.000
1974,500,YFR044C,2,0.000,0.577,1.000
1975,500,YBR281C,2,0.000,0.577,1.000
1976,500,YNL191W,2,0.000,0.577,1.000
1977,501,YPR069C,3,0.000,0.482,0.750
1978,501,YOL052C,3,0.000,0.482,0.750
1979,501,YLR146C,3,0.000,0.482,0.750
1980,501,YPL052W,1,0.000,0.170,0.250
1981,502,YOL081W,3,0.056,0.425,0.750
1982,502,YER020W,3,0.056,0.425,0.750
1983,502,YAL056W,3,0.056,0.425,0.750
1984,502,YOR371C,3,0.056,0.425,0.750
1985,503,YOR258W,1,0.000,0.500,0.500
1986,503,YHR134W,1,0.000,0.500,0.500
1987,504,YMR070W,1,0.000,0.707,1.000
1988,504,YLR228C,1,0.000,0.707,1.000
1989,505,YBL067C,4,0.167,0.510,1.000
1990,505,YIL156W,3,0.000,0.439,0.750
1991,505,YOL087C,2,0.000,0.307,0.500
1992,505,YER098W,4,0.167,0.510,1.000
1993,505,YKR098C,3,0.000,0.439,0.750
1994,506,YBR040W,1,0.000,0.707,1.000
1995,506,YML047C,1,0.000,0.707,1.000
1996,507,YDR414C,2,0.000,0.577,1.000
1997,507,YKR007W,2,0.000,0.577,1.000
1998,507,YCR075C,2,0.000,0.577,1.000
1999,508,YLR124W,1,0.000,0.500,0.500
2000,508,YPL034W,1,0.000,0.500,0.500
2001,509,YER123W,1,0.000,0.707,1.000
2002,509,YPL236C,1,0.000,0.707,1.000
2003,510,YNL161W,1,0.000,0.707,1.000
2004,510,YCL051W,1,0.000,0.707,1.000
2005,511,YKL094W,0,0.000,1.000,1.000
2006,512,YCR068W,0,0.000,1.000,1.000
2007,513,YLR066W,3,0.000,0.500,1.000
2008,513,YIR022W,3,0.000,0.500,1.000
2009,513,YJR010C-A,3,0.000,0.500,1.000
2010,513,YML055W,3,0.000,0.500,1.000
2011,514,YEL075W-A,4,0.000,0.447,1.000
2012,514,YEL077C,4,0.000,0.447,1.000
2013,514,YEL075C,4,0.000,0.447,1.000
2014,514,YEL076C,4,0.000,0.447,1.000
2015,514,YEL074W,4,0.000,0.447,1.000
2016,515,YDL233W,1,0.000,0.408,0.333
2017,515,YOL116W,1,0.000,0.408,0.333
2018,515,YER109C,1,0.000,0.408,0.333
2019,516,YBR083W,5,0.038,0.244,0.417
2020,516,YDR103W,6,0.014,0.305,0.500
2021,516,YJL157C,6,0.046,0.284,0.500
2022,516,YDL159W,5,0.011,0.267,0.417
2023,517,YOR230W,1,0.000,0.707,1.000
2024,517,YLR437C,1,0.000,0.707,1.000
2025,518,YGR058W,2,0.000,0.125,0.250
2026,518,YMR154C,7,0.089,0.379,0.875
2027,518,YGR122W,2,0.000,0.125,0.250
2028,518,YGL045W,6,0.000,0.362,0.750
2029,518,YNL294C,6,0.000,0.362,0.750
2030,518,YOR030W,6,0.000,0.362,0.750
2031,518,YMR063W,6,0.000,0.362,0.750
2032,518,YHL027W,7,0.089,0.379,0.875
2033,519,YOR022C,1,0.000,0.707,1.000
2034,519,YDL195W,1,0.000,0.707,1.000
2035,520,YOR220W,1,0.000,0.500,0.500
2036,520,YOR385W,1,0.000,0.500,0.500
2037,521,YKL159C,1,0.000,0.707,1.000
2038,521,YNL027W,1,0.000,0.707,1.000
2039,522,YDL128W,4,0.033,0.445,0.800
2040,522,YOR087W,4,0.033,0.445,0.800
2041,523,YGL167C,1,0.000,0.707,1.000
2042,523,YGL168W,1,0.000,0.707,1.000
2043,524,YDR459C,3,0.025,0.438,0.600
2044,524,YOL003C,2,0.025,0.298,0.400
2045,524,YDR126W,3,0.025,0.438,0.600
2046,524,YNL326C,2,0.025,0.298,0.400
2047,525,YDL240W,1,0.000,0.707,1.000
2048,525,YEL031W,1,0.000,0.707,1.000
2049,526,YDR099W,1,0.000,0.707,1.000
2050,526,YER177W,1,0.000,0.707,1.000
2051,527,YGR198W,2,0.000,0.412,0.500
2052,527,YMR212C,3,0.083,0.524,0.750
2053,527,YDR208W,2,0.000,0.412,0.500
2054,527,YKL051W,1,0.000,0.217,0.250
2055,528,YLR422W,1,0.000,0.707,1.000
2056,528,YLL007C,1,0.000,0.707,1.000
2057,529,YLR310C,0,0.000,1.000,1.000
2058,530,YER056C,0,0.000,1.000,1.000
2059,531,YLR254C,1,0.000,0.707,1.000
2060,531,YOR269W,1,0.000,0.707,1.000
2061,532,YDR517W,1,0.000,0.707,1.000
2062,532,YDL099W,1,0.000,0.707,1.000
2063,533,YIL177W-A,1,0.000,0.707,1.000
2064,533,YIL177C,1,0.000,0.707,1.000
2065,534,YML133W-A,2,0.000,0.577,1.000
2066,534,YML133C,2,0.000,0.577,1.000
2067,534,YML133W-B,2,0.000,0.577,1.000
2068,535,YKL102C,2,0.000,0.523,0.667
2069,535,YDR521W,2,0.000,0.523,0.667
2070,535,YLL066C,1,0.000,0.282,0.333
2071,536,YNL134C,1,0.000,0.500,0.500
2072,536,YDL072C,1,0.000,0.500,0.500
2073,537,YJR056C,5,0.000,0.408,1.000
2074,537,YJL028W,5,0.000,0.408,1.000
2075,537,YJR055W,5,0.000,0.408,1.000
2076,537,YJL161W,5,0.000,0.408,1.000
2077,537,YJL022W,5,0.000,0.408,1.000
2078,537,YJL027C,5,0.000,0.408,1.000
2079,538,YHR195W,1,0.000,0.707,1.000
2080,538,YAR042W,1,0.000,0.707,1.000
2081,539,YDL019C,1,0.000,0.326,0.200
2082,539,YBL091C-A,1,0.000,0.205,0.200
2083,539,YIL090W,1,0.000,0.326,0.200
2084,539,YMR124W,1,0.000,0.326,0.200
2085,540,YMR251W-A,1,0.000,0.500,0.500
2086,540,YBR054W,1,0.000,0.500,0.500
2087,541,YDR150W,1,0.000,0.707,1.000
2088,541,YPR083W,1,0.000,0.707,1.000
2089,542,YNL116W,1,0.000,0.500,0.500
2090,542,YHR115C,1,0.000,0.500,0.500
2091,543,YAL021C,1,0.000,0.707,1.000
2092,543,YNR052C,1,0.000,0.707,1.000
2093,544,YDL234C,3,0.056,0.425,0.750
2094,544,YOR070C,3,0.056,0.425,0.750
2095,544,YGR100W,3,0.056,0.425,0.750
2096,544,YPL249C,3,0.056,0.425,0.750
2097,545,YOR069W,7,0.018,0.360,0.778
2098,545,YOR132W,7,0.018,0.360,0.778
2099,546,YML072C,1,0.000,0.707,1.000
2100,546,YBR086C,1,0.000,0.707,1.000
2101,547,YDL058W,0,0.000,1.000,1.000
2102,548,YKL179C,2,0.000,0.577,1.000
2103,548,YJR134C,2,0.000,0.577,1.000
2104,548,YOR216C,2,0.000,0.577,1.000
2105,549,YMR079W,0,0.000,1.000,1.000
2106,550,YLR380W,1,0.000,0.707,1.000
2107,550,YJL145W,1,0.000,0.707,1.000
2108,551,YCR094W,4,0.022,0.412,0.667
2109,551,YNL323W,4,0.022,0.412,0.667
2110,552,YMR162C,1,0.000,0.707,1.000
2111,552,YNR048W,1,0.000,0.707,1.000
2112,553,YNL297C,2,0.000,0.523,0.667
2113,553,YMR010W,1,0.000,0.282,0.333
2114,553,YDR141C,2,0.000,0.523,0.667
2115,554,YOR107W,1,0.000,0.707,1.000
2116,554,YML104C,1,0.000,0.707,1.000
2117,555,YOR301W,3,0.167,0.557,1.000
2118,555,YLR084C,3,0.167,0.557,1.000
2119,556,YNL066W,7,0.021,0.363,0.583
2120,556,YHR143W,7,0.021,0.363,0.583
2121,556,YGL028C,7,0.021,0.363,0.583
2122,556,YNL327W,7,0.021,0.363,0.583
2123,556,YDR371W,3,0.008,0.076,0.250
2124,556,YER124C,7,0.021,0.363,0.583
2125,557,YDR306C,2,0.000,0.577,1.000
2126,557,YLR097C,2,0.000,0.577,1.000
2127,557,YBR280C,2,0.000,0.577,1.000
2128,558,YIL001W,1,0.000,0.707,1.000
2129,558,YGR003W,1,0.000,0.707,1.000
2130,559,YNL264C,1,0.000,0.707,1.000
2131,559,YPL272C,1,0.000,0.707,1.000
2132,560,YDR310C,0,0.000,1.000,1.000
2133,561,YNL333W,5,0.000,0.408,1.000
2134,561,YMR096W,5,0.000,0.408,1.000
2135,561,YNL334C,5,0.000,0.408,1.000
2136,561,YFL060C,5,0.000,0.408,1.000
2137,561,YMR095C,5,0.000,0.408,1.000
2138,561,YFL059W,5,0.000,0.408,1.000
2139,562,YGL210W,0,0.000,1.000,1.000
2140,563,YLL015W,1,0.000,0.500,0.500
2141,563,YGR154C,1,0.000,0.500,0.500
2142,564,YNL086W,5,0.000,0.408,1.000
2143,564,YGL079W,5,0.000,0.408,1.000
2144,564,YEL005C,5,0.000,0.408,1.000
2145,564,YDR357C,5,0.000,0.408,1.000
2146,564,YLR408C,5,0.000,0.408,1.000
2147,564,YKL061W,5,0.000,0.408,1.000
2148,565,YER046W,1,0.000,0.500,0.500
2149,565,YNL012W,1,0.000,0.500,0.500
2150,566,YLR189C,2,0.000,0.577,1.000
2151,566,YJL036W,2,0.000,0.577,1.000
2152,566,YDL113C,2,0.000,0.577,1.000
2153,567,YCR002C,9,0.045,0.343,0.818
2154,567,YGR059W,7,0.007,0.295,0.636
2155,567,YDR218C,7,0.007,0.295,0.636
2156,567,YDL225W,8,0.025,0.318,0.727
2157,568,YPR028W,4,0.056,0.479,1.000
2158,568,YDR233C,4,0.056,0.479,1.000
2159,568,YOR165W,4,0.056,0.479,1.000
2160,569,YHR076W,2,0.000,0.577,1.000
2161,569,YCR079W,2,0.000,0.577,1.000
2162,569,YOR090C,2,0.000,0.577,1.000
2163,570,YJR036C,1,0.000,0.707,1.000
2164,570,YMR247C,1,0.000,0.707,1.000
2165,571,YPL009C,3,0.083,0.470,0.750
2166,571,YKR023W,3,0.083,0.470,0.750
2167,572,YMR241W,1,0.000,0.707,1.000
2168,572,YDL198C,1,0.000,0.707,1.000
2169,573,YIL015W,6,0.039,0.320,0.545
2170,573,YDR461W,6,0.029,0.329,0.545
2171,573,YGL089C,6,0.052,0.316,0.545
2172,574,YCL056C,1,0.000,0.500,0.500
2173,574,YPL112C,1,0.000,0.500,0.500
2174,575,YPR008W,2,0.000,0.523,0.667
2175,575,YGR138C,2,0.000,0.523,0.667
2176,575,YPR157W,1,0.000,0.282,0.333
2177,576,YBR057C,2,0.000,0.523,0.667
2178,576,YNL196C,2,0.000,0.523,0.667
2179,576,YCL055W,1,0.000,0.282,0.333
2180,577,YCL027W,0,0.000,1.000,1.000
2181,578,YGR071C,1,0.000,0.500,0.500
2182,578,YLR373C,1,0.000,0.500,0.500
2183,579,YDR169C,1,0.000,0.282,0.333
2184,579,YPR104C,2,0.000,0.523,0.667
2185,579,YLR403W,2,0.000,0.523,0.667
2186,580,YFL066C,3,0.000,0.500,1.000
2187,580,YFL065C,3,0.000,0.500,1.000
2188,580,YFL067W,3,0.000,0.500,1.000
2189,580,YFL064C,3,0.000,0.500,1.000
2190,581,YJL073W,1,0.000,0.707,1.000
2191,581,YLR104W,1,0.000,0.707,1.000
2192,582,YLR057W,1,0.000,0.707,1.000
2193,582,YJR131W,1,0.000,0.707,1.000
2194,583,YGR225W,1,0.000,0.707,1.000
2195,583,YHR184W,1,0.000,0.707,1.000
2196,584,YER175C,1,0.000,0.707,1.000
2197,584,YGL117W,1,0.000,0.707,1.000
2198,585,YBR291C,1,0.000,0.500,0.500
2199,585,YJR141W,1,0.000,0.500,0.500
2200,586,YKR077W,1,0.000,0.707,1.000
2201,586,YOR066W,1,0.000,0.707,1.000
2202,587,YMR037C,0,0.000,1.000,1.000
2203,588,YHR009C,1,0.000,0.500,0.500
2204,588,YDL025C,1,0.000,0.500,0.500
2205,589,YGL071W,0,0.000,1.000,1.000
2206,590,YHL040C,2,0.000,0.523,0.667
2207,590,YOR382W,2,0.000,0.523,0.667
2208,590,YHL047C,1,0.000,0.282,0.333
2209,591,YCR040W,4,0.083,0.436,0.800
2210,591,YCL067C,4,0.083,0.436,0.800
2211,592,YKL189W,4,0.000,0.447,1.000
2212,592,YOR353C,4,0.000,0.447,1.000
2213,592,YFL034C-B,4,0.000,0.447,1.000
2214,592,YIL129C,4,0.000,0.447,1.000
2215,592,YHR102W,4,0.000,0.447,1.000
2216,593,YMR071C,3,0.167,0.557,1.000
2217,593,YDR100W,3,0.167,0.557,1.000
2218,594,YIR023W,1,0.000,0.408,0.333
2219,594,YBR006W,1,0.000,0.408,0.333
2220,594,YDL210W,1,0.000,0.408,0.333
2221,595,YNR055C,2,0.167,0.500,0.667
2222,595,YIL120W,2,0.167,0.500,0.667
2223,595,YNL065W,2,0.167,0.500,0.667
2224,595,YLL028W,2,0.167,0.500,0.667
2225,596,YML116W,1,0.000,0.707,1.000
2226,596,YBR008C,1,0.000,0.707,1.000
2227,597,YHR048W,1,0.000,0.707,1.000
2228,597,YIL121W,1,0.000,0.707,1.000
2229,598,YDR137W,2,0.000,0.386,0.286
2230,598,YLR039C,2,0.000,0.386,0.286
2231,598,YKR020W,1,0.000,0.104,0.143
2232,598,YLR261C,1,0.000,0.243,0.143
2233,598,YLR309C,1,0.000,0.243,0.143
2234,598,YJL044C,1,0.000,0.243,0.143
2235,599,YLL051C,1,0.000,0.408,0.333
2236,599,YOL152W,1,0.000,0.408,0.333
2237,599,YKL220C,1,0.000,0.408,0.333
2238,600,YMR086W,3,0.000,0.287,0.333
2239,600,YOL100W,3,0.000,0.284,0.333
2240,600,YGR130C,1,0.000,0.065,0.111
2241,600,YDR490C,3,0.000,0.284,0.333
2242,600,YML052W,2,0.000,0.222,0.222
2243,600,YPR149W,2,0.000,0.222,0.222
2244,600,YKL142W,2,0.000,0.222,0.222
2245,601,YDR492W,1,0.000,0.271,0.250
2246,601,YLR023C,2,0.000,0.473,0.500
2247,601,YOL101C,2,0.000,0.473,0.500
2248,601,YOL002C,1,0.000,0.271,0.250
2249,602,YOR316C,6,0.017,0.336,0.667
2250,602,YMR243C,6,0.017,0.336,0.667
2251,602,YDR205W,6,0.054,0.311,0.667
2252,603,YLL010C,1,0.000,0.500,0.500
2253,603,YLR019W,1,0.000,0.500,0.500
2254,604,YGL077C,1,0.000,0.707,1.000
2255,604,YDR497C,1,0.000,0.707,1.000
2256,605,YPL092W,1,0.000,0.707,1.000
2257,605,YGL254W,1,0.000,0.707,1.000
2258,606,YNL051W,7,0.000,0.310,0.778
2259,606,YGL223C,7,0.000,0.310,0.778
2260,606,YGR120C,7,0.000,0.310,0.778
2261,606,YPR105C,9,0.056,0.361,1.000
2262,606,YER157W,9,0.056,0.361,1.000
2263,606,YDR484W,5,0.000,0.217,0.556
2264,606,YJL029C,5,0.000,0.217,0.556
2265,606,YML071C,9,0.056,0.361,1.000
2266,606,YGL005C,7,0.000,0.310,0.778
2267,606,YNL041C,9,0.056,0.361,1.000
2268,607,YBR172C,1,0.000,0.500,0.500
2269,607,YOR338W,1,0.000,0.500,0.500
2270,608,YGL038C,0,0.000,1.000,1.000
2271,609,YJL170C,1,0.000,0.707,1.000
2272,609,YGL032C,1,0.000,0.707,1.000
2273,610,YLL019C,1,0.000,0.707,1.000
2274,610,YMR216C,1,0.000,0.707,1.000
2275,611,YIL014W,2,0.000,0.308,0.400
2276,611,YKL201C,2,0.000,0.355,0.400
2277,611,YGL257C,2,0.000,0.308,0.400
2278,611,YJL186W,2,0.000,0.355,0.400
2279,612,YJR075W,5,0.025,0.428,1.000
2280,612,YDR245W,5,0.025,0.428,1.000
2281,612,YJL183W,5,0.025,0.428,1.000
2282,612,YPL050C,5,0.025,0.428,1.000
2283,613,YPL053C,1,0.000,0.707,1.000
2284,613,YNR059W,1,0.000,0.707,1.000
2285,614,YDR089W,1,0.000,0.707,1.000
2286,614,YFL004W,1,0.000,0.707,1.000
2287,615,YBR056W-A,1,0.000,0.707,1.000
2288,615,YMR316W,1,0.000,0.707,1.000
2289,616,YGR070W,5,0.027,0.369,0.833
2290,616,YGR023W,5,0.027,0.369,0.833
2291,616,YOL105C,5,0.027,0.369,0.833
2292,616,YLR371W,5,0.027,0.369,0.833
2293,616,YNL283C,5,0.027,0.369,0.833
2294,616,YOR008C,5,0.027,0.369,0.833
2295,617,YBR260C,1,0.000,0.707,1.000
2296,617,YFL047W,1,0.000,0.707,1.000
2297,618,YBR168W,1,0.000,0.707,1.000
2298,618,YHR150W,1,0.000,0.707,1.000
2299,619,YGR004W,1,0.000,0.500,0.500
2300,619,YDR479C,1,0.000,0.500,0.500
2301,620,YGL141W,1,0.000,0.500,0.500
2302,620,YDR143C,1,0.000,0.500,0.500
2303,621,YIL039W,1,0.000,0.707,1.000
2304,621,YCR017C,1,0.000,0.707,1.000
2305,622,YNL008C,2,0.000,0.577,1.000
2306,622,YNL159C,2,0.000,0.577,1.000
2307,622,YMR119W,2,0.000,0.577,1.000
2308,623,YDL212W,1,0.000,0.707,1.000
2309,623,YKR039W,1,0.000,0.707,1.000
2310,624,YLL044W,1,0.000,0.707,1.000
2311,624,YLL038C,1,0.000,0.707,1.000
2312,625,YLR080W,1,0.000,0.707,1.000
2313,625,YFL048C,1,0.000,0.707,1.000
2314,626,YNL263C,4,0.033,0.438,0.800
2315,627,YBR187W,1,0.000,0.707,1.000
2316,627,YMR034C,1,0.000,0.707,1.000
2317,628,YJL151C,1,0.000,0.707,1.000
2318,628,YDR525W-A,1,0.000,0.707,1.000
2319,629,YPR109W,1,0.000,0.707,1.000
2320,629,YOL073C,1,0.000,0.707,1.000
2321,630,YGR143W,1,0.000,0.707,1.000
2322,630,YDR072C,1,0.000,0.707,1.000
2323,631,YOL042W,1,0.000,0.707,1.000
2324,631,YML118W,1,0.000,0.707,1.000
2325,632,YFR023W,1,0.000,0.260,0.200
2326,632,YNL085W,1,0.000,0.260,0.200
2327,632,YDL053C,2,0.000,0.431,0.400
2328,632,YHR121W,2,0.000,0.431,0.400
2329,632,YHR015W,1,0.000,0.260,0.200
2330,633,YBR271W,0,0.000,1.000,1.000
2331,634,YBR056W,1,0.000,0.500,0.500
2332,634,YAL008W,1,0.000,0.500,0.500
2333,635,YMR041C,1,0.000,0.500,0.500
2334,635,YBR149W,1,0.000,0.500,0.500
2335,636,YGR250C,1,0.000,0.707,1.000
2336,636,YIR001C,1,0.000,0.707,1.000
2337,637,YMR042W,2,0.000,0.231,0.333
2338,637,YLR410W,3,0.000,0.430,0.500
2339,637,YDR315C,3,0.000,0.430,0.500
2340,637,YOR163W,1,0.000,0.139,0.167
2341,637,YML099C,2,0.000,0.231,0.333
2342,638,YPR201W,2,0.000,0.577,1.000
2343,638,YPR199C,2,0.000,0.577,1.000
2344,638,YPR200C,2,0.000,0.577,1.000
2345,639,YBR030W,3,0.000,0.500,1.000
2346,639,YDR257C,3,0.000,0.500,1.000
2347,639,YPL208W,3,0.000,0.500,1.000
2348,639,YDR198C,3,0.000,0.500,1.000
2349,640,YOR051C,1,0.000,0.707,1.000
2350,640,YER049W,1,0.000,0.707,1.000
2351,641,YNL078W,2,0.000,0.577,1.000
2352,641,YOL070C,2,0.000,0.577,1.000
2353,641,YPL158C,2,0.000,0.577,1.000
2354,642,YFL057C,2,0.000,0.577,1.000
2355,642,YFL056C,2,0.000,0.577,1.000
2356,642,YDL243C,2,0.000,0.577,1.000
2357,643,YAL004W,1,0.000,0.707,1.000
2358,643,YOR053W,1,0.000,0.707,1.000
2359,644,YDR545W,1,0.000,0.707,1.000
2360,644,YDR545C-A,1,0.000,0.707,1.000
2361,645,YOR396W,1,0.000,0.500,0.500
2362,645,YOR394C-A,1,0.000,0.500,0.500
2363,646,YPL058C,1,0.000,0.707,1.000
2364,646,YML076C,1,0.000,0.707,1.000
2365,647,YMR204C,1,0.000,0.707,1.000
2366,647,YMR163C,1,0.000,0.707,1.000
2367,648,YLR343W,1,0.000,0.354,0.250
2368,648,YOL030W,1,0.000,0.354,0.250
2369,648,YOL132W,1,0.000,0.354,0.250
2370,648,YMR215W,1,0.000,0.354,0.250
2371,649,YOR252W,1,0.000,0.707,1.000
2372,649,YDR514C,1,0.000,0.707,1.000
2373,650,YOL110W,1,0.000,0.707,1.000
2374,650,YLR246W,1,0.000,0.707,1.000
2375,651,YER071C,1,0.000,0.707,1.000
2376,651,YIR003W,1,0.000,0.707,1.000
2377,652,YPR194C,1,0.000,0.500,0.500
2378,652,YPL177C,1,0.000,0.500,0.500
2379,653,YDL144C,1,0.000,0.707,1.000
2380,653,YFR018C,1,0.000,0.707,1.000
2381,654,YOR242C,1,0.000,0.707,1.000
2382,654,YOR255W,1,0.000,0.707,1.000
2383,655,YJL059W,0,0.000,1.000,1.000
2384,656,YCL001W-A,2,0.000,0.577,1.000
2385,656,YCL042W,2,0.000,0.577,1.000
2386,656,YCR024C-B,2,0.000,0.577,1.000
2387,657,YBL049W,1,0.000,0.707,1.000
2388,657,YBL048W,1,0.000,0.707,1.000
2389,658,YGL139W,1,0.000,0.500,0.500
2390,658,YGL146C,1,0.000,0.500,0.500
2391,659,YHR101C,1,0.000,0.707,1.000
2392,659,YMR200W,1,0.000,0.707,1.000
2393,660,YDR186C,1,0.000,0.707,1.000
2394,660,YLR065C,1,0.000,0.707,1.000
2395,661,YOR344C,1,0.000,0.500,0.500
2396,661,YPL075W,1,0.000,0.500,0.500
2397,662,YJL223C,20,0.016,0.239,1.000
2398,662,YKL224C,18,0.005,0.225,0.900
2399,662,YIR041W,20,0.016,0.239,1.000
2400,662,YEL049W,18,0.005,0.225,0.900
2401,662,YGR294W,19,0.008,0.234,0.950
2402,662,YFL020C,20,0.016,0.239,1.000
2403,662,YBR301W,19,0.011,0.232,0.950
2404,662,YMR325W,20,0.016,0.239,1.000
2405,662,YCR104W,20,0.016,0.239,1.000
2406,662,YNR076W,19,0.011,0.232,0.950
2407,662,YIL176C,20,0.016,0.239,1.000
2408,663,YNL149C,1,0.000,0.707,1.000
2409,663,YNL158W,1,0.000,0.707,1.000
2410,664,YCR089W,1,0.000,0.707,1.000
2411,664,YNR044W,1,0.000,0.707,1.000
2412,665,YDL046W,1,0.000,0.500,0.500
2413,665,YOR032C,1,0.000,0.500,0.500
2414,666,YGL222C,1,0.000,0.707,1.000
2415,666,YER035W,1,0.000,0.707,1.000
2416,667,YDR402C,1,0.000,0.500,0.500
2417,667,YHR139C,1,0.000,0.500,0.500
2418,668,YLL059C,1,0.000,0.500,0.500
2419,668,YML131W,1,0.000,0.500,0.500
2420,669,YKL164C,1,0.000,0.707,1.000
2421,669,YJL159W,1,0.000,0.707,1.000
2422,670,YDR250C,1,0.000,0.707,1.000
2423,670,YGR045C,1,0.000,0.707,1.000
2424,671,YER039C,1,0.000,0.707,1.000
2425,671,YER039C-A,1,0.000,0.707,1.000
2426,672,YBL109W,3,0.000,0.500,1.000
2427,672,YBL113W-A,3,0.000,0.500,1.000
2428,672,YBL113C,3,0.000,0.500,1.000
2429,672,YBL111C,3,0.000,0.500,1.000
2430,673,YEL004W,1,0.000,0.707,1.000
2431,673,YML038C,1,0.000,0.707,1.000
2432,674,YDR085C,1,0.000,0.707,1.000
2433,674,YER158C,1,0.000,0.707,1.000
2434,675,YPL199C,1,0.000,0.707,1.000
2435,675,YKL047W,1,0.000,0.707,1.000
2436,676,YLR465C,1,0.000,0.707,1.000
2437,676,YLR463C,1,0.000,0.707,1.000
2438,677,YLR467C-A,1,0.000,0.707,1.000
2439,677,YLR466C-B,1,0.000,0.707,1.000
2440,678,YNL101W,2,0.667,0.602,0.667
2441,678,YCL038C,2,0.667,0.602,0.667
2442,679,YPR044C,1,0.000,0.500,0.500
2443,679,YLR076C,1,0.000,0.500,0.500
2444,680,YBL108W,1,0.000,0.271,0.250
2445,680,YHR217C,2,0.000,0.473,0.500
2446,680,YDR544C,1,0.000,0.271,0.250
2447,680,YKL225W,2,0.000,0.473,0.500
2448,681,YHR219W,0,0.000,1.000,1.000
2449,682,YJR162C,3,0.083,0.524,0.750
2450,682,YNR077C,2,0.000,0.412,0.500
2451,682,YNL338W,1,0.000,0.217,0.250
2452,682,YFL063W,2,0.000,0.412,0.500
2453,683,YER188C-A,2,0.000,0.577,1.000
2454,683,YER190W,2,0.000,0.577,1.000
2455,683,YER189W,2,0.000,0.577,1.000
2456,684,YHL049C,0,0.000,1.000,1.000
2457,685,YCL012C,1,0.000,0.707,1.000
2458,685,YHL050W-A,1,0.000,0.707,1.000
2459,686,YNL033W,3,0.250,0.500,0.750
2460,686,YFL051C,2,0.056,0.408,0.500
2461,686,YNL034W,2,0.056,0.408,0.500
2462,686,YNL018C,2,0.056,0.408,0.500
2463,686,YNL019C,3,0.250,0.500,0.750
2464,687,YIL088C,1,0.000,0.707,1.000
2465,687,YKL146W,1,0.000,0.707,1.000
