,cluster,protein,degree,degree_centrality,eigenvector_centrality,betweenness_centrality
0,0,Q0010,6,0.857,0.417,0.119
1,0,Q0297,6,0.857,0.403,0.286
2,0,Q0143,6,0.857,0.417,0.119
3,1,YPL059W,11,1.000,0.303,0.009
4,1,YER048W-A,11,1.000,0.303,0.009
5,1,YKL040C,11,1.000,0.303,0.009
6,1,YPR067W,11,1.000,0.303,0.009
7,1,YCL017C,11,1.000,0.303,0.009
8,1,YPL252C,11,1.000,0.303,0.009
9,2,YMR301C,2,1.000,0.577,0.000
10,2,YGL018C,2,1.000,0.577,0.000
11,2,YDL120W,2,1.000,0.577,0.000
12,3,YOR232W,6,1.000,0.535,0.533
13,3,YFL016C,4,0.667,0.446,0.067
14,3,YJR045C,4,0.667,0.446,0.067
15,4,YAL046C,4,0.667,0.418,0.022
16,4,YAL044W-A,4,0.667,0.418,0.022
17,4,YDR098C,4,0.667,0.386,0.067
18,4,YER174C,4,0.667,0.386,0.067
19,4,YGL220W,6,1.000,0.506,0.356
20,5,YBR154C,36,0.590,0.183,0.034
21,5,YDR079C-A,33,0.541,0.179,0.017
22,5,YGL070C,32,0.525,0.180,0.008
23,5,YPR187W,35,0.574,0.186,0.021
24,5,YOR210W,35,0.574,0.182,0.027
25,5,YML010W,36,0.590,0.144,0.085
26,5,YOR151C,40,0.656,0.197,0.040
27,5,YIL021W,41,0.672,0.200,0.047
28,5,YOL005C,33,0.541,0.184,0.009
29,5,YIL143C,32,0.525,0.178,0.009
30,5,YDL140C,54,0.885,0.220,0.191
31,5,YJL140W,34,0.557,0.187,0.012
32,5,YGL043W,37,0.607,0.181,0.037
33,5,YDR404C,35,0.574,0.189,0.013
34,5,YER171W,32,0.525,0.178,0.009
35,5,YPR086W,34,0.557,0.188,0.015
36,6,YBL022C,0,1.000,1.000,0.000
37,7,YER148W,38,0.974,0.333,0.543
38,7,YGR274C,15,0.385,0.096,0.034
39,7,YNL113W,15,0.385,0.205,0.004
40,7,YPR190C,16,0.410,0.220,0.003
41,7,YOR207C,16,0.410,0.219,0.003
42,7,YOR116C,18,0.462,0.234,0.008
43,7,YGR246C,23,0.590,0.258,0.045
44,7,YPR110C,15,0.385,0.205,0.004
45,7,YNL151C,15,0.385,0.209,0.002
46,7,YDL150W,16,0.410,0.220,0.003
47,7,YNR003C,15,0.385,0.211,0.001
48,7,YNL039W,21,0.538,0.251,0.022
49,8,YGL127C,24,1.000,0.222,0.014
50,8,YNL236W,24,1.000,0.222,0.014
51,8,YLR071C,24,1.000,0.222,0.014
52,8,YOL135C,24,1.000,0.222,0.014
53,8,YDL005C,24,1.000,0.222,0.014
54,8,YDR308C,24,1.000,0.222,0.014
55,8,YBL093C,24,1.000,0.222,0.014
56,9,YGR252W,16,1.000,0.264,0.044
57,9,YPL254W,15,0.938,0.260,0.013
58,9,YHR099W,15,0.938,0.260,0.013
59,9,YCL010C,16,1.000,0.264,0.044
60,9,YDR448W,15,0.938,0.260,0.013
61,9,YDR176W,16,1.000,0.264,0.044
62,10,YDL132W,15,0.536,0.346,0.139
63,10,YJL047C,9,0.321,0.252,0.051
64,10,YOL133W,15,0.536,0.358,0.158
65,10,YLR306W,8,0.286,0.270,0.005
66,10,YPR066W,9,0.321,0.296,0.006
67,10,YDR139C,10,0.357,0.306,0.028
68,10,YDR328C,22,0.786,0.376,0.595
69,10,YDR054C,8,0.286,0.263,0.004
70,11,YHR111W,10,0.909,0.319,0.026
71,11,YLR384C,10,0.909,0.318,0.026
72,11,YGL211W,10,0.909,0.319,0.026
73,11,YPL086C,11,1.000,0.338,0.049
74,11,YGR200C,11,1.000,0.338,0.049
75,12,YPL240C,12,1.000,0.342,0.083
76,12,YDR214W,11,0.917,0.332,0.035
77,12,YMR186W,12,1.000,0.342,0.083
78,12,YKL117W,11,0.917,0.322,0.060
79,13,YOR064C,3,0.750,0.482,0.000
80,13,YPR031W,3,0.750,0.482,0.000
81,13,YPL129W,4,1.000,0.524,0.500
82,13,YLR455W,3,0.750,0.482,0.000
83,14,YML069W,3,1.000,0.557,0.167
84,14,YGL207W,3,1.000,0.557,0.167
85,15,YJR035W,2,1.000,0.707,1.000
86,16,YLR009W,145,0.721,0.092,0.010
87,16,YPR144C,138,0.687,0.091,0.003
88,16,YGR145W,152,0.756,0.097,0.004
89,16,YPL012W,143,0.711,0.093,0.004
90,16,YOR310C,144,0.716,0.093,0.005
91,16,YGR103W,172,0.856,0.103,0.013
92,16,YOR272W,164,0.816,0.101,0.008
93,16,YGL171W,140,0.697,0.094,0.002
94,16,YDR299W,143,0.711,0.093,0.006
95,16,YPL211W,139,0.692,0.088,0.007
96,16,YPL093W,146,0.726,0.093,0.006
97,16,YLL008W,152,0.756,0.095,0.011
98,16,YHR170W,141,0.701,0.091,0.009
99,16,YKL172W,154,0.766,0.096,0.006
100,16,YNL075W,145,0.721,0.094,0.004
101,16,YLR276C,142,0.706,0.092,0.005
102,16,YLR197W,144,0.716,0.093,0.005
103,16,YCR057C,153,0.761,0.097,0.015
104,16,YGR245C,146,0.726,0.094,0.007
105,16,YOL077C,155,0.771,0.095,0.017
106,16,YKL009W,148,0.736,0.094,0.007
107,16,YPR137W,148,0.736,0.095,0.007
108,16,YCL054W,161,0.801,0.099,0.009
109,16,YNL061W,153,0.761,0.096,0.006
110,16,YBR247C,152,0.756,0.097,0.005
111,16,YOR206W,159,0.791,0.099,0.007
112,16,YLR409C,143,0.711,0.092,0.004
113,16,YDR449C,145,0.721,0.096,0.003
114,16,YOR294W,154,0.766,0.096,0.006
115,16,YGL078C,148,0.736,0.091,0.009
116,16,YMR290C,158,0.786,0.099,0.007
117,16,YLR222C,149,0.741,0.095,0.007
118,16,YMR229C,143,0.711,0.093,0.004
119,16,YNL132W,144,0.716,0.094,0.004
120,16,YNL110C,157,0.781,0.097,0.006
121,16,YER006W,154,0.766,0.097,0.005
122,16,YDR496C,163,0.811,0.098,0.031
123,16,YDL060W,144,0.716,0.093,0.004
124,16,YKR081C,163,0.811,0.101,0.007
125,16,YMR049C,166,0.826,0.101,0.022
126,16,YJL033W,149,0.741,0.096,0.004
127,16,YPL043W,162,0.806,0.099,0.008
128,16,YDL148C,147,0.731,0.096,0.004
129,16,YNL308C,142,0.706,0.093,0.003
130,16,YDR398W,145,0.721,0.095,0.004
131,16,YLR129W,148,0.736,0.096,0.004
132,16,YLR002C,138,0.687,0.089,0.003
133,16,YER082C,141,0.701,0.093,0.003
134,16,YHR052W,155,0.771,0.096,0.009
135,16,YPL217C,148,0.736,0.095,0.006
136,16,YAL025C,143,0.711,0.090,0.006
137,17,YDR005C,1,0.500,0.707,0.000
138,17,YHR205W,1,0.500,0.707,0.000
139,18,YOL142W,19,0.704,0.249,0.017
140,18,YOL021C,22,0.815,0.262,0.060
141,18,YNL232W,19,0.704,0.249,0.017
142,18,YGR095C,18,0.667,0.246,0.006
143,18,YJL050W,21,0.778,0.241,0.073
144,18,YGR158C,18,0.667,0.246,0.006
145,18,YOR001W,27,1.000,0.273,0.289
146,18,YGR195W,18,0.667,0.246,0.006
147,19,YPL207W,4,1.000,0.447,0.000
148,19,YGL050W,4,1.000,0.447,0.000
149,19,YOL141W,4,1.000,0.447,0.000
150,19,YML005W,4,1.000,0.447,0.000
151,19,YHR070W,4,1.000,0.447,0.000
152,20,YKL024C,6,0.500,0.312,0.045
153,20,YKL216W,6,0.500,0.344,0.013
154,20,YEL021W,12,1.000,0.494,0.604
155,20,YML106W,6,0.500,0.344,0.013
156,21,YER005W,0,1.000,1.000,0.000
157,22,YLR245C,3,0.750,0.470,0.083
158,22,YPR062W,4,1.000,0.559,0.333
159,22,YDR400W,3,0.750,0.470,0.083
160,23,YGL189C,151,0.938,0.085,0.001
161,23,YLR388W,151,0.938,0.084,0.001
162,23,YML063W,150,0.932,0.084,0.001
163,23,YHR203C,150,0.932,0.084,0.001
164,23,YER074W,152,0.944,0.085,0.001
165,23,YPL131W,151,0.938,0.085,0.001
166,23,YNL178W,156,0.969,0.085,0.004
167,23,YER131W,150,0.932,0.084,0.001
168,23,YGR027C,151,0.938,0.085,0.001
169,23,YBR181C,151,0.938,0.084,0.001
170,23,YPL081W,150,0.932,0.084,0.001
171,23,YDR450W,150,0.932,0.084,0.001
172,23,YGR118W,152,0.944,0.085,0.002
173,23,YCR031C,152,0.944,0.085,0.002
174,23,YDR064W,153,0.950,0.085,0.002
175,23,YBR031W,150,0.932,0.084,0.002
176,23,YGL123W,155,0.963,0.085,0.004
177,23,YER102W,154,0.957,0.085,0.002
178,23,YJR123W,155,0.963,0.085,0.008
179,23,YOR167C,151,0.938,0.084,0.001
180,23,YBR048W,152,0.944,0.085,0.002
181,23,YOR096W,151,0.938,0.084,0.002
182,23,YLR264W,151,0.938,0.084,0.001
183,23,YLR340W,151,0.938,0.084,0.003
184,23,YML026C,153,0.950,0.085,0.002
185,23,YML024W,153,0.950,0.085,0.002
186,23,YIL069C,150,0.932,0.084,0.001
187,23,YDR025W,150,0.932,0.084,0.001
188,23,YLR441C,154,0.957,0.085,0.002
189,23,YOL040C,155,0.963,0.085,0.002
190,23,YDR447C,152,0.944,0.085,0.002
191,23,YGR214W,152,0.944,0.085,0.002
192,23,YOR369C,152,0.944,0.085,0.002
193,23,YPR132W,150,0.932,0.084,0.001
194,23,YJR145C,153,0.950,0.085,0.002
195,23,YBL072C,153,0.950,0.085,0.002
196,23,YMR143W,152,0.944,0.085,0.002
197,23,YPL090C,152,0.944,0.085,0.002
198,23,YMR116C,156,0.969,0.086,0.004
199,23,YKR057W,150,0.932,0.084,0.001
200,23,YJL190C,154,0.957,0.085,0.002
201,23,YDL083C,152,0.944,0.085,0.002
202,23,YOR063W,151,0.938,0.084,0.004
203,23,YOR293W,151,0.938,0.085,0.001
204,23,YHL015W,155,0.963,0.085,0.002
205,23,YJL191W,150,0.932,0.084,0.001
206,24,YDR061W,2,1.000,0.707,1.000
207,25,YBR118W,1,1.000,0.707,0.000
208,25,YGR211W,1,1.000,0.707,0.000
209,26,YJR113C,70,0.854,0.131,0.006
210,26,YKL003C,75,0.915,0.137,0.009
211,26,YEL050C,70,0.854,0.131,0.006
212,26,YPL013C,75,0.915,0.137,0.010
213,26,YCR003W,68,0.829,0.129,0.004
214,26,YPR166C,72,0.878,0.135,0.006
215,26,YNL306W,69,0.841,0.131,0.005
216,26,YNR037C,71,0.866,0.132,0.007
217,26,YNL137C,69,0.841,0.129,0.007
218,26,YJL063C,71,0.866,0.132,0.006
219,26,YDR041W,68,0.829,0.127,0.006
220,26,YCR046C,70,0.854,0.130,0.007
221,26,YBL038W,70,0.854,0.131,0.007
222,26,YBR146W,74,0.902,0.136,0.008
223,26,YER050C,70,0.854,0.132,0.005
224,26,YGL129C,73,0.890,0.135,0.008
225,26,YBR251W,75,0.915,0.136,0.033
226,26,YDR337W,74,0.902,0.136,0.008
227,26,YNL005C,70,0.854,0.130,0.006
228,26,YMR158W,72,0.878,0.133,0.008
229,26,YGR220C,71,0.866,0.132,0.016
230,26,YOR150W,69,0.841,0.131,0.004
231,26,YLR439W,68,0.829,0.129,0.005
232,26,YPL183W-A,68,0.829,0.128,0.007
233,27,YER025W,3,1.000,0.500,0.000
234,27,YPR041W,3,1.000,0.500,0.000
235,27,YJR007W,3,1.000,0.500,0.000
236,27,YPL237W,3,1.000,0.500,0.000
237,28,YLR167W,3,0.600,0.491,0.050
238,28,YLL039C,5,1.000,0.604,0.750
239,29,YJR064W,0,1.000,1.000,0.000
240,30,YPR080W,0,1.000,1.000,0.000
241,31,YJL111W,6,1.000,0.378,0.000
242,31,YDL143W,6,1.000,0.378,0.000
243,31,YJL014W,6,1.000,0.378,0.000
244,31,YJL008C,6,1.000,0.378,0.000
245,31,YIL142W,6,1.000,0.378,0.000
246,31,YDR188W,6,1.000,0.378,0.000
247,31,YDR212W,6,1.000,0.378,0.000
248,32,YLR038C,32,0.667,0.181,0.033
249,32,YBL045C,35,0.729,0.192,0.026
250,32,Q0105,37,0.771,0.195,0.050
251,32,Q0250,34,0.708,0.182,0.032
252,32,YPR191W,38,0.792,0.203,0.029
253,32,YJL166W,37,0.771,0.201,0.036
254,32,YOR065W,38,0.792,0.201,0.048
255,32,YGR183C,35,0.729,0.198,0.013
256,32,YGL187C,34,0.708,0.190,0.017
257,32,YHR051W,35,0.729,0.183,0.047
258,32,YDR529C,36,0.750,0.199,0.019
259,32,YEL024W,37,0.771,0.201,0.023
260,32,YFR033C,35,0.729,0.197,0.015
261,33,YPL172C,5,0.833,0.558,0.500
262,33,YER141W,4,0.667,0.515,0.167
263,34,YLR067C,0,1.000,1.000,0.000
264,35,YML129C,4,0.800,0.440,0.000
265,35,YLR203C,4,0.800,0.440,0.000
266,35,YGR112W,5,1.000,0.462,0.400
267,35,YIL157C,4,0.800,0.440,0.000
268,35,YJL062W-A,4,0.800,0.440,0.000
269,36,Q0115,3,1.000,0.557,0.167
270,36,Q0075,3,1.000,0.557,0.167
271,37,YBL099W,28,0.903,0.223,0.052
272,37,YJR121W,29,0.935,0.227,0.061
273,37,YDR298C,27,0.871,0.222,0.022
274,37,YDL004W,27,0.871,0.219,0.026
275,37,YPL271W,27,0.871,0.218,0.026
276,37,YKL016C,27,0.871,0.222,0.022
277,37,YPL078C,27,0.871,0.218,0.027
278,37,YBR039W,26,0.839,0.215,0.019
279,38,Q0055,1,1.000,0.707,0.000
280,38,Q0110,1,1.000,0.707,0.000
281,39,YLL018C-A,3,1.000,0.557,0.167
282,39,YLL009C,3,1.000,0.557,0.167
283,40,YDL069C,1,1.000,0.707,0.000
284,40,YDR197W,1,1.000,0.707,0.000
285,41,YPL215W,2,1.000,0.707,1.000
286,42,YGR062C,2,1.000,0.577,0.000
287,42,YDL107W,2,1.000,0.577,0.000
288,42,YOR266W,2,1.000,0.577,0.000
289,43,YEL059C-A,1,1.000,0.707,0.000
290,43,YDR231C,1,1.000,0.707,0.000
291,44,YDR296W,1,1.000,0.707,0.000
292,44,YKL011C,1,1.000,0.707,0.000
293,45,YNL206C,14,0.467,0.188,0.028
294,45,YML102W,14,0.467,0.198,0.027
295,45,YBR010W,28,0.933,0.331,0.234
296,45,YJL115W,21,0.700,0.282,0.090
297,45,YDR224C,14,0.467,0.217,0.012
298,45,YNL031C,26,0.867,0.318,0.167
299,45,YBR009C,23,0.767,0.308,0.082
300,45,YNL030W,15,0.500,0.221,0.019
301,46,YBR166C,0,1.000,1.000,0.000
302,47,YMR033W,23,1.000,0.257,0.062
303,47,YGR275W,23,1.000,0.257,0.062
304,47,YLR357W,20,0.870,0.243,0.018
305,47,YIL126W,19,0.826,0.234,0.014
306,47,YGR056W,20,0.870,0.243,0.018
307,47,YPR034W,23,1.000,0.257,0.062
308,47,YCR052W,19,0.826,0.235,0.013
309,47,YFR037C,19,0.826,0.234,0.014
310,48,YCR053W,4,1.000,0.447,0.000
311,48,YER052C,4,1.000,0.447,0.000
312,48,YDR158W,4,1.000,0.447,0.000
313,48,YJR139C,4,1.000,0.447,0.000
314,48,YHR025W,4,1.000,0.447,0.000
315,49,YAL043C,18,0.545,0.240,0.007
316,49,YKL059C,18,0.545,0.240,0.007
317,49,YGL044C,18,0.545,0.240,0.007
318,49,YDR228C,18,0.545,0.240,0.007
319,49,YLR115W,18,0.545,0.240,0.007
320,49,YLR277C,18,0.545,0.240,0.007
321,49,YDR301W,18,0.545,0.240,0.007
322,49,YPR107C,18,0.545,0.240,0.007
323,49,YER133W,31,0.939,0.236,0.596
324,50,YPL138C,6,1.000,0.378,0.000
325,50,YBR175W,6,1.000,0.378,0.000
326,50,YLR015W,6,1.000,0.378,0.000
327,50,YHR119W,6,1.000,0.378,0.000
328,50,YDR469W,6,1.000,0.378,0.000
329,50,YBR258C,6,1.000,0.378,0.000
330,50,YAR003W,6,1.000,0.378,0.000
331,51,YFL013C,19,0.260,0.184,0.001
332,51,YOR189W,19,0.260,0.183,0.001
333,51,YFL039C,64,0.877,0.334,0.593
334,51,YGL150C,21,0.288,0.194,0.003
335,51,YNL107W,28,0.384,0.238,0.013
336,51,YNL059C,17,0.233,0.159,0.002
337,51,YLL050C,20,0.274,0.069,0.016
338,51,YNL243W,17,0.233,0.062,0.040
339,51,YOR181W,27,0.370,0.086,0.049
340,51,YCR088W,21,0.288,0.075,0.020
341,51,YDR485C,20,0.274,0.194,0.002
342,51,YLR399C,17,0.233,0.175,0.000
343,51,YLR052W,20,0.274,0.192,0.001
344,51,YLR085C,17,0.233,0.172,0.001
345,51,YDL002C,19,0.260,0.184,0.001
346,51,YML041C,17,0.233,0.175,0.000
347,51,YLR337C,18,0.247,0.066,0.027
348,51,YDR334W,22,0.301,0.206,0.005
349,51,YDL029W,29,0.397,0.090,0.046
350,51,YGR002C,26,0.356,0.224,0.010
351,51,YDR129C,23,0.315,0.079,0.019
352,51,YJR065C,17,0.233,0.065,0.010
353,51,YJL081C,30,0.411,0.248,0.018
354,52,YMR213W,61,0.656,0.127,0.020
355,52,YFL017W-A,80,0.860,0.159,0.021
356,52,YER172C,73,0.785,0.148,0.019
357,52,YOR319W,64,0.688,0.135,0.009
358,52,YMR240C,69,0.742,0.144,0.011
359,52,YPL213W,78,0.839,0.158,0.018
360,52,YPR094W,61,0.656,0.131,0.007
361,52,YPR182W,79,0.849,0.159,0.019
362,52,YDR416W,61,0.656,0.130,0.009
363,52,YDL043C,71,0.763,0.148,0.012
364,52,YLR275W,79,0.849,0.159,0.019
365,52,YGR074W,71,0.763,0.145,0.034
366,52,YLR117C,69,0.742,0.141,0.016
367,52,YHR165C,74,0.796,0.149,0.021
368,52,YDL030W,62,0.667,0.133,0.007
369,52,YOR308C,64,0.688,0.129,0.014
370,52,YJL203W,66,0.710,0.138,0.010
371,52,YKL173W,78,0.839,0.155,0.027
372,52,YLR147C,79,0.849,0.159,0.019
373,52,YML049C,69,0.742,0.144,0.011
374,52,YMR288W,74,0.796,0.151,0.015
375,52,YOR159C,76,0.817,0.154,0.018
376,52,YIR009W,65,0.699,0.137,0.009
377,52,YER029C,77,0.828,0.154,0.021
378,53,YOR184W,1,1.000,0.707,0.000
379,53,YGR208W,1,1.000,0.707,0.000
380,54,YPL178W,2,1.000,0.707,1.000
381,55,YGL163C,28,0.491,0.202,0.015
382,55,YKL113C,26,0.456,0.188,0.014
383,55,YHR164C,25,0.439,0.175,0.027
384,55,YDR004W,23,0.404,0.174,0.009
385,55,YBR136W,33,0.579,0.220,0.034
386,55,YMR190C,44,0.772,0.261,0.123
387,55,YAR007C,28,0.491,0.187,0.059
388,55,YER095W,42,0.737,0.258,0.103
389,55,YPL022W,30,0.526,0.193,0.063
390,55,YPL153C,25,0.439,0.169,0.017
391,55,YJL092W,29,0.509,0.193,0.030
392,55,YML032C,38,0.667,0.248,0.048
393,55,YDR386W,33,0.579,0.210,0.053
394,55,YOR033C,32,0.561,0.217,0.060
395,55,YDR217C,26,0.456,0.174,0.037
396,56,YMR061W,1,1.000,0.707,0.000
397,56,YBL051C,1,1.000,0.707,0.000
398,57,YOR048C,2,1.000,0.707,1.000
399,58,YJL168C,0,1.000,1.000,0.000
400,59,YLR438W,6,1.000,0.415,0.067
401,59,YOR323C,6,1.000,0.415,0.067
402,59,YHR037W,6,1.000,0.415,0.067
403,60,YER125W,17,0.944,0.590,0.843
404,60,YKR021W,3,0.167,0.242,0.000
405,60,YMR275C,3,0.167,0.249,0.000
406,60,YJL084C,4,0.222,0.277,0.010
407,60,YOR322C,8,0.444,0.405,0.154
408,60,YOR018W,3,0.167,0.242,0.000
409,61,YGL058W,3,1.000,0.612,0.667
410,62,YBR058C,4,0.571,0.474,0.095
411,62,YOR124C,6,0.857,0.542,0.619
412,63,YJL002C,10,0.909,0.319,0.010
413,63,YOR103C,10,0.909,0.319,0.010
414,63,YDL232W,10,0.909,0.319,0.010
415,63,YEL002C,10,0.909,0.319,0.010
416,63,YLR378C,11,1.000,0.323,0.192
417,63,YGL022W,10,0.909,0.319,0.010
418,64,YOR265W,8,0.800,0.361,0.039
419,64,YML085C,8,0.800,0.334,0.106
420,64,YFL037W,9,0.900,0.368,0.162
421,64,YOR349W,8,0.800,0.361,0.039
422,64,YML124C,8,0.800,0.345,0.082
423,65,YOR262W,1,1.000,0.707,0.000
424,65,YDR527W,1,1.000,0.707,0.000
425,66,YKL008C,12,0.923,0.343,0.117
426,66,YLR260W,10,0.769,0.318,0.042
427,66,YHL003C,12,0.923,0.343,0.117
428,66,YDR297W,11,0.846,0.330,0.078
429,66,YOR171C,10,0.769,0.318,0.042
430,67,YDL114W,1,1.000,0.707,0.000
431,67,YDR541C,1,1.000,0.707,0.000
432,68,YJL100W,7,0.438,0.320,0.001
433,68,YPL268W,7,0.438,0.320,0.001
434,68,YOR109W,7,0.438,0.320,0.001
435,68,YKL212W,16,1.000,0.442,0.697
436,68,YNL267W,8,0.500,0.334,0.026
437,68,YNL106C,7,0.438,0.320,0.001
438,69,YGR284C,9,0.333,0.253,0.030
439,69,YKL073W,11,0.407,0.285,0.041
440,69,YAL058W,12,0.444,0.304,0.066
441,69,YCL043C,13,0.481,0.312,0.059
442,69,YML130C,10,0.370,0.236,0.088
443,69,YJL034W,24,0.889,0.436,0.536
444,69,YOR254C,11,0.407,0.276,0.036
445,70,YLR024C,2,1.000,0.707,1.000
446,71,YML007W,2,1.000,0.577,0.000
447,71,YIR037W,2,1.000,0.577,0.000
448,71,YBR216C,2,1.000,0.577,0.000
449,72,YOR117W,39,0.886,0.170,0.007
450,72,YGR253C,39,0.886,0.165,0.027
451,72,YGR135W,39,0.886,0.165,0.027
452,72,YDR394W,38,0.864,0.167,0.005
453,72,YOR261C,38,0.864,0.167,0.005
454,72,YDL007W,39,0.886,0.170,0.007
455,72,YHR200W,39,0.886,0.170,0.007
456,72,YKL145W,39,0.886,0.170,0.007
457,72,YDL147W,39,0.886,0.170,0.007
458,72,YER012W,39,0.886,0.167,0.017
459,72,YLR421C,38,0.864,0.167,0.005
460,72,YGL048C,39,0.886,0.170,0.007
461,72,YOR259C,39,0.886,0.170,0.007
462,72,YHR027C,38,0.864,0.167,0.005
463,73,YJR066W,10,0.833,0.302,0.037
464,73,YHR186C,10,0.833,0.302,0.037
465,73,YJL058C,10,0.833,0.315,0.016
466,73,YNL006W,10,0.833,0.315,0.016
467,73,YOL078W,10,0.833,0.315,0.016
468,73,YMR068W,10,0.833,0.315,0.016
469,73,YER093C,10,0.833,0.315,0.016
470,73,YKL203C,11,0.917,0.324,0.081
471,74,YDR466W,1,1.000,0.707,0.000
472,74,YBL105C,1,1.000,0.707,0.000
473,75,YCR021C,2,1.000,0.577,0.000
474,75,YCR027C,2,1.000,0.577,0.000
475,75,YNL270C,2,1.000,0.577,0.000
476,76,YDL047W,0,1.000,1.000,0.000
477,77,YIL153W,12,0.571,0.296,0.019
478,77,YDL188C,12,0.571,0.290,0.026
479,77,YDL134C,14,0.667,0.311,0.074
480,77,YGL190C,17,0.810,0.306,0.360
481,77,YPL152W,12,0.571,0.296,0.019
482,77,YAL016W,16,0.762,0.333,0.116
483,78,YDR211W,5,0.833,0.405,0.000
484,78,YOR260W,5,0.833,0.405,0.000
485,78,YDR283C,5,0.833,0.405,0.000
486,78,YGR083C,5,0.833,0.405,0.000
487,78,YKR026C,5,0.833,0.405,0.000
488,78,YLR291C,6,1.000,0.418,0.333
489,79,YGR249W,0,0.000,0.500,0.000
490,79,YGL073W,0,0.000,0.500,0.000
491,79,YJR147W,0,0.000,0.500,0.000
492,79,YHR206W,0,0.000,0.500,0.000
493,80,YGL180W,16,0.667,0.330,0.073
494,80,YNL223W,11,0.458,0.257,0.017
495,80,YPL149W,11,0.458,0.264,0.010
496,80,YBL078C,19,0.792,0.308,0.342
497,80,YOL082W,12,0.500,0.228,0.085
498,80,YBR217W,11,0.458,0.260,0.011
499,80,YDL149W,15,0.625,0.309,0.058
500,80,YPR049C,17,0.708,0.312,0.140
501,81,YKL033W,7,0.778,0.406,0.084
502,81,YPL235W,7,0.778,0.396,0.114
503,81,YDR190C,8,0.889,0.427,0.195
504,82,YML121W,4,1.000,0.510,0.167
505,82,YGR163W,4,1.000,0.510,0.167
506,83,YOL139C,6,1.000,0.645,0.867
507,83,YPL119C,2,0.333,0.347,0.000
508,83,YOR276W,2,0.333,0.347,0.000
509,83,YOR204W,2,0.333,0.347,0.000
510,83,YCL037C,2,0.333,0.347,0.000
511,84,YMR104C,1,1.000,0.707,0.000
512,84,YMR103C,1,1.000,0.707,0.000
513,85,YMR106C,6,1.000,0.405,0.033
514,85,YMR284W,6,1.000,0.405,0.033
515,85,YCR014C,6,1.000,0.405,0.033
516,85,YOR005C,6,1.000,0.405,0.033
517,86,YNL135C,4,1.000,0.636,0.833
518,86,YGR037C,2,0.500,0.473,0.000
519,86,YLR179C,2,0.500,0.473,0.000
520,87,YHR030C,6,0.857,0.439,0.194
521,87,YPL089C,6,0.857,0.435,0.187
522,88,YNR056C,6,1.000,0.490,0.222
523,88,YNR058W,6,1.000,0.490,0.222
524,89,YER014W,8,0.889,0.357,0.222
525,89,YDR232W,7,0.778,0.351,0.000
526,89,YOR278W,7,0.778,0.351,0.000
527,89,YDR047W,7,0.778,0.351,0.000
528,89,YOR176W,7,0.778,0.351,0.000
529,89,YDL205C,7,0.778,0.351,0.000
530,89,YGL040C,7,0.778,0.351,0.000
531,89,YDR044W,8,0.889,0.357,0.222
532,90,YIL003W,6,1.000,0.392,0.013
533,90,YIL128W,6,1.000,0.392,0.013
534,90,YGL091C,6,1.000,0.392,0.013
535,90,YHR122W,6,1.000,0.392,0.013
536,90,YNL240C,6,1.000,0.392,0.013
537,91,YBL014C,6,1.000,0.378,0.000
538,91,YML043C,6,1.000,0.378,0.000
539,91,YOR295W,6,1.000,0.378,0.000
540,91,YLR141W,6,1.000,0.378,0.000
541,91,YBL025W,6,1.000,0.378,0.000
542,91,YJL025W,6,1.000,0.378,0.000
543,91,YMR270C,6,1.000,0.378,0.000
544,92,YEL009C,2,1.000,0.707,1.000
545,93,YER110C,10,0.769,0.308,0.039
546,93,YBR017C,10,0.769,0.316,0.032
547,93,YGL241W,10,0.769,0.310,0.033
548,93,YLR347C,11,0.846,0.338,0.041
549,93,YMR308C,10,0.769,0.308,0.039
550,94,YOL012C,0,1.000,1.000,0.000
551,95,YBR019C,6,1.000,0.405,0.033
552,95,YML051W,6,1.000,0.405,0.033
553,95,YBR020W,6,1.000,0.405,0.033
554,95,YDR009W,6,1.000,0.405,0.033
555,96,YLR244C,3,1.000,0.612,0.667
556,97,YHR013C,8,0.727,0.358,0.085
557,97,YEL053C,8,0.727,0.364,0.094
558,97,YPR131C,8,0.727,0.351,0.185
559,97,YPR051W,8,0.727,0.364,0.094
560,97,YOR253W,8,0.727,0.358,0.085
561,98,YGL195W,4,0.667,0.428,0.367
562,98,YDR152W,5,0.833,0.554,0.400
563,99,YJL180C,2,1.000,0.707,1.000
564,100,YOL027C,1,1.000,0.707,0.000
565,100,YER154W,1,1.000,0.707,0.000
566,101,YFL036W,3,1.000,0.707,1.000
567,102,YLR393W,1,1.000,0.707,0.000
568,102,YNR020C,1,1.000,0.707,0.000
569,103,YOR270C,5,0.714,0.521,0.476
570,103,YLR447C,5,0.714,0.487,0.524
571,104,YGR060W,20,0.800,0.244,0.023
572,104,YHR007C,21,0.840,0.238,0.135
573,104,YHR190W,23,0.920,0.268,0.046
574,104,YHR072W,21,0.840,0.255,0.027
575,104,YGR175C,22,0.880,0.261,0.038
576,104,YML126C,21,0.840,0.249,0.034
577,104,YGL001C,18,0.720,0.228,0.011
578,105,YDL090C,7,0.700,0.397,0.133
579,105,YMR274C,6,0.600,0.331,0.050
580,105,YKL019W,9,0.900,0.456,0.361
581,106,YLR201C,9,0.750,0.321,0.004
582,106,YML110C,9,0.750,0.321,0.004
583,106,YBR003W,9,0.750,0.321,0.004
584,106,YOL096C,10,0.833,0.325,0.171
585,106,YNR041C,9,0.750,0.305,0.040
586,106,YGL119W,9,0.750,0.305,0.040
587,106,YGR255C,10,0.833,0.325,0.171
588,106,YOR125C,10,0.833,0.332,0.060
589,106,YDR204W,9,0.750,0.321,0.004
590,107,YOR156C,8,0.800,0.331,0.000
591,107,YDR390C,8,0.800,0.331,0.000
592,107,YPL020C,10,1.000,0.342,0.356
593,107,YIL031W,8,0.800,0.331,0.000
594,107,YEL019C,8,0.800,0.331,0.000
595,107,YDR409W,8,0.800,0.331,0.000
596,107,YDL064W,8,0.800,0.331,0.000
597,107,YDR510W,8,0.800,0.331,0.000
598,107,YPR180W,8,0.800,0.331,0.000
599,108,YIL115C,28,0.778,0.202,0.027
600,108,YDL116W,26,0.722,0.196,0.009
601,108,YBL079W,27,0.750,0.197,0.033
602,108,YLR335W,33,0.917,0.209,0.138
603,108,YGL172W,26,0.722,0.202,0.004
604,108,YGR119C,26,0.722,0.201,0.005
605,108,YKR082W,29,0.806,0.213,0.016
606,108,YDL088C,27,0.750,0.202,0.013
607,108,YFR002W,29,0.806,0.210,0.031
608,108,YGL092W,28,0.778,0.209,0.011
609,108,YJL039C,26,0.722,0.199,0.007
610,108,YOR098C,30,0.833,0.212,0.030
611,108,YJL041W,28,0.778,0.194,0.040
612,109,YBR082C,2,1.000,0.577,0.000
613,109,YDR177W,2,1.000,0.577,0.000
614,109,YDR059C,2,1.000,0.577,0.000
615,110,YBR088C,0,1.000,1.000,0.000
616,111,YDR451C,3,0.750,0.470,0.083
617,111,YMR043W,4,1.000,0.559,0.333
618,111,YML027W,3,0.750,0.470,0.083
619,112,YJL074C,14,0.875,0.320,0.095
620,112,YFL008W,13,0.812,0.306,0.070
621,112,YLR383W,13,0.812,0.308,0.071
622,112,YDL003W,13,0.812,0.312,0.054
623,112,YOL034W,13,0.812,0.308,0.071
624,113,YJL141C,2,1.000,0.707,1.000
625,114,YPL181W,19,0.760,0.242,0.010
626,114,YOL004W,21,0.840,0.240,0.074
627,114,YCR033W,19,0.760,0.213,0.061
628,114,YNL330C,22,0.880,0.254,0.060
629,114,YKR029C,19,0.760,0.227,0.046
630,114,YGL194C,20,0.800,0.224,0.072
631,114,YPL139C,20,0.800,0.248,0.017
632,114,YNL097C,19,0.760,0.241,0.012
633,114,YDR207C,21,0.840,0.251,0.038
634,114,YIL084C,19,0.760,0.241,0.012
635,114,YDL076C,19,0.760,0.242,0.010
636,115,YIL073C,8,0.400,0.259,0.041
637,115,YHL022C,17,0.850,0.415,0.482
638,115,YDR285W,8,0.400,0.228,0.091
639,115,YFL003C,11,0.550,0.356,0.061
640,115,YDL154W,10,0.500,0.331,0.044
641,115,YER179W,8,0.400,0.254,0.029
642,116,YNL262W,44,0.772,0.173,0.020
643,116,YEL032W,52,0.912,0.194,0.034
644,116,YGL201C,48,0.842,0.187,0.020
645,116,YNL102W,45,0.789,0.172,0.026
646,116,YPR019W,53,0.930,0.196,0.042
647,116,YBR202W,51,0.895,0.194,0.027
648,116,YBL035C,44,0.772,0.171,0.022
649,116,YJL194W,45,0.789,0.178,0.016
650,116,YLR274W,52,0.912,0.194,0.034
651,116,YPR135W,40,0.702,0.160,0.024
652,116,YIR008C,41,0.719,0.165,0.016
653,116,YKL045W,40,0.702,0.160,0.015
654,116,YBL023C,51,0.895,0.191,0.033
655,116,YPR175W,41,0.719,0.168,0.012
656,116,YLR103C,46,0.807,0.182,0.016
657,117,YOR185C,1,1.000,0.707,0.000
658,117,YLR293C,1,1.000,0.707,0.000
659,118,YDR325W,10,0.833,0.300,0.012
660,118,YNL088W,10,0.833,0.300,0.012
661,118,YDL028C,12,1.000,0.330,0.061
662,118,YGR188C,10,0.833,0.285,0.037
663,118,YEL061C,11,0.917,0.317,0.032
664,118,YBL063W,10,0.833,0.300,0.012
665,118,YJL030W,12,1.000,0.330,0.061
666,118,YJL013C,10,0.833,0.285,0.037
667,119,YEL012W,1,1.000,0.707,0.000
668,119,YKL210W,1,1.000,0.707,0.000
669,120,YBL104C,8,0.571,0.343,0.011
670,120,YLR208W,14,1.000,0.400,0.586
671,120,YEL062W,8,0.571,0.343,0.011
672,120,YDR128W,8,0.571,0.343,0.011
673,121,YLR247C,1,1.000,0.707,0.000
674,121,YDR092W,1,1.000,0.707,0.000
675,122,YML011C,1,1.000,0.707,0.000
676,122,YDR314C,1,1.000,0.707,0.000
677,123,YNL021W,2,1.000,0.577,0.000
678,123,YDR295C,2,1.000,0.577,0.000
679,123,YPR179C,2,1.000,0.577,0.000
680,124,YOL149W,7,0.778,0.400,0.114
681,124,YNL118C,6,0.667,0.380,0.017
682,124,YJL124C,6,0.667,0.380,0.017
683,124,YGL173C,6,0.667,0.380,0.017
684,124,YMR080C,6,0.667,0.341,0.389
685,124,YEL015W,7,0.778,0.400,0.114
686,125,YDR091C,2,1.000,0.577,0.000
687,125,YJR067C,2,1.000,0.577,0.000
688,125,YNL260C,2,1.000,0.577,0.000
689,126,YLL026W,3,0.750,0.557,0.083
690,126,YNL007C,3,0.750,0.557,0.083
691,127,YKL106W,9,0.900,0.365,0.231
692,127,YAL062W,7,0.700,0.364,0.011
693,127,YOR375C,7,0.700,0.364,0.011
694,127,YDL215C,7,0.700,0.364,0.011
695,127,YLR027C,9,0.900,0.365,0.231
696,128,YBR196C,14,0.933,0.302,0.042
697,128,YCR012W,14,0.933,0.302,0.041
698,128,YDR050C,13,0.867,0.279,0.041
699,128,YKL060C,13,0.867,0.286,0.030
700,128,YKL152C,14,0.933,0.302,0.042
701,129,YFL030W,2,1.000,0.707,1.000
702,130,YHR018C,6,1.000,0.415,0.067
703,130,YMR062C,6,1.000,0.415,0.067
704,130,YER069W,6,1.000,0.415,0.067
705,131,YPL262W,3,1.000,0.557,0.167
706,131,YOR142W,3,1.000,0.557,0.167
707,132,YGL148W,8,0.571,0.389,0.044
708,132,YDR035W,5,0.357,0.297,0.000
709,132,YPR060C,8,0.571,0.389,0.044
710,132,YDR127W,5,0.357,0.297,0.000
711,132,YBR249C,5,0.357,0.297,0.000
712,132,YER090W,5,0.357,0.241,0.027
713,132,YKL211C,14,1.000,0.473,0.648
714,133,YCL030C,3,1.000,0.557,0.167
715,133,YIL116W,3,1.000,0.557,0.167
716,134,YGL026C,0,1.000,1.000,0.000
717,135,YMR300C,1,1.000,0.707,0.000
718,135,YGR061C,1,1.000,0.707,0.000
719,136,YKL109W,3,1.000,0.500,0.000
720,136,YBL021C,3,1.000,0.500,0.000
721,136,YOR358W,3,1.000,0.500,0.000
722,136,YGL237C,3,1.000,0.500,0.000
723,137,YIR027C,3,1.000,0.612,0.667
724,138,YEL026W,0,1.000,1.000,0.000
725,139,YKR084C,0,1.000,1.000,0.000
726,140,YJR010W,9,0.900,0.397,0.533
727,140,YPR167C,7,0.700,0.402,0.061
728,140,YKL001C,7,0.700,0.402,0.061
729,141,YNL103W,4,1.000,0.479,0.056
730,141,YIR017C,4,1.000,0.479,0.056
731,141,YJR060W,4,1.000,0.479,0.056
732,142,YER091C,10,0.833,0.299,0.064
733,142,YLR303W,10,0.833,0.318,0.008
734,142,YML082W,10,0.833,0.318,0.008
735,142,YER043C,12,1.000,0.328,0.250
736,142,YAL012W,10,0.833,0.318,0.008
737,142,YLL058W,10,0.833,0.318,0.008
738,143,YLR092W,2,1.000,0.577,0.000
739,143,YGR125W,2,1.000,0.577,0.000
740,143,YBR294W,2,1.000,0.577,0.000
741,144,YKR069W,0,1.000,1.000,0.000
742,145,YGR093W,1,1.000,0.707,0.000
743,145,YKL149C,1,1.000,0.707,0.000
744,146,YJL216C,3,0.300,0.297,0.117
745,146,YLR300W,3,0.300,0.303,0.011
746,146,YIL099W,4,0.400,0.308,0.085
747,146,YIL162W,8,0.800,0.579,0.696
748,146,YOL157C,3,0.300,0.297,0.117
749,147,YBR299W,4,1.000,0.510,0.167
750,147,YGR292W,4,1.000,0.510,0.167
751,148,YMR099C,5,0.714,0.429,0.032
752,148,YFR053C,7,1.000,0.477,0.508
753,148,YCL040W,5,0.714,0.429,0.032
754,149,YEL011W,4,1.000,0.510,0.167
755,149,YER067W,4,1.000,0.510,0.167
756,150,YJR094C,2,1.000,0.707,1.000
757,151,YJL137C,3,0.375,0.315,0.000
758,151,YHL012W,6,0.750,0.482,0.143
759,151,YKL035W,8,1.000,0.530,0.607
760,151,YPR160W,3,0.375,0.315,0.000
761,151,YGR032W,3,0.375,0.315,0.000
762,151,YMR306W,3,0.375,0.315,0.000
763,152,YML128C,33,0.767,0.302,0.230
764,152,YGR248W,29,0.674,0.290,0.093
765,152,YHR087W,17,0.395,0.215,0.015
766,152,YDR070C,14,0.326,0.190,0.005
767,152,YMR250W,28,0.651,0.287,0.111
768,152,YDL204W,15,0.349,0.200,0.015
769,152,YML100W,19,0.442,0.215,0.059
770,152,YOR173W,29,0.674,0.284,0.110
771,152,YOL052C-A,17,0.395,0.214,0.020
772,152,YLR178C,27,0.628,0.285,0.057
773,152,YMR105C,24,0.558,0.251,0.106
774,153,YER008C,11,0.579,0.293,0.005
775,153,YIL068C,11,0.579,0.291,0.014
776,153,YBR102C,11,0.579,0.288,0.014
777,153,YPR055W,12,0.632,0.308,0.019
778,153,YLR166C,11,0.579,0.293,0.005
779,153,YJL085W,11,0.579,0.288,0.014
780,153,YFL005W,18,0.947,0.313,0.591
781,153,YDR166C,11,0.579,0.291,0.014
782,153,YGL233W,12,0.632,0.308,0.019
783,154,YDL126C,24,0.889,0.350,0.365
784,154,YOL013C,12,0.444,0.247,0.040
785,154,YGR048W,18,0.667,0.320,0.072
786,154,YMR022W,11,0.407,0.236,0.035
787,154,YML013W,15,0.556,0.290,0.041
788,154,YBR201W,11,0.407,0.244,0.003
789,154,YLR207W,11,0.407,0.244,0.003
790,154,YBR170C,19,0.704,0.326,0.140
791,155,YOR067C,8,0.727,0.372,0.066
792,155,YGR227W,9,0.818,0.384,0.182
793,155,YOR002W,8,0.727,0.372,0.066
794,156,YIL109C,6,0.857,0.455,0.095
795,156,YHR098C,7,1.000,0.473,0.381
796,156,YNL049C,6,0.857,0.455,0.095
797,157,YBL040C,0,1.000,1.000,0.000
798,158,YPR181C,0,1.000,1.000,0.000
799,159,YBR229C,2,1.000,0.707,1.000
800,160,YGL116W,14,0.359,0.203,0.014
801,160,YPL256C,13,0.333,0.204,0.027
802,160,YPL031C,19,0.487,0.258,0.085
803,160,YLR079W,14,0.359,0.205,0.018
804,160,YER111C,13,0.333,0.156,0.026
805,160,YGR108W,14,0.359,0.228,0.029
806,160,YPR119W,15,0.385,0.212,0.042
807,160,YBR135W,16,0.410,0.245,0.033
808,160,YLR182W,13,0.333,0.147,0.043
809,160,YBR160W,32,0.821,0.387,0.379
810,160,YJL187C,13,0.333,0.197,0.020
811,160,YOL001W,13,0.333,0.189,0.021
812,161,YMR044W,5,0.833,0.405,0.000
813,161,YGL133W,5,0.833,0.405,0.000
814,161,YLR095C,5,0.833,0.405,0.000
815,161,YJL065C,5,0.833,0.405,0.000
816,161,YDR121W,6,1.000,0.418,0.333
817,161,YFR013W,5,0.833,0.405,0.000
818,162,YIL066C,5,1.000,0.461,0.150
819,162,YJL026W,5,1.000,0.461,0.150
820,163,YER116C,2,1.000,0.577,0.000
821,163,YDL013W,2,1.000,0.577,0.000
822,163,YFL009W,2,1.000,0.577,0.000
823,164,YAR019C,9,0.692,0.361,0.071
824,164,YML064C,9,0.692,0.361,0.071
825,164,YFR028C,12,0.923,0.402,0.315
826,164,YGR092W,8,0.615,0.344,0.021
827,165,YMR001C,1,1.000,0.707,0.000
828,165,YGR098C,1,1.000,0.707,0.000
829,166,YPL209C,4,1.000,0.510,0.167
830,166,YJR089W,4,1.000,0.510,0.167
831,167,YDR254W,25,0.735,0.299,0.157
832,167,YBR107C,23,0.676,0.282,0.131
833,167,YAL034W-A,16,0.471,0.196,0.029
834,167,YDR318W,15,0.441,0.226,0.008
835,167,YIR010W,25,0.735,0.282,0.178
836,167,YLR381W,16,0.471,0.229,0.025
837,167,YGR179C,15,0.441,0.222,0.014
838,167,YPR046W,15,0.441,0.219,0.021
839,167,YPL018W,16,0.471,0.232,0.019
840,167,YBR211C,18,0.529,0.243,0.031
841,167,YKL049C,17,0.500,0.236,0.025
842,168,YOR074C,0,1.000,1.000,0.000
843,169,YLR442C,1,0.500,0.707,0.000
844,169,YDL042C,1,0.500,0.707,0.000
845,170,YMR110C,0,0.000,0.408,0.000
846,170,YPL061W,0,0.000,0.408,0.000
847,170,YOR374W,0,0.000,0.408,0.000
848,170,YER073W,0,0.000,0.408,0.000
849,170,YMR169C,0,0.000,0.408,0.000
850,170,YMR170C,0,0.000,0.408,0.000
851,171,YOL059W,4,0.800,0.468,0.033
852,171,YDL022W,4,0.800,0.468,0.033
853,171,YIL155C,5,1.000,0.496,0.433
854,172,YJL102W,1,1.000,0.707,0.000
855,172,YOR187W,1,1.000,0.707,0.000
856,173,YBR221C,4,0.800,0.539,0.250
857,173,YER178W,4,0.800,0.499,0.450
858,174,YGR101W,3,1.000,0.707,1.000
859,175,YGR231C,2,1.000,0.577,0.000
860,175,YIL114C,2,1.000,0.577,0.000
861,175,YGR132C,2,1.000,0.577,0.000
862,176,YJR077C,0,1.000,1.000,0.000
863,177,YNL026W,16,0.500,0.186,0.015
864,177,YJL143W,16,0.500,0.198,0.017
865,177,YNL131W,25,0.781,0.288,0.081
866,177,YIL022W,16,0.500,0.198,0.017
867,177,YNR017W,18,0.562,0.205,0.044
868,177,YGR082W,20,0.625,0.245,0.034
869,177,YJL054W,20,0.625,0.236,0.041
870,177,YNL070W,20,0.625,0.245,0.039
871,177,YNL121C,23,0.719,0.262,0.066
872,177,YMR203W,28,0.875,0.299,0.167
873,177,YPL063W,18,0.562,0.211,0.046
874,178,YGR264C,23,0.605,0.221,0.021
875,178,YIL078W,20,0.526,0.190,0.024
876,178,YLR382C,25,0.658,0.206,0.044
877,178,YGR185C,29,0.763,0.254,0.053
878,178,YHR020W,20,0.526,0.199,0.011
879,178,YDR037W,26,0.684,0.236,0.035
880,178,YGL245W,24,0.632,0.232,0.019
881,178,YPL160W,29,0.763,0.257,0.047
882,178,YOR168W,28,0.737,0.245,0.093
883,178,YDR023W,21,0.553,0.197,0.030
884,178,YBL076C,26,0.684,0.232,0.049
885,179,YNL117W,8,0.571,0.308,0.054
886,179,YDL131W,10,0.714,0.356,0.133
887,179,YIR031C,8,0.571,0.308,0.054
888,179,YLR153C,8,0.571,0.327,0.023
889,179,YDL182W,11,0.786,0.369,0.224
890,179,YAL054C,9,0.643,0.344,0.055
891,180,YPL029W,1,1.000,0.707,0.000
892,180,YOR017W,1,1.000,0.707,0.000
893,181,YOR257W,1,1.000,0.707,0.000
894,181,YOL072W,1,1.000,0.707,0.000
895,182,YDL084W,10,0.833,0.364,0.053
896,182,YNL139C,10,0.833,0.364,0.053
897,182,YDR381W,12,1.000,0.382,0.311
898,182,YDR138W,10,0.833,0.364,0.053
899,183,YEL037C,0,1.000,1.000,0.000
900,184,YER162C,7,1.000,0.432,0.190
901,184,YGR258C,7,1.000,0.432,0.190
902,185,YAL047C,6,0.857,0.409,0.067
903,185,YKL042W,6,0.857,0.395,0.095
904,185,YDR356W,7,1.000,0.443,0.179
905,186,YJR084W,1,1.000,0.707,0.000
906,186,YPR045C,1,1.000,0.707,0.000
907,187,YPL255W,4,1.000,0.559,0.333
908,187,YLR457C,3,0.750,0.470,0.083
909,187,YLL003W,3,0.750,0.470,0.083
910,188,YOR228C,3,1.000,0.707,1.000
911,189,YLR045C,6,0.750,0.418,0.095
912,189,YER016W,8,1.000,0.479,0.363
913,189,YPR141C,6,0.750,0.404,0.125
914,190,YKL192C,0,1.000,1.000,0.000
915,191,YAL039C,2,1.000,0.707,1.000
916,192,YJR135W-A,10,0.769,0.307,0.012
917,192,YEL020W-A,11,0.846,0.322,0.034
918,192,YDR031W,10,0.769,0.307,0.012
919,192,YGR029W,11,0.846,0.322,0.034
920,192,YKL195W,12,0.923,0.325,0.188
921,192,YGR181W,10,0.769,0.301,0.014
922,192,YHR005C-A,10,0.769,0.301,0.014
923,193,YBR257W,11,1.000,0.303,0.009
924,193,YHR062C,11,1.000,0.303,0.009
925,193,YBR167C,11,1.000,0.303,0.009
926,193,YNL221C,11,1.000,0.303,0.009
927,193,YGR030C,11,1.000,0.303,0.009
928,193,YBL018C,11,1.000,0.303,0.009
929,193,YAL033W,11,1.000,0.303,0.009
930,194,YNL259C,2,1.000,0.707,1.000
931,195,YBR263W,10,0.714,0.298,0.047
932,195,YAL044C,10,0.714,0.252,0.277
933,195,YLR058C,11,0.786,0.318,0.060
934,195,YGR204W,10,0.714,0.301,0.022
935,195,YKR080W,11,0.786,0.328,0.039
936,195,YBR084W,10,0.714,0.301,0.022
937,195,YDR019C,11,0.786,0.329,0.048
938,196,YBR115C,0,1.000,1.000,0.000
939,197,YDR511W,1,1.000,0.707,0.000
940,197,YDR493W,1,1.000,0.707,0.000
941,198,YPL231W,9,1.000,0.480,0.329
942,198,YER061C,5,0.556,0.336,0.030
943,198,YKL055C,5,0.556,0.336,0.030
944,198,YKL182W,8,0.889,0.445,0.208
945,199,YHR162W,2,1.000,0.707,1.000
946,200,YGR277C,6,0.750,0.398,0.018
947,200,YKL088W,6,0.750,0.398,0.018
948,200,YIL083C,6,0.750,0.398,0.018
949,200,YDR196C,8,1.000,0.421,0.482
950,201,YLR304C,13,0.867,0.360,0.156
951,201,YIL125W,13,0.867,0.359,0.168
952,201,YOR136W,11,0.733,0.334,0.049
953,201,YNL037C,11,0.733,0.334,0.049
954,202,YDL174C,1,1.000,0.707,0.000
955,202,YML054C,1,1.000,0.707,0.000
956,203,YLR259C,0,0.000,0.707,0.000
957,203,YBR044C,0,0.000,0.707,0.000
958,204,YIL134W,3,1.000,0.500,0.000
959,204,YDR236C,3,1.000,0.500,0.000
960,204,YMR178W,3,1.000,0.500,0.000
961,204,YDL045C,3,1.000,0.500,0.000
962,205,YNR045W,2,1.000,0.577,0.000
963,205,YER153C,2,1.000,0.577,0.000
964,205,YGR222W,2,1.000,0.577,0.000
965,206,YMR257C,1,1.000,0.707,0.000
966,206,YMR150C,1,1.000,0.707,0.000
967,207,YOL114C,1,1.000,0.707,0.000
968,207,YGL143C,1,1.000,0.707,0.000
969,208,YFL018C,0,1.000,1.000,0.000
970,209,YOL062C,11,0.786,0.353,0.064
971,209,YGR167W,10,0.714,0.341,0.027
972,209,YBL037W,14,1.000,0.379,0.344
973,209,YGL206C,10,0.714,0.341,0.027
974,210,YCR047C,2,1.000,0.707,1.000
975,211,YHR077C,1,1.000,0.707,0.000
976,211,YDR021W,1,1.000,0.707,0.000
977,212,YLR271W,1,1.000,0.707,0.000
978,212,YGR218W,1,1.000,0.707,0.000
979,213,YBL024W,5,0.625,0.393,0.000
980,213,YJL125C,5,0.625,0.393,0.000
981,213,YDL201W,5,0.625,0.393,0.000
982,213,YML080W,5,0.625,0.393,0.000
983,213,YDR120C,8,1.000,0.443,0.607
984,213,YOL124C,5,0.625,0.393,0.000
985,214,YGR072W,2,1.000,0.577,0.000
986,214,YBR143C,2,1.000,0.577,0.000
987,214,YDR172W,2,1.000,0.577,0.000
988,215,YLR249W,0,1.000,1.000,0.000
989,216,YER165W,8,0.889,0.644,0.861
990,216,YKL025C,2,0.222,0.281,0.000
991,216,YGL094C,2,0.222,0.281,0.000
992,216,YOR359W,2,0.222,0.291,0.000
993,216,YLL013C,3,0.333,0.313,0.222
994,216,YJL138C,2,0.222,0.281,0.000
995,216,YPR163C,2,0.222,0.281,0.000
996,217,YDL160C,2,1.000,0.707,1.000
997,218,YDR432W,0,1.000,1.000,0.000
998,219,YGR162W,2,1.000,0.577,0.000
999,219,YGL049C,2,1.000,0.577,0.000
1000,219,YNL016W,2,1.000,0.577,0.000
1001,220,YER044C-A,4,0.800,0.440,0.000
1002,220,YHR157W,4,0.800,0.440,0.000
1003,220,YLR329W,4,0.800,0.440,0.000
1004,220,YMR133W,4,0.800,0.440,0.000
1005,220,YJR021C,5,1.000,0.462,0.400
1006,221,YPL157W,1,1.000,0.707,0.000
1007,221,YNR004W,1,1.000,0.707,0.000
1008,222,YBL080C,3,1.000,0.612,0.667
1009,223,YLR281C,3,1.000,0.612,0.667
1010,224,YGR243W,0,1.000,1.000,0.000
1011,225,YNL123W,3,1.000,0.557,0.167
1012,225,YOR197W,3,1.000,0.557,0.167
1013,226,YKR079C,1,1.000,0.707,0.000
1014,226,YER168C,1,1.000,0.707,0.000
1015,227,YNR074C,0,1.000,1.000,0.000
1016,228,YPR024W,4,1.000,0.636,0.833
1017,228,YMR115W,2,0.500,0.473,0.000
1018,228,YCL044C,2,0.500,0.473,0.000
1019,229,YMR111C,1,1.000,0.707,0.000
1020,229,YFR006W,1,1.000,0.707,0.000
1021,230,YGR019W,0,1.000,1.000,0.000
1022,231,YJR104C,0,1.000,1.000,0.000
1023,232,YKL067W,0,1.000,1.000,0.000
1024,233,YLR136C,0,1.000,1.000,0.000
1025,234,YJR095W,1,1.000,0.707,0.000
1026,234,YLR174W,1,1.000,0.707,0.000
1027,235,YLR355C,5,1.000,0.448,0.067
1028,235,YJR148W,5,1.000,0.448,0.067
1029,235,YJR016C,5,1.000,0.448,0.067
1030,236,YGR194C,4,1.000,0.479,0.056
1031,236,YLR354C,4,1.000,0.479,0.056
1032,236,YLR070C,4,1.000,0.479,0.056
1033,237,YDL130W-A,2,0.500,0.500,0.500
1034,237,YGR008C,3,0.750,0.653,0.833
1035,238,YDR256C,2,1.000,0.577,0.000
1036,238,YKL026C,2,1.000,0.577,0.000
1037,238,YGR088W,2,1.000,0.577,0.000
1038,239,YHR106W,9,0.750,0.336,0.048
1039,239,YGR209C,10,0.833,0.366,0.078
1040,239,YPL091W,9,0.750,0.327,0.073
1041,239,YML028W,9,0.750,0.324,0.083
1042,240,YLR191W,22,0.957,0.289,0.152
1043,240,YGL153W,19,0.826,0.270,0.058
1044,240,YNL329C,16,0.696,0.254,0.015
1045,240,YOL147C,18,0.783,0.256,0.059
1046,240,YDR265W,16,0.696,0.254,0.015
1047,240,YMR026C,17,0.739,0.257,0.030
1048,240,YDR329C,16,0.696,0.242,0.034
1049,240,YDL065C,18,0.783,0.267,0.050
1050,240,YDR244W,16,0.696,0.254,0.016
1051,241,YNL202W,10,1.000,0.399,0.156
1052,241,YKR009C,9,0.900,0.375,0.082
1053,241,YGL205W,9,0.900,0.375,0.082
1054,242,YJR078W,5,0.833,0.431,0.044
1055,242,YLR231C,5,0.833,0.431,0.044
1056,242,YBL098W,6,1.000,0.462,0.244
1057,243,YHR008C,2,1.000,0.577,0.000
1058,243,YHR050W,2,1.000,0.577,0.000
1059,243,YGR257C,2,1.000,0.577,0.000
1060,244,YOL067C,3,1.000,0.500,0.000
1061,244,YBL103C,3,1.000,0.500,0.000
1062,244,YNL076W,3,1.000,0.500,0.000
1063,244,YGL252C,3,1.000,0.500,0.000
1064,245,YJL101C,0,1.000,1.000,0.000
1065,246,YAR015W,0,1.000,1.000,0.000
1066,247,YBR068C,1,1.000,0.707,0.000
1067,247,YCL018W,1,1.000,0.707,0.000
1068,248,YBR185C,0,1.000,1.000,0.000
1069,249,YER017C,1,1.000,0.707,0.000
1070,249,YMR089C,1,1.000,0.707,0.000
1071,250,YOR020C,0,1.000,1.000,0.000
1072,251,YBR112C,3,0.750,0.565,0.500
1073,251,YCR084C,3,0.750,0.565,0.500
1074,252,YHR072W-A,2,1.000,0.707,1.000
1075,253,YOR211C,4,1.000,0.510,0.167
1076,253,YLL001W,4,1.000,0.510,0.167
1077,254,YMR176W,3,1.000,0.707,1.000
1078,255,YJR133W,2,1.000,0.577,0.000
1079,255,YNL141W,2,1.000,0.577,0.000
1080,255,YDL238C,2,1.000,0.577,0.000
1081,256,YJR047C,1,1.000,0.707,0.000
1082,256,YHR068W,1,1.000,0.707,0.000
1083,257,YOR009W,3,1.000,0.612,0.667
1084,258,YOL022C,1,1.000,0.707,0.000
1085,258,YJR070C,1,1.000,0.707,0.000
1086,259,YGL196W,2,1.000,0.707,1.000
1087,260,YOR251C,1,1.000,0.707,0.000
1088,260,YOR285W,1,1.000,0.707,0.000
1089,261,YKL053C-A,3,1.000,0.612,0.667
1090,262,YGR235C,5,1.000,0.408,0.000
1091,262,YFR011C,5,1.000,0.408,0.000
1092,262,YKR016W,5,1.000,0.408,0.000
1093,262,YNL100W,5,1.000,0.408,0.000
1094,262,YCL057C-A,5,1.000,0.408,0.000
1095,262,YBR262C,5,1.000,0.408,0.000
1096,263,YKR071C,0,1.000,1.000,0.000
1097,264,YJL130C,0,1.000,1.000,0.000
1098,265,YDL171C,1,1.000,0.707,0.000
1099,265,YPR035W,1,1.000,0.707,0.000
1100,266,YOL058W,0,1.000,1.000,0.000
1101,267,YJR109C,2,1.000,0.577,0.000
1102,267,YOR302W,2,1.000,0.577,0.000
1103,267,YOR303W,2,1.000,0.577,0.000
1104,268,YJR103W,1,1.000,0.707,0.000
1105,268,YMR217W,1,1.000,0.707,0.000
1106,269,YLR160C,1,0.250,0.354,0.000
1107,269,YLR158C,1,0.250,0.354,0.000
1108,269,YLR157C,1,0.250,0.354,0.000
1109,269,YLR156W,4,1.000,0.707,1.000
1110,269,YLR155C,1,0.250,0.354,0.000
1111,270,YML035C,12,0.800,0.336,0.123
1112,270,YDR441C,11,0.733,0.316,0.046
1113,270,YNL220W,11,0.733,0.313,0.067
1114,270,YLR359W,12,0.800,0.329,0.089
1115,270,YML022W,11,0.733,0.316,0.046
1116,271,YMR085W,1,0.500,0.707,0.000
1117,271,YMR084W,1,0.500,0.707,0.000
1118,272,YGL062W,2,1.000,0.707,1.000
1119,273,YGR087C,4,0.400,0.454,0.089
1120,273,YBR145W,5,0.500,0.428,0.689
1121,273,YLR134W,4,0.400,0.454,0.089
1122,273,YLR044C,4,0.400,0.454,0.089
1123,273,YAL060W,4,0.400,0.386,0.200
1124,274,YHR096C,9,0.818,0.374,0.053
1125,274,YGR043C,11,1.000,0.399,0.253
1126,274,YBR117C,9,0.818,0.365,0.088
1127,275,YGL037C,0,1.000,1.000,0.000
1128,276,YMR020W,0,1.000,1.000,0.000
1129,277,YML042W,2,1.000,0.577,0.000
1130,277,YER024W,2,1.000,0.577,0.000
1131,277,YAR035W,2,1.000,0.577,0.000
1132,278,YOR208W,5,0.278,0.313,0.018
1133,278,YNL167C,5,0.278,0.267,0.045
1134,278,YJL128C,8,0.444,0.387,0.219
1135,278,YDL006W,5,0.278,0.309,0.040
1136,278,YLR113W,14,0.778,0.527,0.705
1137,279,YGR256W,6,1.000,0.441,0.063
1138,279,YHR183W,6,1.000,0.441,0.063
1139,280,YHR042W,2,1.000,0.707,1.000
1140,281,YDL192W,17,1.000,0.384,0.439
1141,281,YDL145C,10,0.588,0.305,0.023
1142,281,YDL137W,10,0.588,0.265,0.056
1143,281,YNL287W,11,0.647,0.331,0.029
1144,281,YDR238C,11,0.647,0.329,0.037
1145,282,YGR207C,2,1.000,0.577,0.000
1146,282,YOR356W,2,1.000,0.577,0.000
1147,282,YPR004C,2,1.000,0.577,0.000
1148,283,YBR245C,2,1.000,0.707,1.000
1149,284,YKR048C,1,1.000,0.707,0.000
1150,284,YER030W,1,1.000,0.707,0.000
1151,285,YPL016W,1,1.000,0.707,0.000
1152,285,YER161C,1,1.000,0.707,0.000
1153,286,YGL208W,6,0.353,0.327,0.000
1154,286,YER129W,7,0.412,0.350,0.010
1155,286,YGL115W,7,0.412,0.345,0.018
1156,286,YDR477W,17,1.000,0.460,0.800
1157,286,YGL179C,7,0.412,0.350,0.010
1158,286,YDR422C,6,0.353,0.327,0.000
1159,286,YER027C,6,0.353,0.327,0.000
1160,287,YIR038C,3,0.375,0.384,0.250
1161,287,YLL048C,3,0.375,0.384,0.250
1162,287,YNL229C,6,0.750,0.618,0.750
1163,288,YFR021W,13,0.619,0.308,0.026
1164,288,YBR128C,9,0.429,0.226,0.015
1165,288,YBR097W,16,0.762,0.334,0.083
1166,288,YFR019W,10,0.476,0.261,0.004
1167,288,YPL120W,20,0.952,0.359,0.276
1168,288,YNL325C,9,0.429,0.241,0.001
1169,288,YLR360W,9,0.429,0.244,0.001
1170,288,YLR211C,9,0.429,0.244,0.001
1171,288,YLR240W,19,0.905,0.348,0.252
1172,288,YNL054W,9,0.429,0.241,0.001
1173,289,YOR101W,4,1.000,0.479,0.056
1174,289,YJL005W,4,1.000,0.479,0.056
1175,289,YNL098C,4,1.000,0.479,0.056
1176,290,YHR046C,2,1.000,0.577,0.000
1177,290,YDR287W,2,1.000,0.577,0.000
1178,290,YPR113W,2,1.000,0.577,0.000
1179,291,YIL160C,1,1.000,0.707,0.000
1180,291,YBR222C,1,1.000,0.707,0.000
1181,292,YER081W,1,1.000,0.707,0.000
1182,292,YIL074C,1,1.000,0.707,0.000
1183,293,YOR236W,6,1.000,0.504,0.456
1184,293,YNL256W,5,0.833,0.479,0.122
1185,294,YHL007C,6,0.231,0.203,0.003
1186,294,YOR127W,6,0.231,0.188,0.003
1187,294,YBR200W,15,0.577,0.348,0.138
1188,294,YLR229C,21,0.808,0.436,0.464
1189,294,YNL271C,11,0.423,0.294,0.062
1190,294,YDR309C,6,0.231,0.190,0.007
1191,294,YLL021W,7,0.269,0.204,0.022
1192,294,YAL041W,11,0.423,0.313,0.028
1193,294,YNL298W,11,0.423,0.313,0.034
1194,294,YGR152C,6,0.231,0.210,0.002
1195,295,YBR179C,0,1.000,1.000,0.000
1196,296,YEL013W,2,0.667,0.602,0.667
1197,296,YLR072W,2,0.667,0.602,0.667
1198,297,YMR097C,2,0.333,0.387,0.133
1199,297,YHR168W,5,0.833,0.632,0.833
1200,297,YOR201C,2,0.333,0.316,0.033
1201,297,YGL136C,2,0.333,0.387,0.133
1202,298,YBL057C,1,1.000,0.707,0.000
1203,298,YMR276W,1,1.000,0.707,0.000
1204,299,YMR023C,2,1.000,0.577,0.000
1205,299,YGL236C,2,1.000,0.577,0.000
1206,299,YDL033C,2,1.000,0.577,0.000
1207,300,YBR208C,2,1.000,0.577,0.000
1208,300,YIR032C,2,1.000,0.577,0.000
1209,300,YNL314W,2,1.000,0.577,0.000
1210,301,YPL106C,5,0.714,0.456,0.183
1211,301,YLR090W,6,0.857,0.511,0.365
1212,302,YKR074W,1,1.000,0.707,0.000
1213,302,YPL225W,1,1.000,0.707,0.000
1214,303,YAL038W,2,1.000,0.707,1.000
1215,304,YDR519W,1,1.000,0.707,0.000
1216,304,YDR304C,1,1.000,0.707,0.000
1217,305,YBR153W,5,1.000,0.428,0.025
1218,305,YBL033C,5,1.000,0.428,0.025
1219,305,YBR256C,5,1.000,0.428,0.025
1220,305,YDR487C,5,1.000,0.428,0.025
1221,306,YLR377C,8,1.000,0.424,0.446
1222,306,YMR205C,6,0.750,0.396,0.018
1223,306,YJL155C,6,0.750,0.396,0.018
1224,306,YGR240C,6,0.750,0.396,0.018
1225,307,YER003C,2,1.000,0.577,0.000
1226,307,YFL045C,2,1.000,0.577,0.000
1227,307,YNR073C,2,1.000,0.577,0.000
1228,308,YOL122C,0,1.000,1.000,0.000
1229,309,YBR290W,0,1.000,1.000,0.000
1230,310,YDR182W,1,1.000,0.707,0.000
1231,310,YCR044C,1,1.000,0.707,0.000
1232,311,YMR319C,0,1.000,1.000,0.000
1233,312,YOL023W,0,1.000,1.000,0.000
1234,313,YHR218W,8,0.667,0.345,0.016
1235,313,YNL339C,11,0.917,0.382,0.340
1236,313,YLR466W,9,0.750,0.368,0.037
1237,313,YLL067C,10,0.833,0.374,0.204
1238,314,YHL016C,0,1.000,1.000,0.000
1239,315,YJL127C,2,1.000,0.707,1.000
1240,316,YPL111W,0,1.000,1.000,0.000
1241,317,YBR011C,2,1.000,0.577,0.000
1242,317,YMR267W,2,1.000,0.577,0.000
1243,317,YPL036W,2,1.000,0.577,0.000
1244,318,YBL019W,5,1.000,0.408,0.000
1245,318,YML060W,5,1.000,0.408,0.000
1246,318,YAL015C,5,1.000,0.408,0.000
1247,318,YML021C,5,1.000,0.408,0.000
1248,318,YKL114C,5,1.000,0.408,0.000
1249,318,YOL043C,5,1.000,0.408,0.000
1250,319,YLR411W,3,1.000,0.557,0.167
1251,319,YMR021C,3,1.000,0.557,0.167
1252,320,YIL065C,0,1.000,1.000,0.000
1253,321,YML004C,7,0.778,0.367,0.037
1254,321,YDR272W,8,0.889,0.380,0.146
1255,321,YOR040W,8,0.889,0.380,0.146
1256,321,YMR322C,7,0.778,0.370,0.044
1257,321,YOR391C,7,0.778,0.370,0.044
1258,322,YNL295W,2,1.000,0.707,1.000
1259,323,YJR069C,2,1.000,0.707,1.000
1260,324,YGR010W,7,1.000,0.413,0.310
1261,324,YLR328W,6,0.857,0.402,0.024
1262,324,YFR047C,6,0.857,0.402,0.024
1263,324,YOR209C,6,0.857,0.402,0.024
1264,325,YER007C-A,2,1.000,0.577,0.000
1265,325,YDR117C,2,1.000,0.577,0.000
1266,325,YJR014W,2,1.000,0.577,0.000
1267,326,YAL030W,26,0.788,0.206,0.015
1268,326,YGR009C,27,0.818,0.211,0.067
1269,326,YLR026C,28,0.848,0.216,0.046
1270,326,YLR268W,29,0.879,0.215,0.056
1271,326,YOR075W,28,0.848,0.206,0.051
1272,326,YKL196C,28,0.848,0.218,0.019
1273,326,YMR197C,26,0.788,0.206,0.015
1274,326,YIL004C,26,0.788,0.209,0.007
1275,326,YPL232W,27,0.818,0.216,0.009
1276,326,YOR106W,26,0.788,0.206,0.014
1277,326,YLR078C,26,0.788,0.209,0.008
1278,327,YDR179C,4,1.000,0.447,0.000
1279,327,YDL216C,4,1.000,0.447,0.000
1280,327,YOL117W,4,1.000,0.447,0.000
1281,327,YIL071C,4,1.000,0.447,0.000
1282,327,YMR025W,4,1.000,0.447,0.000
1283,328,YHR129C,0,1.000,1.000,0.000
1284,329,YDR106W,3,1.000,0.500,0.000
1285,329,YMR294W,3,1.000,0.500,0.000
1286,329,YPL174C,3,1.000,0.500,0.000
1287,329,YLL049W,3,1.000,0.500,0.000
1288,330,YKL007W,0,1.000,1.000,0.000
1289,331,YKR054C,4,1.000,0.510,0.167
1290,331,YDR488C,4,1.000,0.510,0.167
1291,332,YOR175C,28,0.800,0.336,0.282
1292,332,YDR503C,12,0.343,0.150,0.073
1293,332,YNL130C,12,0.343,0.185,0.044
1294,332,YOR311C,12,0.343,0.204,0.011
1295,332,YKR089C,25,0.714,0.323,0.129
1296,332,YNL169C,12,0.343,0.192,0.031
1297,332,YKR031C,15,0.429,0.244,0.022
1298,332,YBR029C,13,0.371,0.213,0.019
1299,332,YHR123W,16,0.457,0.235,0.062
1300,332,YOR081C,25,0.714,0.327,0.122
1301,333,YHL032C,5,1.000,0.454,0.050
1302,333,YOR120W,5,1.000,0.454,0.050
1303,334,YDL142C,5,1.000,0.529,0.500
1304,334,YHR100C,4,0.800,0.494,0.100
1305,335,YPL110C,0,1.000,1.000,0.000
1306,336,YKL096W-A,2,1.000,0.707,1.000
1307,337,YHR053C,3,1.000,0.612,0.667
1308,338,YLR220W,3,1.000,0.612,0.667
1309,339,YBR207W,3,0.750,0.470,0.083
1310,339,YER145C,4,1.000,0.559,0.333
1311,339,YMR058W,3,0.750,0.470,0.083
1312,340,YGL009C,2,1.000,0.707,1.000
1313,341,YDR165W,0,1.000,1.000,0.000
1314,342,YDR465C,0,1.000,1.000,0.000
1315,343,YGR281W,6,0.667,0.456,0.306
1316,343,YBL005W,5,0.556,0.416,0.222
1317,343,YOR153W,5,0.556,0.436,0.083
1318,343,YGL013C,6,0.667,0.435,0.417
1319,344,YNL313C,0,1.000,1.000,0.000
1320,345,YNL292W,7,1.000,0.415,0.090
1321,345,YOR243C,7,1.000,0.415,0.090
1322,346,YDL101C,1,1.000,0.707,0.000
1323,346,YML058W,1,1.000,0.707,0.000
1324,347,YOL090W,1,1.000,0.707,0.000
1325,347,YDR097C,1,1.000,0.707,0.000
1326,348,YDR227W,2,1.000,0.707,1.000
1327,349,YLR233C,2,1.000,0.577,0.000
1328,349,YLR318W,2,1.000,0.577,0.000
1329,349,YIL009C-A,2,1.000,0.577,0.000
1330,350,YIL096C,1,1.000,0.707,0.000
1331,350,YCR016W,1,1.000,0.707,0.000
1332,351,YCR034W,6,1.000,0.392,0.013
1333,351,YBR159W,6,1.000,0.392,0.013
1334,351,YDL015C,6,1.000,0.392,0.013
1335,351,YJL097W,6,1.000,0.392,0.013
1336,351,YGL055W,6,1.000,0.392,0.013
1337,352,YDR242W,1,0.500,0.707,0.000
1338,352,YPL103C,1,0.500,0.707,0.000
1339,353,YKR070W,2,1.000,0.707,1.000
1340,354,YGR268C,1,1.000,0.707,0.000
1341,354,YBR101C,1,1.000,0.707,0.000
1342,355,YFR014C,1,1.000,0.707,0.000
1343,355,YBR109C,1,1.000,0.707,0.000
1344,356,YDR171W,0,1.000,1.000,0.000
1345,357,YOR164C,7,1.000,0.444,0.353
1346,357,YOL111C,6,0.857,0.429,0.067
1347,358,YNR016C,2,1.000,0.577,0.000
1348,358,YMR207C,2,1.000,0.577,0.000
1349,358,YDL141W,2,1.000,0.577,0.000
1350,359,YNL104C,2,1.000,0.707,1.000
1351,360,YGR205W,0,1.000,1.000,0.000
1352,361,YBR176W,2,1.000,0.577,0.000
1353,361,YHR063C,2,1.000,0.577,0.000
1354,361,YIL145C,2,1.000,0.577,0.000
1355,362,YIL165C,1,1.000,0.707,0.000
1356,362,YIL164C,1,1.000,0.707,0.000
1357,363,YHR074W,4,0.800,0.440,0.000
1358,363,YJR049C,4,0.800,0.440,0.000
1359,363,YDR191W,4,0.800,0.440,0.000
1360,363,YOR025W,4,0.800,0.440,0.000
1361,363,YGL067W,5,1.000,0.462,0.400
1362,364,YPL057C,4,1.000,0.479,0.056
1363,364,YDR367W,4,1.000,0.479,0.056
1364,364,YKL004W,4,1.000,0.479,0.056
1365,365,YNL072W,3,1.000,0.612,0.667
1366,366,YLR425W,1,0.500,0.707,0.000
1367,366,YPR165W,1,0.500,0.707,0.000
1368,367,YIL103W,6,0.750,0.374,0.000
1369,367,YLR172C,6,0.750,0.374,0.000
1370,367,YJR097W,6,0.750,0.374,0.000
1371,367,YKL191W,6,0.750,0.374,0.000
1372,367,YBR246W,6,0.750,0.374,0.000
1373,367,YBL071W-A,7,0.875,0.383,0.250
1374,367,YLR143W,7,0.875,0.383,0.250
1375,368,YDR439W,5,0.833,0.514,0.267
1376,368,YCR086W,5,0.833,0.492,0.400
1377,369,YGL122C,1,1.000,0.707,0.000
1378,369,YMR255W,1,1.000,0.707,0.000
1379,370,YAL029C,5,0.833,0.526,0.511
1380,370,YOR326W,4,0.667,0.485,0.211
1381,371,YBL007C,2,1.000,0.707,1.000
1382,372,YDR388W,5,1.000,0.604,0.750
1383,372,YCR009C,3,0.600,0.491,0.050
1384,373,YDL161W,2,0.667,0.500,0.167
1385,373,YLR206W,2,0.667,0.500,0.167
1386,373,YER060W-A,2,0.667,0.500,0.167
1387,373,YER060W,2,0.667,0.500,0.167
1388,374,YLR319C,1,1.000,0.707,0.000
1389,374,YOR304C-A,1,1.000,0.707,0.000
1390,375,YOR094W,3,1.000,0.707,1.000
1391,376,YMR032W,4,1.000,0.510,0.167
1392,376,YDL117W,4,1.000,0.510,0.167
1393,377,YIL027C,7,1.000,0.354,0.000
1394,377,YLL014W,7,1.000,0.354,0.000
1395,377,YGL231C,7,1.000,0.354,0.000
1396,377,YJL192C,7,1.000,0.354,0.000
1397,377,YCL045C,7,1.000,0.354,0.000
1398,377,YJR088C,7,1.000,0.354,0.000
1399,377,YKL207W,7,1.000,0.354,0.000
1400,377,YDR056C,7,1.000,0.354,0.000
1401,378,YBR141C,5,0.556,0.372,0.271
1402,378,YJR129C,6,0.667,0.466,0.211
1403,378,YIL064W,7,0.778,0.500,0.421
1404,379,YOR198C,1,1.000,0.707,0.000
1405,379,YJL080C,1,1.000,0.707,0.000
1406,380,YML068W,1,1.000,0.707,0.000
1407,380,YKR017C,1,1.000,0.707,0.000
1408,381,YCL033C,2,1.000,0.577,0.000
1409,381,YKL069W,2,1.000,0.577,0.000
1410,381,YER042W,2,1.000,0.577,0.000
1411,382,YOR388C,1,1.000,0.707,0.000
1412,382,YJL068C,1,1.000,0.707,0.000
1413,383,YOR212W,1,1.000,0.707,0.000
1414,383,YHR005C,1,1.000,0.707,0.000
1415,384,YGR285C,1,1.000,0.707,0.000
1416,384,YDL229W,1,1.000,0.707,0.000
1417,385,YKL034W,2,0.500,0.394,0.000
1418,385,YDL219W,2,0.500,0.394,0.000
1419,385,YLR114C,2,0.500,0.394,0.000
1420,385,YOR223W,2,0.500,0.394,0.000
1421,385,YDL091C,4,1.000,0.615,0.667
1422,386,YPL154C,0,1.000,1.000,0.000
1423,387,YCR093W,9,1.000,0.345,0.226
1424,387,YIL038C,8,0.889,0.340,0.004
1425,387,YPR072W,8,0.889,0.340,0.004
1426,387,YDL165W,8,0.889,0.340,0.004
1427,387,YFL028C,8,0.889,0.340,0.004
1428,387,YGR134W,8,0.889,0.340,0.004
1429,387,YNL288W,8,0.889,0.340,0.004
1430,388,YPL210C,7,1.000,0.384,0.031
1431,388,YDL092W,7,1.000,0.384,0.031
1432,388,YPL243W,7,1.000,0.384,0.031
1433,388,YPR088C,7,1.000,0.384,0.031
1434,389,YER121W,6,0.750,0.407,0.060
1435,389,YMR245W,6,0.750,0.407,0.060
1436,389,YJL199C,6,0.750,0.407,0.060
1437,389,YGR182C,7,0.875,0.400,0.429
1438,390,YAR008W,5,1.000,0.461,0.150
1439,390,YJL087C,5,1.000,0.461,0.150
1440,391,YBL047C,2,1.000,0.707,1.000
1441,392,YOR042W,2,1.000,0.707,1.000
1442,393,YPL184C,1,1.000,0.707,0.000
1443,393,YPR042C,1,1.000,0.707,0.000
1444,394,YNL197C,1,1.000,0.707,0.000
1445,394,YDL224C,1,1.000,0.707,0.000
1446,395,YOL104C,2,1.000,0.577,0.000
1447,395,YJL019W,2,1.000,0.577,0.000
1448,395,YPL200W,2,1.000,0.577,0.000
1449,396,YOR387C,2,0.400,0.431,0.000
1450,396,YGL256W,5,1.000,0.653,0.900
1451,396,YGL258W,2,0.400,0.431,0.000
1452,397,YHR113W,0,1.000,1.000,0.000
1453,398,YLR209C,0,1.000,1.000,0.000
1454,399,YKL166C,5,0.714,0.437,0.048
1455,399,YJL164C,7,1.000,0.494,0.476
1456,399,YPL203W,5,0.714,0.437,0.048
1457,400,YDR430C,0,1.000,1.000,0.000
1458,401,YOL086W-A,3,1.000,0.557,0.167
1459,401,YIR002C,3,1.000,0.557,0.167
1460,402,YDR457W,1,1.000,0.707,0.000
1461,402,YKL010C,1,1.000,0.707,0.000
1462,403,YER142C,1,1.000,0.707,0.000
1463,403,YDL200C,1,1.000,0.707,0.000
1464,404,YMR036C,2,1.000,0.707,1.000
1465,405,YHR207C,2,1.000,0.577,0.000
1466,405,YJL105W,2,1.000,0.577,0.000
1467,405,YPL165C,2,1.000,0.577,0.000
1468,406,YJR053W,2,1.000,0.577,0.000
1469,406,YMR055C,2,1.000,0.577,0.000
1470,406,YOR233W,2,1.000,0.577,0.000
1471,407,YAR014C,2,1.000,0.577,0.000
1472,407,YGR238C,2,1.000,0.577,0.000
1473,407,YHR158C,2,1.000,0.577,0.000
1474,408,YJL106W,2,1.000,0.707,1.000
1475,409,YMR009W,4,0.800,0.494,0.100
1476,409,YPR118W,5,1.000,0.529,0.500
1477,410,YJR159W,3,1.000,0.557,0.167
1478,410,YDL246C,3,1.000,0.557,0.167
1479,411,YGR144W,8,0.727,0.409,0.209
1480,411,YPL258C,7,0.636,0.399,0.027
1481,411,YPL214C,10,0.909,0.431,0.518
1482,411,YOL055C,7,0.636,0.399,0.027
1483,412,YDL052C,1,1.000,0.707,0.000
1484,412,YDR018C,1,1.000,0.707,0.000
1485,413,YMR165C,2,1.000,0.577,0.000
1486,413,YHR004C,2,1.000,0.577,0.000
1487,413,YAL009W,2,1.000,0.577,0.000
1488,414,YOR006C,1,1.000,0.707,0.000
1489,414,YIL025C,1,1.000,0.707,0.000
1490,415,YPL060W,2,0.400,0.372,0.050
1491,415,YOL130W,2,0.400,0.425,0.150
1492,415,YFL050C,2,0.400,0.425,0.150
1493,415,YOR334W,4,0.800,0.602,0.750
1494,416,YDR082W,5,0.714,0.398,0.000
1495,416,YBR275C,5,0.714,0.398,0.000
1496,416,YLR453C,5,0.714,0.398,0.000
1497,416,YLR010C,5,0.714,0.398,0.000
1498,416,YNL216W,7,1.000,0.432,0.476
1499,416,YDL220C,5,0.714,0.398,0.000
1500,417,YDL235C,5,0.500,0.359,0.006
1501,417,YNR031C,5,0.500,0.359,0.006
1502,417,YCR073C,5,0.500,0.359,0.006
1503,417,YIL147C,5,0.500,0.348,0.033
1504,417,YER118C,10,1.000,0.495,0.594
1505,418,YML001W,13,0.867,0.283,0.183
1506,418,YDR495C,12,0.800,0.297,0.010
1507,418,YLR148W,12,0.800,0.297,0.010
1508,418,YLR396C,13,0.867,0.303,0.054
1509,418,YDL077C,12,0.800,0.282,0.048
1510,418,YAL002W,13,0.867,0.303,0.054
1511,418,YMR231W,12,0.800,0.297,0.010
1512,419,YGL008C,0,1.000,1.000,0.000
1513,420,YPR183W,3,1.000,0.612,0.667
1514,421,YKL205W,1,1.000,0.707,0.000
1515,421,YOR112W,1,1.000,0.707,0.000
1516,422,YNR019W,3,1.000,0.557,0.167
1517,422,YCR048W,3,1.000,0.557,0.167
1518,423,YLR242C,1,1.000,0.707,0.000
1519,423,YJL062W,1,1.000,0.707,0.000
1520,424,YAL063C,1,0.200,0.316,0.000
1521,424,YOR140W,1,0.200,0.316,0.000
1522,424,YIR019C,5,1.000,0.707,1.000
1523,424,YAR050W,1,0.200,0.316,0.000
1524,424,YKR102W,1,0.200,0.316,0.000
1525,424,YHR211W,1,0.200,0.316,0.000
1526,425,YBR164C,0,1.000,1.000,0.000
1527,426,YJR031C,2,1.000,0.707,1.000
1528,427,YLR062C,1,1.000,0.707,0.000
1529,427,YGL217C,1,1.000,0.707,0.000
1530,428,YMR218C,12,0.857,0.298,0.018
1531,428,YKR068C,12,0.857,0.298,0.018
1532,428,YFL038C,12,0.857,0.257,0.273
1533,428,YDR407C,12,0.857,0.298,0.018
1534,428,YOR115C,12,0.857,0.298,0.018
1535,429,YPR029C,11,0.917,0.402,0.466
1536,429,YPL259C,7,0.583,0.328,0.041
1537,429,YBR288C,8,0.667,0.380,0.043
1538,429,YJR005W,7,0.583,0.346,0.031
1539,429,YGR261C,7,0.583,0.342,0.028
1540,430,YAL065C,3,1.000,0.612,0.667
1541,431,YGL227W,6,0.857,0.376,0.000
1542,431,YDR255C,6,0.857,0.376,0.000
1543,431,YIL097W,6,0.857,0.376,0.000
1544,431,YBR105C,6,0.857,0.376,0.000
1545,431,YMR135C,6,0.857,0.376,0.000
1546,431,YCL039W,7,1.000,0.385,0.286
1547,431,YIL017C,6,0.857,0.376,0.000
1548,432,YBR004C,14,0.636,0.272,0.141
1549,432,YJR013W,15,0.682,0.304,0.095
1550,432,YGL142C,15,0.682,0.301,0.085
1551,432,YPL175W,14,0.636,0.282,0.079
1552,432,YMR281W,14,0.636,0.296,0.064
1553,432,YLR088W,14,0.636,0.288,0.070
1554,433,YMR206W,1,1.000,0.707,0.000
1555,433,YMR081C,1,1.000,0.707,0.000
1556,434,YJL153C,3,1.000,0.500,0.000
1557,434,YOL108C,3,1.000,0.500,0.000
1558,434,YDR123C,3,1.000,0.500,0.000
1559,434,YHL020C,3,1.000,0.500,0.000
1560,435,YOR281C,1,1.000,0.707,0.000
1561,435,YDR183W,1,1.000,0.707,0.000
1562,436,YGR078C,6,0.857,0.411,0.048
1563,436,YML094W,6,0.857,0.411,0.048
1564,436,YLR200W,7,1.000,0.424,0.333
1565,437,YMR052W,5,0.833,0.423,0.017
1566,437,YNL127W,5,0.833,0.423,0.017
1567,437,YFR008W,5,0.833,0.423,0.017
1568,437,YMR029C,6,1.000,0.440,0.350
1569,438,YML067C,1,1.000,0.707,0.000
1570,438,YAL042W,1,1.000,0.707,0.000
1571,439,YKR099W,0,1.000,1.000,0.000
1572,440,YOL068C,1,1.000,0.707,0.000
1573,440,YOR279C,1,1.000,0.707,0.000
1574,441,YGR283C,3,1.000,0.612,0.667
1575,442,YFR003C,1,1.000,0.707,0.000
1576,442,YPL179W,1,1.000,0.707,0.000
1577,443,YJL129C,3,1.000,0.557,0.167
1578,443,YML016C,3,1.000,0.557,0.167
1579,444,YFR015C,1,1.000,0.707,0.000
1580,444,YLR177W,1,1.000,0.707,0.000
1581,445,YBR061C,4,0.800,0.596,0.600
1582,445,YOL125W,3,0.600,0.440,0.400
1583,446,YOL093W,1,1.000,0.707,0.000
1584,446,YLR405W,1,1.000,0.707,0.000
1585,447,YNR046W,1,1.000,0.707,0.000
1586,447,YDR140W,1,1.000,0.707,0.000
1587,448,YLR316C,2,1.000,0.577,0.000
1588,448,YJL035C,2,1.000,0.577,0.000
1589,448,YGL243W,2,1.000,0.577,0.000
1590,449,YJL212C,1,1.000,0.707,0.000
1591,449,YGL114W,1,1.000,0.707,0.000
1592,450,YOR143C,2,1.000,0.707,1.000
1593,451,YAR071W,4,1.000,0.510,0.167
1594,451,YHR215W,4,1.000,0.510,0.167
1595,452,YDL103C,3,1.000,0.612,0.667
1596,453,YOL095C,1,1.000,0.707,0.000
1597,453,YDR332W,1,1.000,0.707,0.000
1598,454,YDR539W,1,1.000,0.707,0.000
1599,454,YDR538W,1,1.000,0.707,0.000
1600,455,YBL061C,2,1.000,0.577,0.000
1601,455,YBR023C,2,1.000,0.577,0.000
1602,455,YHR142W,2,1.000,0.577,0.000
1603,456,YKR027W,4,1.000,0.447,0.000
1604,456,YLR330W,4,1.000,0.447,0.000
1605,456,YJL099W,4,1.000,0.447,0.000
1606,456,YMR237W,4,1.000,0.447,0.000
1607,456,YOR299W,4,1.000,0.447,0.000
1608,457,YBR078W,1,1.000,0.707,0.000
1609,457,YMR307W,1,1.000,0.707,0.000
1610,458,YLR342W,0,1.000,1.000,0.000
1611,459,YNL233W,0,1.000,1.000,0.000
1612,460,YDR438W,1,1.000,0.707,0.000
1613,460,YPL244C,1,1.000,0.707,0.000
1614,461,YNL063W,0,1.000,1.000,0.000
1615,462,YBR126C,0,1.000,1.000,0.000
1616,463,YLR149C,1,1.000,0.707,0.000
1617,463,YOR238W,1,1.000,0.707,0.000
1618,464,YFR017C,1,1.000,0.707,0.000
1619,464,YNR034W-A,1,1.000,0.707,0.000
1620,465,YGR262C,6,1.000,0.453,0.133
1621,465,YML036W,6,1.000,0.453,0.133
1622,466,YOR095C,0,1.000,1.000,0.000
1623,467,YLL061W,1,0.500,0.707,0.000
1624,467,YLL062C,1,0.500,0.707,0.000
1625,468,YGR142W,3,1.000,0.612,0.667
1626,469,YIL046W,0,1.000,1.000,0.000
1627,470,YKL038W,4,1.000,0.524,0.500
1628,470,YDL138W,3,0.750,0.482,0.000
1629,470,YOR047C,3,0.750,0.482,0.000
1630,470,YDL194W,3,0.750,0.482,0.000
1631,471,YER072W,4,0.500,0.362,0.000
1632,471,YPL019C,4,0.500,0.362,0.000
1633,471,YHR136C,5,0.625,0.408,0.054
1634,471,YML123C,8,1.000,0.512,0.518
1635,471,YJL012C,4,0.500,0.362,0.000
1636,471,YBR296C,4,0.500,0.242,0.054
1637,472,YDL106C,1,1.000,0.707,0.000
1638,472,YFR034C,1,1.000,0.707,0.000
1639,473,YIL047C,1,1.000,0.707,0.000
1640,473,YGR233C,1,1.000,0.707,0.000
1641,474,YLR102C,12,1.000,0.277,0.000
1642,474,YNL172W,12,1.000,0.277,0.000
1643,474,YFR036W,12,1.000,0.277,0.000
1644,474,YIR025W,12,1.000,0.277,0.000
1645,474,YGL240W,12,1.000,0.277,0.000
1646,474,YLR127C,12,1.000,0.277,0.000
1647,474,YBL084C,12,1.000,0.277,0.000
1648,474,YDR260C,12,1.000,0.277,0.000
1649,474,YDL008W,12,1.000,0.277,0.000
1650,474,YOR249C,12,1.000,0.277,0.000
1651,474,YKL022C,12,1.000,0.277,0.000
1652,474,YDR118W,12,1.000,0.277,0.000
1653,474,YHR166C,12,1.000,0.277,0.000
1654,475,YPR127W,4,1.000,0.583,0.583
1655,475,YBR035C,3,0.750,0.524,0.083
1656,476,YKL041W,19,0.826,0.269,0.031
1657,476,YPL065W,17,0.739,0.254,0.016
1658,476,YMR077C,19,0.826,0.269,0.031
1659,476,YJR102C,17,0.739,0.251,0.019
1660,476,YKL002W,19,0.826,0.269,0.031
1661,476,YLR025W,20,0.870,0.274,0.059
1662,477,YER136W,3,0.750,0.482,0.000
1663,477,YOR370C,3,0.750,0.482,0.000
1664,477,YML097C,4,1.000,0.524,0.500
1665,477,YBR264C,3,0.750,0.482,0.000
1666,478,YLR436C,1,1.000,0.707,0.000
1667,478,YMR304W,1,1.000,0.707,0.000
1668,479,YBR070C,4,0.800,0.440,0.000
1669,479,YNL048W,4,0.800,0.440,0.000
1670,479,YBR243C,5,1.000,0.462,0.400
1671,479,YGL047W,4,0.800,0.440,0.000
1672,479,YBR110W,4,0.800,0.440,0.000
1673,480,YBL020W,1,0.167,0.289,0.000
1674,480,YKR061W,1,0.167,0.289,0.000
1675,480,YBR199W,1,0.167,0.289,0.000
1676,480,YNL029C,1,0.167,0.289,0.000
1677,480,YGL065C,6,1.000,0.707,1.000
1678,480,YIL085C,1,0.167,0.289,0.000
1679,480,YJL139C,1,0.167,0.289,0.000
1680,481,YIL030C,1,1.000,0.707,0.000
1681,481,YIL029C,1,1.000,0.707,0.000
1682,482,YGL002W,6,0.667,0.375,0.022
1683,482,YGL200C,6,0.667,0.373,0.019
1684,482,YAR002C-A,6,0.667,0.375,0.022
1685,482,YAL007C,6,0.667,0.366,0.035
1686,482,YML012W,9,1.000,0.436,0.466
1687,483,YMR297W,2,0.667,0.707,0.333
1688,484,YNL238W,4,1.000,0.615,0.667
1689,484,YGL203C,2,0.500,0.394,0.000
1690,484,YDR144C,2,0.500,0.394,0.000
1691,484,YOR219C,2,0.500,0.394,0.000
1692,484,YLR120C,2,0.500,0.394,0.000
1693,485,YLR432W,2,1.000,0.577,0.000
1694,485,YAR073W,2,1.000,0.577,0.000
1695,485,YAR075W,2,1.000,0.577,0.000
1696,486,YER099C,6,1.000,0.392,0.013
1697,486,YBL068W,6,1.000,0.392,0.013
1698,486,YKL181W,6,1.000,0.392,0.013
1699,486,YOL061W,6,1.000,0.392,0.013
1700,486,YHL011C,6,1.000,0.392,0.013
1701,487,YNL142W,3,1.000,0.612,0.667
1702,488,YER163C,3,1.000,0.557,0.167
1703,488,YLR299W,3,1.000,0.557,0.167
1704,489,YCL035C,0,0.000,0.707,0.000
1705,489,YDR513W,0,0.000,0.707,0.000
1706,490,YKL134C,1,1.000,0.707,0.000
1707,490,YER078C,1,1.000,0.707,0.000
1708,491,YGL156W,0,1.000,1.000,0.000
1709,492,YBR205W,8,0.800,0.337,0.241
1710,492,YDR483W,9,0.900,0.389,0.158
1711,492,YOR099W,8,0.800,0.346,0.107
1712,493,YIL140W,3,0.375,0.537,0.036
1713,493,YCR038C,3,0.375,0.475,0.107
1714,493,YCL014W,3,0.375,0.537,0.036
1715,494,YGR202C,1,1.000,0.707,0.000
1716,494,YLR133W,1,1.000,0.707,0.000
1717,495,YLR059C,3,1.000,0.612,0.667
1718,496,YDL184C,1,1.000,0.707,0.000
1719,496,YDL133C-A,1,1.000,0.707,0.000
1720,497,YGL202W,2,1.000,0.707,1.000
1721,498,YLR138W,5,1.000,0.473,0.117
1722,498,YJL094C,5,1.000,0.473,0.117
1723,499,YKR050W,1,1.000,0.707,0.000
1724,499,YJR054W,1,1.000,0.707,0.000
1725,500,YFR044C,2,1.000,0.577,0.000
1726,500,YBR281C,2,1.000,0.577,0.000
1727,500,YNL191W,2,1.000,0.577,0.000
1728,501,YPR069C,3,0.750,0.482,0.000
1729,501,YKL184W,4,1.000,0.524,0.500
1730,501,YOL052C,3,0.750,0.482,0.000
1731,501,YLR146C,3,0.750,0.482,0.000
1732,502,YOL081W,3,0.750,0.425,0.056
1733,502,YER020W,3,0.750,0.425,0.056
1734,502,YDL035C,4,1.000,0.526,0.111
1735,502,YAL056W,3,0.750,0.425,0.056
1736,502,YOR371C,3,0.750,0.425,0.056
1737,503,YBR223C,2,1.000,0.707,1.000
1738,504,YMR070W,1,1.000,0.707,0.000
1739,504,YLR228C,1,1.000,0.707,0.000
1740,505,YBL067C,4,1.000,0.510,0.167
1741,505,YER098W,4,1.000,0.510,0.167
1742,506,YBR040W,1,1.000,0.707,0.000
1743,506,YML047C,1,1.000,0.707,0.000
1744,507,YDR414C,2,1.000,0.577,0.000
1745,507,YKR007W,2,1.000,0.577,0.000
1746,507,YCR075C,2,1.000,0.577,0.000
1747,508,YLR126C,2,1.000,0.707,1.000
1748,509,YER123W,1,1.000,0.707,0.000
1749,509,YPL236C,1,1.000,0.707,0.000
1750,510,YNL161W,1,1.000,0.707,0.000
1751,510,YCL051W,1,1.000,0.707,0.000
1752,511,YKL094W,0,1.000,1.000,0.000
1753,512,YCR068W,0,1.000,1.000,0.000
1754,513,YLR066W,3,1.000,0.500,0.000
1755,513,YIR022W,3,1.000,0.500,0.000
1756,513,YJR010C-A,3,1.000,0.500,0.000
1757,513,YML055W,3,1.000,0.500,0.000
1758,514,YEL075W-A,4,1.000,0.447,0.000
1759,514,YEL077C,4,1.000,0.447,0.000
1760,514,YEL075C,4,1.000,0.447,0.000
1761,514,YEL076C,4,1.000,0.447,0.000
1762,514,YEL074W,4,1.000,0.447,0.000
1763,515,YMR164C,3,1.000,0.707,1.000
1764,516,YHR084W,9,0.750,0.390,0.165
1765,516,YGR040W,9,0.750,0.394,0.113
1766,516,YDR103W,6,0.500,0.305,0.014
1767,516,YJL157C,6,0.500,0.284,0.046
1768,516,YBL016W,11,0.917,0.435,0.303
1769,517,YOR230W,1,1.000,0.707,0.000
1770,517,YLR437C,1,1.000,0.707,0.000
1771,518,YMR154C,7,0.875,0.379,0.089
1772,518,YOR275C,8,1.000,0.397,0.214
1773,518,YHL027W,7,0.875,0.379,0.089
1774,519,YOR022C,1,1.000,0.707,0.000
1775,519,YDL195W,1,1.000,0.707,0.000
1776,520,YOL016C,2,1.000,0.707,1.000
1777,521,YKL159C,1,1.000,0.707,0.000
1778,521,YNL027W,1,1.000,0.707,0.000
1779,522,YDL128W,4,0.800,0.445,0.033
1780,522,YNL291C,4,0.800,0.420,0.100
1781,522,YGR217W,5,1.000,0.494,0.233
1782,522,YOR087W,4,0.800,0.445,0.033
1783,523,YGL167C,1,1.000,0.707,0.000
1784,523,YGL168W,1,1.000,0.707,0.000
1785,524,YDR264C,4,0.800,0.469,0.250
1786,524,YOR034C,4,0.800,0.469,0.250
1787,525,YDL240W,1,1.000,0.707,0.000
1788,525,YEL031W,1,1.000,0.707,0.000
1789,526,YDR099W,1,1.000,0.707,0.000
1790,526,YER177W,1,1.000,0.707,0.000
1791,527,YMR212C,3,0.750,0.524,0.083
1792,527,YLR305C,4,1.000,0.583,0.583
1793,528,YLR422W,1,1.000,0.707,0.000
1794,528,YLL007C,1,1.000,0.707,0.000
1795,529,YLR310C,0,1.000,1.000,0.000
1796,530,YER056C,0,1.000,1.000,0.000
1797,531,YLR254C,1,1.000,0.707,0.000
1798,531,YOR269W,1,1.000,0.707,0.000
1799,532,YDR517W,1,1.000,0.707,0.000
1800,532,YDL099W,1,1.000,0.707,0.000
1801,533,YIL177W-A,1,1.000,0.707,0.000
1802,533,YIL177C,1,1.000,0.707,0.000
1803,534,YML133W-A,2,1.000,0.577,0.000
1804,534,YML133C,2,1.000,0.577,0.000
1805,534,YML133W-B,2,1.000,0.577,0.000
1806,535,YLL066W-A,3,1.000,0.612,0.667
1807,536,YDL124W,2,1.000,0.707,1.000
1808,537,YJR056C,5,1.000,0.408,0.000
1809,537,YJL028W,5,1.000,0.408,0.000
1810,537,YJR055W,5,1.000,0.408,0.000
1811,537,YJL161W,5,1.000,0.408,0.000
1812,537,YJL022W,5,1.000,0.408,0.000
1813,537,YJL027C,5,1.000,0.408,0.000
1814,538,YHR195W,1,1.000,0.707,0.000
1815,538,YAR042W,1,1.000,0.707,0.000
1816,539,YER120W,4,0.800,0.677,0.900
1817,539,YOR086C,2,0.400,0.425,0.400
1818,540,YNL160W,2,1.000,0.707,1.000
1819,541,YDR150W,1,1.000,0.707,0.000
1820,541,YPR083W,1,1.000,0.707,0.000
1821,542,YLR215C,2,1.000,0.707,1.000
1822,543,YAL021C,1,1.000,0.707,0.000
1823,543,YNR052C,1,1.000,0.707,0.000
1824,544,YDL234C,3,0.750,0.425,0.056
1825,544,YOR070C,3,0.750,0.425,0.056
1826,544,YGR100W,3,0.750,0.425,0.056
1827,544,YFL027C,4,1.000,0.526,0.111
1828,544,YPL249C,3,0.750,0.425,0.056
1829,545,YJL053W,7,0.778,0.346,0.043
1830,545,YOR069W,7,0.778,0.360,0.018
1831,545,YHR012W,9,1.000,0.398,0.166
1832,545,YJL154C,9,1.000,0.398,0.166
1833,545,YOR132W,7,0.778,0.360,0.018
1834,546,YML072C,1,1.000,0.707,0.000
1835,546,YBR086C,1,1.000,0.707,0.000
1836,547,YDL058W,0,1.000,1.000,0.000
1837,548,YKL179C,2,1.000,0.577,0.000
1838,548,YJR134C,2,1.000,0.577,0.000
1839,548,YOR216C,2,1.000,0.577,0.000
1840,549,YMR079W,0,1.000,1.000,0.000
1841,550,YLR380W,1,1.000,0.707,0.000
1842,550,YJL145W,1,1.000,0.707,0.000
1843,551,YER166W,6,1.000,0.504,0.322
1844,551,YDR093W,5,0.833,0.439,0.167
1845,552,YMR162C,1,1.000,0.707,0.000
1846,552,YNR048W,1,1.000,0.707,0.000
1847,553,YIL048W,3,1.000,0.612,0.667
1848,554,YOR107W,1,1.000,0.707,0.000
1849,554,YML104C,1,1.000,0.707,0.000
1850,555,YOR301W,3,1.000,0.557,0.167
1851,555,YLR084C,3,1.000,0.557,0.167
1852,556,YNL066W,7,0.583,0.363,0.021
1853,556,YHR143W,7,0.583,0.363,0.021
1854,556,YGL028C,7,0.583,0.363,0.021
1855,556,YNL327W,7,0.583,0.363,0.021
1856,556,YER124C,7,0.583,0.363,0.021
1857,556,YLR286C,11,0.917,0.372,0.629
1858,557,YDR306C,2,1.000,0.577,0.000
1859,557,YLR097C,2,1.000,0.577,0.000
1860,557,YBR280C,2,1.000,0.577,0.000
1861,558,YIL001W,1,1.000,0.707,0.000
1862,558,YGR003W,1,1.000,0.707,0.000
1863,559,YNL264C,1,1.000,0.707,0.000
1864,559,YPL272C,1,1.000,0.707,0.000
1865,560,YDR310C,0,1.000,1.000,0.000
1866,561,YNL333W,5,1.000,0.408,0.000
1867,561,YMR096W,5,1.000,0.408,0.000
1868,561,YNL334C,5,1.000,0.408,0.000
1869,561,YFL060C,5,1.000,0.408,0.000
1870,561,YMR095C,5,1.000,0.408,0.000
1871,561,YFL059W,5,1.000,0.408,0.000
1872,562,YGL210W,0,1.000,1.000,0.000
1873,563,YDR135C,2,1.000,0.707,1.000
1874,564,YNL086W,5,1.000,0.408,0.000
1875,564,YGL079W,5,1.000,0.408,0.000
1876,564,YEL005C,5,1.000,0.408,0.000
1877,564,YDR357C,5,1.000,0.408,0.000
1878,564,YLR408C,5,1.000,0.408,0.000
1879,564,YKL061W,5,1.000,0.408,0.000
1880,565,YDR104C,2,1.000,0.707,1.000
1881,566,YLR189C,2,1.000,0.577,0.000
1882,566,YJL036W,2,1.000,0.577,0.000
1883,566,YDL113C,2,1.000,0.577,0.000
1884,567,YHR107C,11,1.000,0.381,0.130
1885,567,YLR314C,10,0.909,0.356,0.092
1886,567,YJR076C,11,1.000,0.381,0.130
1887,568,YPR028W,4,1.000,0.479,0.056
1888,568,YDR233C,4,1.000,0.479,0.056
1889,568,YOR165W,4,1.000,0.479,0.056
1890,569,YHR076W,2,1.000,0.577,0.000
1891,569,YCR079W,2,1.000,0.577,0.000
1892,569,YOR090C,2,1.000,0.577,0.000
1893,570,YJR036C,1,1.000,0.707,0.000
1894,570,YMR247C,1,1.000,0.707,0.000
1895,571,YPL009C,3,0.750,0.470,0.083
1896,571,YKR023W,3,0.750,0.470,0.083
1897,571,YGR271W,4,1.000,0.559,0.333
1898,572,YMR241W,1,1.000,0.707,0.000
1899,572,YDL198C,1,1.000,0.707,0.000
1900,573,YKL178C,8,0.727,0.378,0.186
1901,573,YFL026W,9,0.818,0.409,0.272
1902,573,YPL187W,7,0.636,0.364,0.079
1903,574,YOR193W,2,1.000,0.707,1.000
1904,575,YPR156C,3,1.000,0.612,0.667
1905,576,YGL192W,3,1.000,0.612,0.667
1906,577,YCL027W,0,1.000,1.000,0.000
1907,578,YPL128C,2,1.000,0.707,1.000
1908,579,YLR223C,3,1.000,0.612,0.667
1909,580,YFL066C,3,1.000,0.500,0.000
1910,580,YFL065C,3,1.000,0.500,0.000
1911,580,YFL067W,3,1.000,0.500,0.000
1912,580,YFL064C,3,1.000,0.500,0.000
1913,581,YJL073W,1,1.000,0.707,0.000
1914,581,YLR104W,1,1.000,0.707,0.000
1915,582,YLR057W,1,1.000,0.707,0.000
1916,582,YJR131W,1,1.000,0.707,0.000
1917,583,YGR225W,1,1.000,0.707,0.000
1918,583,YHR184W,1,1.000,0.707,0.000
1919,584,YER175C,1,1.000,0.707,0.000
1920,584,YGL117W,1,1.000,0.707,0.000
1921,585,YOR271C,2,1.000,0.707,1.000
1922,586,YKR077W,1,1.000,0.707,0.000
1923,586,YOR066W,1,1.000,0.707,0.000
1924,587,YMR037C,0,1.000,1.000,0.000
1925,588,YGR016W,2,1.000,0.707,1.000
1926,589,YGL071W,0,1.000,1.000,0.000
1927,590,YOR383C,3,1.000,0.612,0.667
1928,591,YCR040W,4,0.800,0.436,0.083
1929,591,YCL067C,4,0.800,0.436,0.083
1930,591,YCR097W,5,1.000,0.507,0.167
1931,592,YKL189W,4,1.000,0.447,0.000
1932,592,YOR353C,4,1.000,0.447,0.000
1933,592,YFL034C-B,4,1.000,0.447,0.000
1934,592,YIL129C,4,1.000,0.447,0.000
1935,592,YHR102W,4,1.000,0.447,0.000
1936,593,YMR071C,3,1.000,0.557,0.167
1937,593,YDR100W,3,1.000,0.557,0.167
1938,594,YDL170W,3,1.000,0.707,1.000
1939,595,YNR055C,2,0.667,0.500,0.167
1940,595,YIL120W,2,0.667,0.500,0.167
1941,595,YNL065W,2,0.667,0.500,0.167
1942,595,YLL028W,2,0.667,0.500,0.167
1943,596,YML116W,1,1.000,0.707,0.000
1944,596,YBR008C,1,1.000,0.707,0.000
1945,597,YHR048W,1,1.000,0.707,0.000
1946,597,YIL121W,1,1.000,0.707,0.000
1947,598,YDR137W,2,0.286,0.386,0.000
1948,598,YLR039C,2,0.286,0.386,0.000
1949,598,YLR262C,6,0.857,0.659,0.905
1950,598,YDR027C,2,0.286,0.282,0.286
1951,599,YLR047C,3,1.000,0.707,1.000
1952,600,YPL004C,8,0.889,0.508,0.333
1953,600,YGR086C,8,0.889,0.508,0.333
1954,600,YMR031C,4,0.444,0.299,0.222
1955,601,YJL056C,4,1.000,0.636,0.833
1956,601,YLR023C,2,0.500,0.473,0.000
1957,601,YOL101C,2,0.500,0.473,0.000
1958,602,YKL175W,8,0.889,0.403,0.093
1959,602,YGL255W,7,0.778,0.347,0.233
1960,602,YIL023C,8,0.889,0.403,0.093
1961,603,YOR043W,2,1.000,0.707,1.000
1962,604,YGL077C,1,1.000,0.707,0.000
1963,604,YDR497C,1,1.000,0.707,0.000
1964,605,YPL092W,1,1.000,0.707,0.000
1965,605,YGL254W,1,1.000,0.707,0.000
1966,606,YPR105C,9,1.000,0.361,0.056
1967,606,YER157W,9,1.000,0.361,0.056
1968,606,YML071C,9,1.000,0.361,0.056
1969,606,YNL041C,9,1.000,0.361,0.056
1970,607,YKL204W,2,1.000,0.707,1.000
1971,608,YGL038C,0,1.000,1.000,0.000
1972,609,YJL170C,1,1.000,0.707,0.000
1973,609,YGL032C,1,1.000,0.707,0.000
1974,610,YLL019C,1,1.000,0.707,0.000
1975,610,YMR216C,1,1.000,0.707,0.000
1976,611,YER001W,5,1.000,0.601,0.650
1977,611,YBR015C,3,0.600,0.444,0.050
1978,612,YJR075W,5,1.000,0.428,0.025
1979,612,YDR245W,5,1.000,0.428,0.025
1980,612,YJL183W,5,1.000,0.428,0.025
1981,612,YPL050C,5,1.000,0.428,0.025
1982,613,YPL053C,1,1.000,0.707,0.000
1983,613,YNR059W,1,1.000,0.707,0.000
1984,614,YDR089W,1,1.000,0.707,0.000
1985,614,YFL004W,1,1.000,0.707,0.000
1986,615,YBR056W-A,1,1.000,0.707,0.000
1987,615,YMR316W,1,1.000,0.707,0.000
1988,616,YGR070W,5,0.833,0.369,0.027
1989,616,YGR023W,5,0.833,0.369,0.027
1990,616,YOL105C,5,0.833,0.369,0.027
1991,616,YLR371W,5,0.833,0.369,0.027
1992,616,YLR332W,6,1.000,0.429,0.040
1993,616,YNL283C,5,0.833,0.369,0.027
1994,616,YOR008C,5,0.833,0.369,0.027
1995,617,YBR260C,1,1.000,0.707,0.000
1996,617,YFL047W,1,1.000,0.707,0.000
1997,618,YBR168W,1,1.000,0.707,0.000
1998,618,YHR150W,1,1.000,0.707,0.000
1999,619,YLR324W,2,1.000,0.707,1.000
2000,620,YGR184C,2,1.000,0.707,1.000
2001,621,YIL039W,1,1.000,0.707,0.000
2002,621,YCR017C,1,1.000,0.707,0.000
2003,622,YNL008C,2,1.000,0.577,0.000
2004,622,YNL159C,2,1.000,0.577,0.000
2005,622,YMR119W,2,1.000,0.577,0.000
2006,623,YDL212W,1,1.000,0.707,0.000
2007,623,YKR039W,1,1.000,0.707,0.000
2008,624,YLL044W,1,1.000,0.707,0.000
2009,624,YLL038C,1,1.000,0.707,0.000
2010,625,YLR080W,1,1.000,0.707,0.000
2011,625,YFL048C,1,1.000,0.707,0.000
2012,626,YGL198W,5,1.000,0.490,0.183
2013,626,YGR172C,5,1.000,0.490,0.183
2014,627,YBR187W,1,1.000,0.707,0.000
2015,627,YMR034C,1,1.000,0.707,0.000
2016,628,YJL151C,1,1.000,0.707,0.000
2017,628,YDR525W-A,1,1.000,0.707,0.000
2018,629,YPR109W,1,1.000,0.707,0.000
2019,629,YOL073C,1,1.000,0.707,0.000
2020,630,YGR143W,1,1.000,0.707,0.000
2021,630,YDR072C,1,1.000,0.707,0.000
2022,631,YOL042W,1,1.000,0.707,0.000
2023,631,YML118W,1,1.000,0.707,0.000
2024,632,YGR178C,5,1.000,0.653,0.900
2025,632,YDL053C,2,0.400,0.431,0.000
2026,632,YHR121W,2,0.400,0.431,0.000
2027,633,YBR271W,0,1.000,1.000,0.000
2028,634,YBR053C,2,1.000,0.707,1.000
2029,635,YML086C,2,1.000,0.707,1.000
2030,636,YGR250C,1,1.000,0.707,0.000
2031,636,YIR001C,1,1.000,0.707,0.000
2032,637,YDR017C,4,0.667,0.463,0.333
2033,637,YDR173C,5,0.833,0.537,0.533
2034,638,YPR201W,2,1.000,0.577,0.000
2035,638,YPR199C,2,1.000,0.577,0.000
2036,638,YPR200C,2,1.000,0.577,0.000
2037,639,YBR030W,3,1.000,0.500,0.000
2038,639,YDR257C,3,1.000,0.500,0.000
2039,639,YPL208W,3,1.000,0.500,0.000
2040,639,YDR198C,3,1.000,0.500,0.000
2041,640,YOR051C,1,1.000,0.707,0.000
2042,640,YER049W,1,1.000,0.707,0.000
2043,641,YNL078W,2,1.000,0.577,0.000
2044,641,YOL070C,2,1.000,0.577,0.000
2045,641,YPL158C,2,1.000,0.577,0.000
2046,642,YFL057C,2,1.000,0.577,0.000
2047,642,YFL056C,2,1.000,0.577,0.000
2048,642,YDL243C,2,1.000,0.577,0.000
2049,643,YAL004W,1,1.000,0.707,0.000
2050,643,YOR053W,1,1.000,0.707,0.000
2051,644,YDR545W,1,1.000,0.707,0.000
2052,644,YDR545C-A,1,1.000,0.707,0.000
2053,645,YOR396C-A,2,1.000,0.707,1.000
2054,646,YPL058C,1,1.000,0.707,0.000
2055,646,YML076C,1,1.000,0.707,0.000
2056,647,YMR204C,1,1.000,0.707,0.000
2057,647,YMR163C,1,1.000,0.707,0.000
2058,648,YLR343W,1,0.250,0.354,0.000
2059,648,YOL030W,1,0.250,0.354,0.000
2060,648,YOR386W,4,1.000,0.707,1.000
2061,648,YOL132W,1,0.250,0.354,0.000
2062,648,YMR215W,1,0.250,0.354,0.000
2063,649,YOR252W,1,1.000,0.707,0.000
2064,649,YDR514C,1,1.000,0.707,0.000
2065,650,YOL110W,1,1.000,0.707,0.000
2066,650,YLR246W,1,1.000,0.707,0.000
2067,651,YER071C,1,1.000,0.707,0.000
2068,651,YIR003W,1,1.000,0.707,0.000
2069,652,YKR093W,2,1.000,0.707,1.000
2070,653,YDL144C,1,1.000,0.707,0.000
2071,653,YFR018C,1,1.000,0.707,0.000
2072,654,YOR242C,1,1.000,0.707,0.000
2073,654,YOR255W,1,1.000,0.707,0.000
2074,655,YJL059W,0,1.000,1.000,0.000
2075,656,YCL001W-A,2,1.000,0.577,0.000
2076,656,YCL042W,2,1.000,0.577,0.000
2077,656,YCR024C-B,2,1.000,0.577,0.000
2078,657,YBL049W,1,1.000,0.707,0.000
2079,657,YBL048W,1,1.000,0.707,0.000
2080,658,YGL140C,2,1.000,0.707,1.000
2081,659,YHR101C,1,1.000,0.707,0.000
2082,659,YMR200W,1,1.000,0.707,0.000
2083,660,YDR186C,1,1.000,0.707,0.000
2084,660,YLR065C,1,1.000,0.707,0.000
2085,661,YNL199C,2,1.000,0.707,1.000
2086,662,YJL223C,20,1.000,0.239,0.016
2087,662,YIR041W,20,1.000,0.239,0.016
2088,662,YFL020C,20,1.000,0.239,0.016
2089,662,YMR325W,20,1.000,0.239,0.016
2090,662,YCR104W,20,1.000,0.239,0.016
2091,662,YIL176C,20,1.000,0.239,0.016
2092,663,YNL149C,1,1.000,0.707,0.000
2093,663,YNL158W,1,1.000,0.707,0.000
2094,664,YCR089W,1,1.000,0.707,0.000
2095,664,YNR044W,1,1.000,0.707,0.000
2096,665,YPL006W,2,1.000,0.707,1.000
2097,666,YGL222C,1,1.000,0.707,0.000
2098,666,YER035W,1,1.000,0.707,0.000
2099,667,YDR403W,2,1.000,0.707,1.000
2100,668,YLL056C,2,1.000,0.707,1.000
2101,669,YKL164C,1,1.000,0.707,0.000
2102,669,YJL159W,1,1.000,0.707,0.000
2103,670,YDR250C,1,1.000,0.707,0.000
2104,670,YGR045C,1,1.000,0.707,0.000
2105,671,YER039C,1,1.000,0.707,0.000
2106,671,YER039C-A,1,1.000,0.707,0.000
2107,672,YBL109W,3,1.000,0.500,0.000
2108,672,YBL113W-A,3,1.000,0.500,0.000
2109,672,YBL113C,3,1.000,0.500,0.000
2110,672,YBL111C,3,1.000,0.500,0.000
2111,673,YEL004W,1,1.000,0.707,0.000
2112,673,YML038C,1,1.000,0.707,0.000
2113,674,YDR085C,1,1.000,0.707,0.000
2114,674,YER158C,1,1.000,0.707,0.000
2115,675,YPL199C,1,1.000,0.707,0.000
2116,675,YKL047W,1,1.000,0.707,0.000
2117,676,YLR465C,1,1.000,0.707,0.000
2118,676,YLR463C,1,1.000,0.707,0.000
2119,677,YLR467C-A,1,1.000,0.707,0.000
2120,677,YLR466C-B,1,1.000,0.707,0.000
2121,678,YNL101W,2,0.667,0.602,0.667
2122,678,YCL038C,2,0.667,0.602,0.667
2123,679,YGL102C,2,1.000,0.707,1.000
2124,680,YHR217C,2,0.500,0.473,0.000
2125,680,YDR543C,4,1.000,0.636,0.833
2126,680,YKL225W,2,0.500,0.473,0.000
2127,681,YHR219W,0,1.000,1.000,0.000
2128,682,YJR162C,3,0.750,0.524,0.083
2129,682,YNL337W,4,1.000,0.583,0.583
2130,683,YER188C-A,2,1.000,0.577,0.000
2131,683,YER190W,2,1.000,0.577,0.000
2132,683,YER189W,2,1.000,0.577,0.000
2133,684,YHL049C,0,1.000,1.000,0.000
2134,685,YCL012C,1,1.000,0.707,0.000
2135,685,YHL050W-A,1,1.000,0.707,0.000
2136,686,YNL033W,3,0.750,0.500,0.250
2137,686,YNL019C,3,0.750,0.500,0.250
2138,687,YIL088C,1,1.000,0.707,0.000
2139,687,YKL146W,1,1.000,0.707,0.000
