,cluster,protein,degree,eigenvector_centrality,betweenness_centrality,degree_centrality
0,0,Q0010,6,0.417,0.119,0.857
1,0,Q0143,6,0.417,0.119,0.857
2,1,YPL059W,11,0.303,0.009,1.000
3,1,YER048W-A,11,0.303,0.009,1.000
4,1,YKL040C,11,0.303,0.009,1.000
5,1,YPR067W,11,0.303,0.009,1.000
6,1,YCL017C,11,0.303,0.009,1.000
7,1,YPL252C,11,0.303,0.009,1.000
8,2,YMR301C,2,0.577,0.000,1.000
9,2,YGL018C,2,0.577,0.000,1.000
10,2,YDL120W,2,0.577,0.000,1.000
11,3,YOR232W,6,0.535,0.533,1.000
12,3,YFL016C,4,0.446,0.067,0.667
13,3,YJR045C,4,0.446,0.067,0.667
14,4,YAL046C,4,0.418,0.022,0.667
15,4,YAL044W-A,4,0.418,0.022,0.667
16,4,YGL220W,6,0.506,0.356,1.000
17,5,YBR154C,36,0.183,0.034,0.590
18,5,YDR079C-A,33,0.179,0.017,0.541
19,5,YGL070C,32,0.180,0.008,0.525
20,5,YPR187W,35,0.186,0.021,0.574
21,5,YPL122C,30,0.174,0.004,0.492
22,5,YOR210W,35,0.182,0.027,0.574
23,5,YOR151C,40,0.197,0.040,0.656
24,5,YIL021W,41,0.200,0.047,0.672
25,5,YOL005C,33,0.184,0.009,0.541
26,5,YIL143C,32,0.178,0.009,0.525
27,5,YDL140C,54,0.220,0.191,0.885
28,5,YJL140W,34,0.187,0.012,0.557
29,5,YGL043W,37,0.181,0.037,0.607
30,5,YDR404C,35,0.189,0.013,0.574
31,5,YER171W,32,0.178,0.009,0.525
32,5,YPR086W,34,0.188,0.015,0.557
33,6,YBL022C,0,1.000,0.000,1.000
34,7,YER148W,38,0.333,0.543,0.974
35,7,YNL113W,15,0.205,0.004,0.385
36,7,YPR190C,16,0.220,0.003,0.410
37,7,YOR207C,16,0.219,0.003,0.410
38,7,YOR116C,18,0.234,0.008,0.462
39,7,YGR246C,23,0.258,0.045,0.590
40,7,YPR110C,15,0.205,0.004,0.385
41,7,YNL151C,15,0.209,0.002,0.385
42,7,YDL150W,16,0.220,0.003,0.410
43,7,YNR003C,15,0.211,0.001,0.385
44,7,YNL039W,21,0.251,0.022,0.538
45,8,YGL127C,24,0.222,0.014,1.000
46,8,YNL236W,24,0.222,0.014,1.000
47,8,YLR071C,24,0.222,0.014,1.000
48,8,YOL135C,24,0.222,0.014,1.000
49,8,YDL005C,24,0.222,0.014,1.000
50,8,YDR308C,24,0.222,0.014,1.000
51,8,YBL093C,24,0.222,0.014,1.000
52,9,YGR252W,16,0.264,0.044,1.000
53,9,YPL254W,15,0.260,0.013,0.938
54,9,YHR099W,15,0.260,0.013,0.938
55,9,YCL010C,16,0.264,0.044,1.000
56,9,YDR448W,15,0.260,0.013,0.938
57,9,YDR176W,16,0.264,0.044,1.000
58,10,YDL132W,15,0.346,0.139,0.536
59,10,YJL047C,9,0.252,0.051,0.321
60,10,YOL133W,15,0.358,0.158,0.536
61,10,YLR306W,8,0.270,0.005,0.286
62,10,YPR066W,9,0.296,0.006,0.321
63,10,YDR139C,10,0.306,0.028,0.357
64,10,YDR328C,22,0.376,0.595,0.786
65,10,YDR054C,8,0.263,0.004,0.286
66,11,YHR111W,10,0.319,0.026,0.909
67,11,YGL211W,10,0.319,0.026,0.909
68,11,YPL086C,11,0.338,0.049,1.000
69,11,YGR200C,11,0.338,0.049,1.000
70,12,YPL240C,12,0.342,0.083,1.000
71,12,YDR214W,11,0.332,0.035,0.917
72,12,YMR186W,12,0.342,0.083,1.000
73,12,YKL117W,11,0.322,0.060,0.917
74,13,YPL129W,4,0.524,0.500,1.000
75,13,YLR455W,3,0.482,0.000,0.750
76,14,YML069W,3,0.557,0.167,1.000
77,14,YGL207W,3,0.557,0.167,1.000
78,15,YJR035W,2,0.707,1.000,1.000
79,16,YMR093W,135,0.090,0.003,0.672
80,16,YLR009W,145,0.092,0.010,0.721
81,16,YPR144C,138,0.091,0.003,0.687
82,16,YGR145W,152,0.097,0.004,0.756
83,16,YPL012W,143,0.093,0.004,0.711
84,16,YOR310C,144,0.093,0.005,0.716
85,16,YGR103W,172,0.103,0.013,0.856
86,16,YOR272W,164,0.101,0.008,0.816
87,16,YGL171W,140,0.094,0.002,0.697
88,16,YDR299W,143,0.093,0.006,0.711
89,16,YPL093W,146,0.093,0.006,0.726
90,16,YLL008W,152,0.095,0.011,0.756
91,16,YHR170W,141,0.091,0.009,0.701
92,16,YKL172W,154,0.096,0.006,0.766
93,16,YNL075W,145,0.094,0.004,0.721
94,16,YLR276C,142,0.092,0.005,0.706
95,16,YLR197W,144,0.093,0.005,0.716
96,16,YCR057C,153,0.097,0.015,0.761
97,16,YGR245C,146,0.094,0.007,0.726
98,16,YOL077C,155,0.095,0.017,0.771
99,16,YKL009W,148,0.094,0.007,0.736
100,16,YPR137W,148,0.095,0.007,0.736
101,16,YCL054W,161,0.099,0.009,0.801
102,16,YNL061W,153,0.096,0.006,0.761
103,16,YBR247C,152,0.097,0.005,0.756
104,16,YOR206W,159,0.099,0.007,0.791
105,16,YLR409C,143,0.092,0.004,0.711
106,16,YDR449C,145,0.096,0.003,0.721
107,16,YOR294W,154,0.096,0.006,0.766
108,16,YGL078C,148,0.091,0.009,0.736
109,16,YMR290C,158,0.099,0.007,0.786
110,16,YLR222C,149,0.095,0.007,0.741
111,16,YMR229C,143,0.093,0.004,0.711
112,16,YNL132W,144,0.094,0.004,0.716
113,16,YNL110C,157,0.097,0.006,0.781
114,16,YJL010C,134,0.090,0.002,0.667
115,16,YER006W,154,0.097,0.005,0.766
116,16,YDR496C,163,0.098,0.031,0.811
117,16,YDL060W,144,0.093,0.004,0.716
118,16,YKR081C,163,0.101,0.007,0.811
119,16,YMR049C,166,0.101,0.022,0.826
120,16,YJL033W,149,0.096,0.004,0.741
121,16,YPL043W,162,0.099,0.008,0.806
122,16,YDL148C,147,0.096,0.004,0.731
123,16,YNL308C,142,0.093,0.003,0.706
124,16,YDR398W,145,0.095,0.004,0.721
125,16,YLR129W,148,0.096,0.004,0.736
126,16,YER082C,141,0.093,0.003,0.701
127,16,YHR052W,155,0.096,0.009,0.771
128,16,YPL217C,148,0.095,0.006,0.736
129,16,YAL025C,143,0.090,0.006,0.711
130,17,YDR005C,1,0.707,0.000,0.500
131,17,YHR205W,1,0.707,0.000,0.500
132,18,YOL142W,19,0.249,0.017,0.704
133,18,YOL021C,22,0.262,0.060,0.815
134,18,YNL232W,19,0.249,0.017,0.704
135,18,YGR095C,18,0.246,0.006,0.667
136,18,YGR158C,18,0.246,0.006,0.667
137,18,YOR001W,27,0.273,0.289,1.000
138,18,YGR195W,18,0.246,0.006,0.667
139,19,YPL207W,4,0.447,0.000,1.000
140,19,YGL050W,4,0.447,0.000,1.000
141,19,YOL141W,4,0.447,0.000,1.000
142,19,YML005W,4,0.447,0.000,1.000
143,19,YHR070W,4,0.447,0.000,1.000
144,20,YKL024C,6,0.312,0.045,0.500
145,20,YKL216W,6,0.344,0.013,0.500
146,20,YEL021W,12,0.494,0.604,1.000
147,20,YML106W,6,0.344,0.013,0.500
148,21,YER005W,0,1.000,0.000,1.000
149,22,YLR245C,3,0.470,0.083,0.750
150,22,YPR062W,4,0.559,0.333,1.000
151,22,YDR400W,3,0.470,0.083,0.750
152,23,YGL189C,151,0.085,0.001,0.938
153,23,YLR388W,151,0.084,0.001,0.938
154,23,YML063W,150,0.084,0.001,0.932
155,23,YHR203C,150,0.084,0.001,0.932
156,23,YER074W,152,0.085,0.001,0.944
157,23,YPL131W,151,0.085,0.001,0.938
158,23,YNL178W,156,0.085,0.004,0.969
159,23,YGR027C,151,0.085,0.001,0.938
160,23,YBR181C,151,0.084,0.001,0.938
161,23,YPL081W,150,0.084,0.001,0.932
162,23,YDR450W,150,0.084,0.001,0.932
163,23,YGR118W,152,0.085,0.002,0.944
164,23,YCR031C,152,0.085,0.002,0.944
165,23,YDR064W,153,0.085,0.002,0.950
166,23,YBR031W,150,0.084,0.002,0.932
167,23,YGL123W,155,0.085,0.004,0.963
168,23,YER102W,154,0.085,0.002,0.957
169,23,YJR123W,155,0.085,0.008,0.963
170,23,YOR167C,151,0.084,0.001,0.938
171,23,YBR048W,152,0.085,0.002,0.944
172,23,YOR096W,151,0.084,0.002,0.938
173,23,YLR264W,151,0.084,0.001,0.938
174,23,YLR340W,151,0.084,0.003,0.938
175,23,YML026C,153,0.085,0.002,0.950
176,23,YML024W,153,0.085,0.002,0.950
177,23,YLR441C,154,0.085,0.002,0.957
178,23,YOL040C,155,0.085,0.002,0.963
179,23,YDR447C,152,0.085,0.002,0.944
180,23,YGR214W,152,0.085,0.002,0.944
181,23,YOR369C,152,0.085,0.002,0.944
182,23,YPR132W,150,0.084,0.001,0.932
183,23,YJR145C,153,0.085,0.002,0.950
184,23,YBL072C,153,0.085,0.002,0.950
185,23,YMR143W,152,0.085,0.002,0.944
186,23,YPL090C,152,0.085,0.002,0.944
187,23,YMR116C,156,0.086,0.004,0.969
188,23,YJL190C,154,0.085,0.002,0.957
189,23,YDL083C,152,0.085,0.002,0.944
190,23,YOR293W,151,0.085,0.001,0.938
191,23,YHL015W,155,0.085,0.002,0.963
192,23,YJL191W,150,0.084,0.001,0.932
193,24,YDR061W,2,0.707,1.000,1.000
194,25,YBR118W,1,0.707,0.000,1.000
195,25,YGR211W,1,0.707,0.000,1.000
196,26,YJR113C,70,0.131,0.006,0.854
197,26,YKL003C,75,0.137,0.009,0.915
198,26,YEL050C,70,0.131,0.006,0.854
199,26,YPL013C,75,0.137,0.010,0.915
200,26,YCR003W,68,0.129,0.004,0.829
201,26,YPR166C,72,0.135,0.006,0.878
202,26,YNL306W,69,0.131,0.005,0.841
203,26,YNR037C,71,0.132,0.007,0.866
204,26,YJL063C,71,0.132,0.006,0.866
205,26,YCR046C,70,0.130,0.007,0.854
206,26,YBL038W,70,0.131,0.007,0.854
207,26,YBR146W,74,0.136,0.008,0.902
208,26,YER050C,70,0.132,0.005,0.854
209,26,YGL129C,73,0.135,0.008,0.890
210,26,YBR251W,75,0.136,0.033,0.915
211,26,YDR337W,74,0.136,0.008,0.902
212,26,YNL005C,70,0.130,0.006,0.854
213,26,YMR158W,72,0.133,0.008,0.878
214,26,YGR220C,71,0.132,0.016,0.866
215,26,YNL284C,67,0.129,0.003,0.817
216,26,YOR150W,69,0.131,0.004,0.841
217,27,YER025W,3,0.500,0.000,1.000
218,27,YPR041W,3,0.500,0.000,1.000
219,27,YJR007W,3,0.500,0.000,1.000
220,27,YPL237W,3,0.500,0.000,1.000
221,28,YLR167W,3,0.491,0.050,0.600
222,28,YLL039C,5,0.604,0.750,1.000
223,29,YJR064W,0,1.000,0.000,1.000
224,30,YPR080W,0,1.000,0.000,1.000
225,31,YJL111W,6,0.378,0.000,1.000
226,31,YDL143W,6,0.378,0.000,1.000
227,31,YJL014W,6,0.378,0.000,1.000
228,31,YJL008C,6,0.378,0.000,1.000
229,31,YIL142W,6,0.378,0.000,1.000
230,31,YDR188W,6,0.378,0.000,1.000
231,31,YDR212W,6,0.378,0.000,1.000
232,32,YLR038C,32,0.181,0.033,0.667
233,32,YBL045C,35,0.192,0.026,0.729
234,32,Q0105,37,0.195,0.050,0.771
235,32,Q0250,34,0.182,0.032,0.708
236,32,YPR191W,38,0.203,0.029,0.792
237,32,YJL166W,37,0.201,0.036,0.771
238,32,YOR065W,38,0.201,0.048,0.792
239,32,YGR183C,35,0.198,0.013,0.729
240,32,YGL187C,34,0.190,0.017,0.708
241,32,YHR051W,35,0.183,0.047,0.729
242,32,YDR529C,36,0.199,0.019,0.750
243,32,YEL024W,37,0.201,0.023,0.771
244,32,YFR033C,35,0.197,0.015,0.729
245,33,YPL172C,5,0.558,0.500,0.833
246,33,YER141W,4,0.515,0.167,0.667
247,34,YLR067C,0,1.000,0.000,1.000
248,35,YML129C,4,0.440,0.000,0.800
249,35,YLR203C,4,0.440,0.000,0.800
250,35,YGR112W,5,0.462,0.400,1.000
251,36,Q0115,3,0.557,0.167,1.000
252,36,Q0075,3,0.557,0.167,1.000
253,37,YBL099W,28,0.223,0.052,0.903
254,37,YJR121W,29,0.227,0.061,0.935
255,37,YDR298C,27,0.222,0.022,0.871
256,37,YDL004W,27,0.219,0.026,0.871
257,37,YPL271W,27,0.218,0.026,0.871
258,37,YKL016C,27,0.222,0.022,0.871
259,37,YPL078C,27,0.218,0.027,0.871
260,37,YBR039W,26,0.215,0.019,0.839
261,38,Q0055,1,0.707,0.000,1.000
262,38,Q0110,1,0.707,0.000,1.000
263,39,YLL018C-A,3,0.557,0.167,1.000
264,39,YLL009C,3,0.557,0.167,1.000
265,40,YDL069C,1,0.707,0.000,1.000
266,40,YDR197W,1,0.707,0.000,1.000
267,41,YPL215W,2,0.707,1.000,1.000
268,42,YGR062C,2,0.577,0.000,1.000
269,42,YDL107W,2,0.577,0.000,1.000
270,42,YOR266W,2,0.577,0.000,1.000
271,43,YEL059C-A,1,0.707,0.000,1.000
272,43,YDR231C,1,0.707,0.000,1.000
273,44,YDR296W,1,0.707,0.000,1.000
274,44,YKL011C,1,0.707,0.000,1.000
275,45,YBR010W,28,0.331,0.234,0.933
276,45,YJL115W,21,0.282,0.090,0.700
277,45,YDR224C,14,0.217,0.012,0.467
278,45,YDR225W,13,0.206,0.009,0.433
279,45,YNL031C,26,0.318,0.167,0.867
280,45,YEL056W,13,0.214,0.008,0.433
281,45,YBR009C,23,0.308,0.082,0.767
282,45,YNL030W,15,0.221,0.019,0.500
283,46,YBR166C,0,1.000,0.000,1.000
284,47,YMR033W,23,0.257,0.062,1.000
285,47,YGR275W,23,0.257,0.062,1.000
286,47,YLR357W,20,0.243,0.018,0.870
287,47,YGR056W,20,0.243,0.018,0.870
288,47,YPR034W,23,0.257,0.062,1.000
289,47,YCR052W,19,0.235,0.013,0.826
290,48,YCR053W,4,0.447,0.000,1.000
291,48,YER052C,4,0.447,0.000,1.000
292,48,YDR158W,4,0.447,0.000,1.000
293,48,YJR139C,4,0.447,0.000,1.000
294,48,YHR025W,4,0.447,0.000,1.000
295,49,YAL043C,18,0.240,0.007,0.545
296,49,YKL059C,18,0.240,0.007,0.545
297,49,YGL044C,18,0.240,0.007,0.545
298,49,YDR228C,18,0.240,0.007,0.545
299,49,YLR115W,18,0.240,0.007,0.545
300,49,YLR277C,18,0.240,0.007,0.545
301,49,YDR301W,18,0.240,0.007,0.545
302,49,YPR107C,18,0.240,0.007,0.545
303,49,YER133W,31,0.236,0.596,0.939
304,50,YPL138C,6,0.378,0.000,1.000
305,50,YBR175W,6,0.378,0.000,1.000
306,50,YLR015W,6,0.378,0.000,1.000
307,50,YHR119W,6,0.378,0.000,1.000
308,50,YDR469W,6,0.378,0.000,1.000
309,50,YBR258C,6,0.378,0.000,1.000
310,50,YAR003W,6,0.378,0.000,1.000
311,51,YFL013C,19,0.184,0.001,0.260
312,51,YOR189W,19,0.183,0.001,0.260
313,51,YFL039C,64,0.334,0.593,0.877
314,51,YGL150C,21,0.194,0.003,0.288
315,51,YNL107W,28,0.238,0.013,0.384
316,51,YNL059C,17,0.159,0.002,0.233
317,51,YBR231C,16,0.168,0.000,0.219
318,51,YLR385C,16,0.168,0.000,0.219
319,51,YDR485C,20,0.194,0.002,0.274
320,51,YLR399C,17,0.175,0.000,0.233
321,51,YLR052W,20,0.192,0.001,0.274
322,51,YLR085C,17,0.172,0.001,0.233
323,51,YPR023C,16,0.131,0.001,0.219
324,51,YDL002C,19,0.184,0.001,0.260
325,51,YML041C,17,0.175,0.000,0.233
326,51,YDR334W,22,0.206,0.005,0.301
327,51,YGR002C,26,0.224,0.010,0.356
328,51,YAL011W,14,0.149,0.000,0.192
329,51,YJL081C,30,0.248,0.018,0.411
330,52,YMR213W,61,0.127,0.020,0.656
331,52,YFL017W-A,80,0.159,0.021,0.860
332,52,YER172C,73,0.148,0.019,0.785
333,52,YOR319W,64,0.135,0.009,0.688
334,52,YMR240C,69,0.144,0.011,0.742
335,52,YPL213W,78,0.158,0.018,0.839
336,52,YPR094W,61,0.131,0.007,0.656
337,52,YPR182W,79,0.159,0.019,0.849
338,52,YDR416W,61,0.130,0.009,0.656
339,52,YDL043C,71,0.148,0.012,0.763
340,52,YLR275W,79,0.159,0.019,0.849
341,52,YGR074W,71,0.145,0.034,0.763
342,52,YLR117C,69,0.141,0.016,0.742
343,52,YHR165C,74,0.149,0.021,0.796
344,52,YDL030W,62,0.133,0.007,0.667
345,52,YOR308C,64,0.129,0.014,0.688
346,52,YJL203W,66,0.138,0.010,0.710
347,52,YKL173W,78,0.155,0.027,0.839
348,52,YLR147C,79,0.159,0.019,0.849
349,52,YML049C,69,0.144,0.011,0.742
350,52,YMR288W,74,0.151,0.015,0.796
351,52,YOR159C,76,0.154,0.018,0.817
352,52,YIR009W,65,0.137,0.009,0.699
353,52,YER029C,77,0.154,0.021,0.828
354,53,YOR184W,1,0.707,0.000,1.000
355,53,YGR208W,1,0.707,0.000,1.000
356,54,YPL178W,2,0.707,1.000,1.000
357,55,YGL163C,28,0.202,0.015,0.491
358,55,YKL113C,26,0.188,0.014,0.456
359,55,YHR164C,25,0.175,0.027,0.439
360,55,YDR004W,23,0.174,0.009,0.404
361,55,YBR136W,33,0.220,0.034,0.579
362,55,YMR190C,44,0.261,0.123,0.772
363,55,YAR007C,28,0.187,0.059,0.491
364,55,YER095W,42,0.258,0.103,0.737
365,55,YPL022W,30,0.193,0.063,0.526
366,55,YPL153C,25,0.169,0.017,0.439
367,55,YJL092W,29,0.193,0.030,0.509
368,55,YML032C,38,0.248,0.048,0.667
369,55,YDR386W,33,0.210,0.053,0.579
370,55,YOR033C,32,0.217,0.060,0.561
371,55,YDR217C,26,0.174,0.037,0.456
372,56,YMR061W,1,0.707,0.000,1.000
373,56,YBL051C,1,0.707,0.000,1.000
374,57,YOR048C,2,0.707,1.000,1.000
375,58,YJL168C,0,1.000,0.000,1.000
376,59,YLR438W,6,0.415,0.067,1.000
377,59,YOR323C,6,0.415,0.067,1.000
378,59,YHR037W,6,0.415,0.067,1.000
379,60,YER125W,17,0.590,0.843,0.944
380,60,YKR021W,3,0.242,0.000,0.167
381,60,YMR275C,3,0.249,0.000,0.167
382,60,YJL084C,4,0.277,0.010,0.222
383,60,YOR322C,8,0.405,0.154,0.444
384,60,YOR018W,3,0.242,0.000,0.167
385,61,YGL058W,3,0.612,0.667,1.000
386,62,YBR058C,4,0.474,0.095,0.571
387,62,YOR124C,6,0.542,0.619,0.857
388,63,YJL002C,10,0.319,0.010,0.909
389,63,YOR103C,10,0.319,0.010,0.909
390,63,YDL232W,10,0.319,0.010,0.909
391,63,YEL002C,10,0.319,0.010,0.909
392,63,YLR378C,11,0.323,0.192,1.000
393,63,YGL022W,10,0.319,0.010,0.909
394,64,YOR265W,8,0.361,0.039,0.800
395,64,YFL037W,9,0.368,0.162,0.900
396,64,YOR349W,8,0.361,0.039,0.800
397,65,YOR262W,1,0.707,0.000,1.000
398,65,YDR527W,1,0.707,0.000,1.000
399,66,YKL008C,12,0.343,0.117,0.923
400,66,YLR260W,10,0.318,0.042,0.769
401,66,YHL003C,12,0.343,0.117,0.923
402,66,YDR297W,11,0.330,0.078,0.846
403,66,YOR171C,10,0.318,0.042,0.769
404,67,YDL114W,1,0.707,0.000,1.000
405,67,YDR541C,1,0.707,0.000,1.000
406,68,YJL100W,7,0.320,0.001,0.438
407,68,YPL268W,7,0.320,0.001,0.438
408,68,YOR109W,7,0.320,0.001,0.438
409,68,YKL212W,16,0.442,0.697,1.000
410,68,YNL267W,8,0.334,0.026,0.500
411,68,YNL106C,7,0.320,0.001,0.438
412,69,YGR284C,9,0.253,0.030,0.333
413,69,YKL073W,11,0.285,0.041,0.407
414,69,YAL058W,12,0.304,0.066,0.444
415,69,YCL043C,13,0.312,0.059,0.481
416,69,YML130C,10,0.236,0.088,0.370
417,69,YJL034W,24,0.436,0.536,0.889
418,69,YOR254C,11,0.276,0.036,0.407
419,70,YLR024C,2,0.707,1.000,1.000
420,71,YML007W,2,0.577,0.000,1.000
421,71,YIR037W,2,0.577,0.000,1.000
422,71,YBR216C,2,0.577,0.000,1.000
423,72,YOR117W,39,0.170,0.007,0.886
424,72,YDR394W,38,0.167,0.005,0.864
425,72,YOR261C,38,0.167,0.005,0.864
426,72,YDL007W,39,0.170,0.007,0.886
427,72,YHR200W,39,0.170,0.007,0.886
428,72,YKL145W,39,0.170,0.007,0.886
429,72,YDL147W,39,0.170,0.007,0.886
430,72,YER012W,39,0.167,0.017,0.886
431,72,YLR421C,38,0.167,0.005,0.864
432,72,YGL048C,39,0.170,0.007,0.886
433,72,YOR259C,39,0.170,0.007,0.886
434,72,YHR027C,38,0.167,0.005,0.864
435,73,YJL058C,10,0.315,0.016,0.833
436,73,YNL006W,10,0.315,0.016,0.833
437,73,YOL078W,10,0.315,0.016,0.833
438,73,YMR068W,10,0.315,0.016,0.833
439,73,YER093C,10,0.315,0.016,0.833
440,73,YKL203C,11,0.324,0.081,0.917
441,74,YDR466W,1,0.707,0.000,1.000
442,74,YBL105C,1,0.707,0.000,1.000
443,75,YCR021C,2,0.577,0.000,1.000
444,75,YCR027C,2,0.577,0.000,1.000
445,75,YNL270C,2,0.577,0.000,1.000
446,76,YDL047W,0,1.000,0.000,1.000
447,77,YIL153W,12,0.296,0.019,0.571
448,77,YDL188C,12,0.290,0.026,0.571
449,77,YDL134C,14,0.311,0.074,0.667
450,77,YGL190C,17,0.306,0.360,0.810
451,77,YPL152W,12,0.296,0.019,0.571
452,77,YAL016W,16,0.333,0.116,0.762
453,78,YDR211W,5,0.405,0.000,0.833
454,78,YOR260W,5,0.405,0.000,0.833
455,78,YDR283C,5,0.405,0.000,0.833
456,78,YGR083C,5,0.405,0.000,0.833
457,78,YKR026C,5,0.405,0.000,0.833
458,78,YLR291C,6,0.418,0.333,1.000
459,79,YGR249W,0,0.500,0.000,0.000
460,79,YGL073W,0,0.500,0.000,0.000
461,79,YJR147W,0,0.500,0.000,0.000
462,79,YHR206W,0,0.500,0.000,0.000
463,80,YGL180W,16,0.330,0.073,0.667
464,80,YNL223W,11,0.257,0.017,0.458
465,80,YPL149W,11,0.264,0.010,0.458
466,80,YBL078C,19,0.308,0.342,0.792
467,80,YBR217W,11,0.260,0.011,0.458
468,80,YDL149W,15,0.309,0.058,0.625
469,80,YPR049C,17,0.312,0.140,0.708
470,81,YKL033W,7,0.406,0.084,0.778
471,81,YPL235W,7,0.396,0.114,0.778
472,81,YDR190C,8,0.427,0.195,0.889
473,82,YML121W,4,0.510,0.167,1.000
474,82,YGR163W,4,0.510,0.167,1.000
475,83,YOL139C,6,0.645,0.867,1.000
476,83,YPL119C,2,0.347,0.000,0.333
477,83,YOR276W,2,0.347,0.000,0.333
478,83,YOR204W,2,0.347,0.000,0.333
479,83,YCL037C,2,0.347,0.000,0.333
480,84,YMR104C,1,0.707,0.000,1.000
481,84,YMR103C,1,0.707,0.000,1.000
482,85,YMR106C,6,0.405,0.033,1.000
483,85,YMR284W,6,0.405,0.033,1.000
484,85,YCR014C,6,0.405,0.033,1.000
485,85,YOR005C,6,0.405,0.033,1.000
486,86,YNL135C,4,0.636,0.833,1.000
487,86,YGR037C,2,0.473,0.000,0.500
488,86,YLR179C,2,0.473,0.000,0.500
489,87,YHR030C,6,0.439,0.194,0.857
490,87,YPL089C,6,0.435,0.187,0.857
491,88,YNR056C,6,0.490,0.222,1.000
492,88,YNR058W,6,0.490,0.222,1.000
493,89,YER014W,8,0.357,0.222,0.889
494,89,YDR232W,7,0.351,0.000,0.778
495,89,YOR278W,7,0.351,0.000,0.778
496,89,YDR047W,7,0.351,0.000,0.778
497,89,YOR176W,7,0.351,0.000,0.778
498,89,YDL205C,7,0.351,0.000,0.778
499,89,YGL040C,7,0.351,0.000,0.778
500,89,YDR044W,8,0.357,0.222,0.889
501,90,YIL003W,6,0.392,0.013,1.000
502,90,YIL128W,6,0.392,0.013,1.000
503,90,YGL091C,6,0.392,0.013,1.000
504,90,YHR122W,6,0.392,0.013,1.000
505,90,YNL240C,6,0.392,0.013,1.000
506,91,YBL014C,6,0.378,0.000,1.000
507,91,YML043C,6,0.378,0.000,1.000
508,91,YOR295W,6,0.378,0.000,1.000
509,91,YLR141W,6,0.378,0.000,1.000
510,91,YBL025W,6,0.378,0.000,1.000
511,91,YJL025W,6,0.378,0.000,1.000
512,91,YMR270C,6,0.378,0.000,1.000
513,92,YEL009C,2,0.707,1.000,1.000
514,93,YER110C,10,0.308,0.039,0.769
515,93,YBR017C,10,0.316,0.032,0.769
516,93,YGL241W,10,0.310,0.033,0.769
517,93,YLR347C,11,0.338,0.041,0.846
518,93,YMR308C,10,0.308,0.039,0.769
519,94,YOL012C,0,1.000,0.000,1.000
520,95,YBR019C,6,0.405,0.033,1.000
521,95,YML051W,6,0.405,0.033,1.000
522,95,YBR020W,6,0.405,0.033,1.000
523,95,YDR009W,6,0.405,0.033,1.000
524,96,YLR244C,3,0.612,0.667,1.000
525,97,YHR013C,8,0.358,0.085,0.727
526,97,YEL053C,8,0.364,0.094,0.727
527,97,YPR051W,8,0.364,0.094,0.727
528,97,YOR253W,8,0.358,0.085,0.727
529,98,YGL195W,4,0.428,0.367,0.667
530,98,YDR152W,5,0.554,0.400,0.833
531,99,YJL180C,2,0.707,1.000,1.000
532,100,YOL027C,1,0.707,0.000,1.000
533,100,YER154W,1,0.707,0.000,1.000
534,101,YFL036W,3,0.707,1.000,1.000
535,102,YLR393W,1,0.707,0.000,1.000
536,102,YNR020C,1,0.707,0.000,1.000
537,103,YOR270C,5,0.521,0.476,0.714
538,103,YLR447C,5,0.487,0.524,0.714
539,104,YGR060W,20,0.244,0.023,0.800
540,104,YHR007C,21,0.238,0.135,0.840
541,104,YHR190W,23,0.268,0.046,0.920
542,104,YHR072W,21,0.255,0.027,0.840
543,104,YGR175C,22,0.261,0.038,0.880
544,104,YML126C,21,0.249,0.034,0.840
545,104,YGL001C,18,0.228,0.011,0.720
546,105,YDL090C,7,0.397,0.133,0.700
547,105,YMR274C,6,0.331,0.050,0.600
548,105,YKL019W,9,0.456,0.361,0.900
549,106,YLR201C,9,0.321,0.004,0.750
550,106,YML110C,9,0.321,0.004,0.750
551,106,YBR003W,9,0.321,0.004,0.750
552,106,YOL096C,10,0.325,0.171,0.833
553,106,YGR255C,10,0.325,0.171,0.833
554,106,YOR125C,10,0.332,0.060,0.833
555,106,YDR204W,9,0.321,0.004,0.750
556,107,YOR156C,8,0.331,0.000,0.800
557,107,YDR390C,8,0.331,0.000,0.800
558,107,YPL020C,10,0.342,0.356,1.000
559,107,YIL031W,8,0.331,0.000,0.800
560,107,YEL019C,8,0.331,0.000,0.800
561,107,YDR409W,8,0.331,0.000,0.800
562,107,YDL064W,8,0.331,0.000,0.800
563,107,YDR510W,8,0.331,0.000,0.800
564,107,YPR180W,8,0.331,0.000,0.800
565,108,YIL115C,28,0.202,0.027,0.778
566,108,YLR335W,33,0.209,0.138,0.917
567,108,YGL172W,26,0.202,0.004,0.722
568,108,YGR119C,26,0.201,0.005,0.722
569,108,YKR082W,29,0.213,0.016,0.806
570,108,YDL088C,27,0.202,0.013,0.750
571,108,YFR002W,29,0.210,0.031,0.806
572,108,YGL092W,28,0.209,0.011,0.778
573,108,YJL039C,26,0.199,0.007,0.722
574,108,YOR098C,30,0.212,0.030,0.833
575,109,YBR082C,2,0.577,0.000,1.000
576,109,YDR177W,2,0.577,0.000,1.000
577,109,YDR059C,2,0.577,0.000,1.000
578,110,YBR088C,0,1.000,0.000,1.000
579,111,YDR451C,3,0.470,0.083,0.750
580,111,YMR043W,4,0.559,0.333,1.000
581,111,YML027W,3,0.470,0.083,0.750
582,112,YJL074C,14,0.320,0.095,0.875
583,112,YFL008W,13,0.306,0.070,0.812
584,112,YLR383W,13,0.308,0.071,0.812
585,112,YDL003W,13,0.312,0.054,0.812
586,112,YOL034W,13,0.308,0.071,0.812
587,113,YJL141C,2,0.707,1.000,1.000
588,114,YPL181W,19,0.242,0.010,0.760
589,114,YNL330C,22,0.254,0.060,0.880
590,114,YPL139C,20,0.248,0.017,0.800
591,114,YNL097C,19,0.241,0.012,0.760
592,114,YDR207C,21,0.251,0.038,0.840
593,114,YIL084C,19,0.241,0.012,0.760
594,114,YDL076C,19,0.242,0.010,0.760
595,115,YIL073C,8,0.259,0.041,0.400
596,115,YGL251C,7,0.251,0.017,0.350
597,115,YHL022C,17,0.415,0.482,0.850
598,115,YFL003C,11,0.356,0.061,0.550
599,115,YDL154W,10,0.331,0.044,0.500
600,115,YER179W,8,0.254,0.029,0.400
601,116,YNL262W,44,0.173,0.020,0.772
602,116,YEL032W,52,0.194,0.034,0.912
603,116,YGL201C,48,0.187,0.020,0.842
604,116,YNL102W,45,0.172,0.026,0.789
605,116,YPR019W,53,0.196,0.042,0.930
606,116,YBR202W,51,0.194,0.027,0.895
607,116,YBL035C,44,0.171,0.022,0.772
608,116,YJL194W,45,0.178,0.016,0.789
609,116,YLR274W,52,0.194,0.034,0.912
610,116,YPR135W,40,0.160,0.024,0.702
611,116,YIR008C,41,0.165,0.016,0.719
612,116,YKL045W,40,0.160,0.015,0.702
613,116,YBL023C,51,0.191,0.033,0.895
614,116,YPR175W,41,0.168,0.012,0.719
615,116,YLR103C,46,0.182,0.016,0.807
616,117,YOR185C,1,0.707,0.000,1.000
617,117,YLR293C,1,0.707,0.000,1.000
618,118,YDR325W,10,0.300,0.012,0.833
619,118,YNL088W,10,0.300,0.012,0.833
620,118,YDL028C,12,0.330,0.061,1.000
621,118,YEL061C,11,0.317,0.032,0.917
622,118,YBL063W,10,0.300,0.012,0.833
623,118,YJL030W,12,0.330,0.061,1.000
624,119,YEL012W,1,0.707,0.000,1.000
625,119,YKL210W,1,0.707,0.000,1.000
626,120,YBL104C,8,0.343,0.011,0.571
627,120,YLR208W,14,0.400,0.586,1.000
628,120,YEL062W,8,0.343,0.011,0.571
629,120,YDR128W,8,0.343,0.011,0.571
630,121,YLR247C,1,0.707,0.000,1.000
631,121,YDR092W,1,0.707,0.000,1.000
632,122,YML011C,1,0.707,0.000,1.000
633,122,YDR314C,1,0.707,0.000,1.000
634,123,YNL021W,2,0.577,0.000,1.000
635,123,YDR295C,2,0.577,0.000,1.000
636,123,YPR179C,2,0.577,0.000,1.000
637,124,YOL149W,7,0.400,0.114,0.778
638,124,YNL118C,6,0.380,0.017,0.667
639,124,YJL124C,6,0.380,0.017,0.667
640,124,YGL173C,6,0.380,0.017,0.667
641,124,YEL015W,7,0.400,0.114,0.778
642,125,YDR091C,2,0.577,0.000,1.000
643,125,YJR067C,2,0.577,0.000,1.000
644,125,YNL260C,2,0.577,0.000,1.000
645,126,YLL026W,3,0.557,0.083,0.750
646,126,YNL007C,3,0.557,0.083,0.750
647,127,YKL106W,9,0.365,0.231,0.900
648,127,YAL062W,7,0.364,0.011,0.700
649,127,YOR375C,7,0.364,0.011,0.700
650,127,YDL215C,7,0.364,0.011,0.700
651,127,YLR027C,9,0.365,0.231,0.900
652,128,YBR196C,14,0.302,0.042,0.933
653,128,YCR012W,14,0.302,0.041,0.933
654,128,YKL060C,13,0.286,0.030,0.867
655,128,YKL152C,14,0.302,0.042,0.933
656,129,YFL030W,2,0.707,1.000,1.000
657,130,YHR018C,6,0.415,0.067,1.000
658,130,YMR062C,6,0.415,0.067,1.000
659,130,YER069W,6,0.415,0.067,1.000
660,131,YPL262W,3,0.557,0.167,1.000
661,131,YOR142W,3,0.557,0.167,1.000
662,132,YGL148W,8,0.389,0.044,0.571
663,132,YDR035W,5,0.297,0.000,0.357
664,132,YPR060C,8,0.389,0.044,0.571
665,132,YDR127W,5,0.297,0.000,0.357
666,132,YBR249C,5,0.297,0.000,0.357
667,132,YKL211C,14,0.473,0.648,1.000
668,133,YCL030C,3,0.557,0.167,1.000
669,133,YIL116W,3,0.557,0.167,1.000
670,134,YGL026C,0,1.000,0.000,1.000
671,135,YMR300C,1,0.707,0.000,1.000
672,135,YGR061C,1,0.707,0.000,1.000
673,136,YKL109W,3,0.500,0.000,1.000
674,136,YBL021C,3,0.500,0.000,1.000
675,136,YOR358W,3,0.500,0.000,1.000
676,136,YGL237C,3,0.500,0.000,1.000
677,137,YIR027C,3,0.612,0.667,1.000
678,138,YEL026W,0,1.000,0.000,1.000
679,139,YKR084C,0,1.000,0.000,1.000
680,140,YJR010W,9,0.397,0.533,0.900
681,140,YPR167C,7,0.402,0.061,0.700
682,140,YKL001C,7,0.402,0.061,0.700
683,141,YNL103W,4,0.479,0.056,1.000
684,141,YIR017C,4,0.479,0.056,1.000
685,141,YJR060W,4,0.479,0.056,1.000
686,142,YLR303W,10,0.318,0.008,0.833
687,142,YML082W,10,0.318,0.008,0.833
688,142,YER043C,12,0.328,0.250,1.000
689,142,YAL012W,10,0.318,0.008,0.833
690,142,YLL058W,10,0.318,0.008,0.833
691,143,YLR092W,2,0.577,0.000,1.000
692,143,YGR125W,2,0.577,0.000,1.000
693,143,YBR294W,2,0.577,0.000,1.000
694,144,YKR069W,0,1.000,0.000,1.000
695,145,YGR093W,1,0.707,0.000,1.000
696,145,YKL149C,1,0.707,0.000,1.000
697,146,YLR300W,3,0.303,0.011,0.300
698,146,YIL099W,4,0.308,0.085,0.400
699,146,YIL162W,8,0.579,0.696,0.800
700,147,YBR299W,4,0.510,0.167,1.000
701,147,YGR292W,4,0.510,0.167,1.000
702,148,YMR099C,5,0.429,0.032,0.714
703,148,YFR053C,7,0.477,0.508,1.000
704,148,YCL040W,5,0.429,0.032,0.714
705,149,YEL011W,4,0.510,0.167,1.000
706,149,YER067W,4,0.510,0.167,1.000
707,150,YJR094C,2,0.707,1.000,1.000
708,151,YJL137C,3,0.315,0.000,0.375
709,151,YHL012W,6,0.482,0.143,0.750
710,151,YKL035W,8,0.530,0.607,1.000
711,151,YGR032W,3,0.315,0.000,0.375
712,151,YMR306W,3,0.315,0.000,0.375
713,152,YML128C,33,0.302,0.230,0.767
714,152,YGR248W,29,0.290,0.093,0.674
715,152,YHR087W,17,0.215,0.015,0.395
716,152,YDR070C,14,0.190,0.005,0.326
717,152,YMR250W,28,0.287,0.111,0.651
718,152,YDL204W,15,0.200,0.015,0.349
719,152,YML100W,19,0.215,0.059,0.442
720,152,YOR173W,29,0.284,0.110,0.674
721,152,YOL052C-A,17,0.214,0.020,0.395
722,152,YLR178C,27,0.285,0.057,0.628
723,152,YMR105C,24,0.251,0.106,0.558
724,153,YER008C,11,0.293,0.005,0.579
725,153,YPR055W,12,0.308,0.019,0.632
726,153,YLR166C,11,0.293,0.005,0.579
727,153,YFL005W,18,0.313,0.591,0.947
728,153,YGL233W,12,0.308,0.019,0.632
729,154,YDL126C,24,0.350,0.365,0.889
730,154,YOL013C,12,0.247,0.040,0.444
731,154,YGR048W,18,0.320,0.072,0.667
732,154,YML013W,15,0.290,0.041,0.556
733,154,YBR201W,11,0.244,0.003,0.407
734,154,YLR207W,11,0.244,0.003,0.407
735,154,YBR170C,19,0.326,0.140,0.704
736,155,YOR067C,8,0.372,0.066,0.727
737,155,YGR227W,9,0.384,0.182,0.818
738,155,YOR002W,8,0.372,0.066,0.727
739,156,YIL109C,6,0.455,0.095,0.857
740,156,YHR098C,7,0.473,0.381,1.000
741,156,YNL049C,6,0.455,0.095,0.857
742,157,YBL040C,0,1.000,0.000,1.000
743,158,YPR181C,0,1.000,0.000,1.000
744,159,YBR229C,2,0.707,1.000,1.000
745,160,YGL116W,14,0.203,0.014,0.359
746,160,YPL256C,13,0.204,0.027,0.333
747,160,YPL031C,19,0.258,0.085,0.487
748,160,YLR079W,14,0.205,0.018,0.359
749,160,YGR108W,14,0.228,0.029,0.359
750,160,YPR119W,15,0.212,0.042,0.385
751,160,YBR135W,16,0.245,0.033,0.410
752,160,YBR160W,32,0.387,0.379,0.821
753,160,YJL187C,13,0.197,0.020,0.333
754,160,YOL001W,13,0.189,0.021,0.333
755,161,YMR044W,5,0.405,0.000,0.833
756,161,YGL133W,5,0.405,0.000,0.833
757,161,YLR095C,5,0.405,0.000,0.833
758,161,YJL065C,5,0.405,0.000,0.833
759,161,YDR121W,6,0.418,0.333,1.000
760,161,YFR013W,5,0.405,0.000,0.833
761,162,YIL066C,5,0.461,0.150,1.000
762,162,YJL026W,5,0.461,0.150,1.000
763,163,YER116C,2,0.577,0.000,1.000
764,163,YDL013W,2,0.577,0.000,1.000
765,163,YFL009W,2,0.577,0.000,1.000
766,164,YAR019C,9,0.361,0.071,0.692
767,164,YML064C,9,0.361,0.071,0.692
768,164,YFR028C,12,0.402,0.315,0.923
769,164,YGR092W,8,0.344,0.021,0.615
770,165,YMR001C,1,0.707,0.000,1.000
771,165,YGR098C,1,0.707,0.000,1.000
772,166,YPL209C,4,0.510,0.167,1.000
773,166,YJR089W,4,0.510,0.167,1.000
774,167,YDR254W,25,0.299,0.157,0.735
775,167,YBR107C,23,0.282,0.131,0.676
776,167,YDR318W,15,0.226,0.008,0.441
777,167,YIR010W,25,0.282,0.178,0.735
778,167,YLR381W,16,0.229,0.025,0.471
779,167,YGR179C,15,0.222,0.014,0.441
780,167,YPL018W,16,0.232,0.019,0.471
781,167,YBR211C,18,0.243,0.031,0.529
782,167,YKL049C,17,0.236,0.025,0.500
783,168,YOR074C,0,1.000,0.000,1.000
784,169,YLR442C,1,0.707,0.000,0.500
785,169,YDL042C,1,0.707,0.000,0.500
786,170,YMR110C,0,0.408,0.000,0.000
787,170,YPL061W,0,0.408,0.000,0.000
788,170,YOR374W,0,0.408,0.000,0.000
789,170,YER073W,0,0.408,0.000,0.000
790,170,YMR169C,0,0.408,0.000,0.000
791,170,YMR170C,0,0.408,0.000,0.000
792,171,YOL059W,4,0.468,0.033,0.800
793,171,YDL022W,4,0.468,0.033,0.800
794,171,YIL155C,5,0.496,0.433,1.000
795,172,YJL102W,1,0.707,0.000,1.000
796,172,YOR187W,1,0.707,0.000,1.000
797,173,YBR221C,4,0.539,0.250,0.800
798,173,YER178W,4,0.499,0.450,0.800
799,174,YGR101W,3,0.707,1.000,1.000
800,175,YGR231C,2,0.577,0.000,1.000
801,175,YIL114C,2,0.577,0.000,1.000
802,175,YGR132C,2,0.577,0.000,1.000
803,176,YJR077C,0,1.000,0.000,1.000
804,177,YJL143W,16,0.198,0.017,0.500
805,177,YNL131W,25,0.288,0.081,0.781
806,177,YIL022W,16,0.198,0.017,0.500
807,177,YNR017W,18,0.205,0.044,0.562
808,177,YGR082W,20,0.245,0.034,0.625
809,177,YJL054W,20,0.236,0.041,0.625
810,177,YNL070W,20,0.245,0.039,0.625
811,177,YNL121C,23,0.262,0.066,0.719
812,177,YMR203W,28,0.299,0.167,0.875
813,177,YPL063W,18,0.211,0.046,0.562
814,178,YGR264C,23,0.221,0.021,0.605
815,178,YLR382C,25,0.206,0.044,0.658
816,178,YGR185C,29,0.254,0.053,0.763
817,178,YHR020W,20,0.199,0.011,0.526
818,178,YDR037W,26,0.236,0.035,0.684
819,178,YGL245W,24,0.232,0.019,0.632
820,178,YPL160W,29,0.257,0.047,0.763
821,178,YOR168W,28,0.245,0.093,0.737
822,178,YDR023W,21,0.197,0.030,0.553
823,178,YBL076C,26,0.232,0.049,0.684
824,179,YDL131W,10,0.356,0.133,0.714
825,179,YLR153C,8,0.327,0.023,0.571
826,179,YDL182W,11,0.369,0.224,0.786
827,179,YAL054C,9,0.344,0.055,0.643
828,180,YPL029W,1,0.707,0.000,1.000
829,180,YOR017W,1,0.707,0.000,1.000
830,181,YOR257W,1,0.707,0.000,1.000
831,181,YOL072W,1,0.707,0.000,1.000
832,182,YDL084W,10,0.364,0.053,0.833
833,182,YNL139C,10,0.364,0.053,0.833
834,182,YDR381W,12,0.382,0.311,1.000
835,182,YDR138W,10,0.364,0.053,0.833
836,183,YEL037C,0,1.000,0.000,1.000
837,184,YER162C,7,0.432,0.190,1.000
838,184,YGR258C,7,0.432,0.190,1.000
839,185,YAL047C,6,0.409,0.067,0.857
840,185,YDR356W,7,0.443,0.179,1.000
841,186,YJR084W,1,0.707,0.000,1.000
842,186,YPR045C,1,0.707,0.000,1.000
843,187,YPL255W,4,0.559,0.333,1.000
844,187,YLR457C,3,0.470,0.083,0.750
845,187,YLL003W,3,0.470,0.083,0.750
846,188,YOR228C,3,0.707,1.000,1.000
847,189,YLR045C,6,0.418,0.095,0.750
848,189,YER016W,8,0.479,0.363,1.000
849,189,YPR141C,6,0.404,0.125,0.750
850,190,YKL192C,0,1.000,0.000,1.000
851,191,YAL039C,2,0.707,1.000,1.000
852,192,YJR135W-A,10,0.307,0.012,0.769
853,192,YEL020W-A,11,0.322,0.034,0.846
854,192,YDR031W,10,0.307,0.012,0.769
855,192,YGR029W,11,0.322,0.034,0.846
856,192,YKL195W,12,0.325,0.188,0.923
857,193,YBR257W,11,0.303,0.009,1.000
858,193,YHR062C,11,0.303,0.009,1.000
859,193,YBR167C,11,0.303,0.009,1.000
860,193,YNL221C,11,0.303,0.009,1.000
861,193,YGR030C,11,0.303,0.009,1.000
862,193,YBL018C,11,0.303,0.009,1.000
863,193,YAL033W,11,0.303,0.009,1.000
864,194,YNL259C,2,0.707,1.000,1.000
865,195,YLR058C,11,0.318,0.060,0.786
866,195,YGR204W,10,0.301,0.022,0.714
867,195,YKR080W,11,0.328,0.039,0.786
868,195,YBR084W,10,0.301,0.022,0.714
869,195,YDR019C,11,0.329,0.048,0.786
870,196,YBR115C,0,1.000,0.000,1.000
871,197,YDR511W,1,0.707,0.000,1.000
872,197,YDR493W,1,0.707,0.000,1.000
873,198,YPL231W,9,0.480,0.329,1.000
874,198,YER061C,5,0.336,0.030,0.556
875,198,YKL055C,5,0.336,0.030,0.556
876,198,YKL182W,8,0.445,0.208,0.889
877,199,YHR162W,2,0.707,1.000,1.000
878,200,YGR277C,6,0.398,0.018,0.750
879,200,YKL088W,6,0.398,0.018,0.750
880,200,YIL083C,6,0.398,0.018,0.750
881,200,YDR196C,8,0.421,0.482,1.000
882,201,YLR304C,13,0.360,0.156,0.867
883,201,YIL125W,13,0.359,0.168,0.867
884,201,YOR136W,11,0.334,0.049,0.733
885,201,YNL037C,11,0.334,0.049,0.733
886,202,YDL174C,1,0.707,0.000,1.000
887,202,YML054C,1,0.707,0.000,1.000
888,203,YLR259C,0,0.707,0.000,0.000
889,203,YBR044C,0,0.707,0.000,0.000
890,204,YIL134W,3,0.500,0.000,1.000
891,204,YDR236C,3,0.500,0.000,1.000
892,204,YMR178W,3,0.500,0.000,1.000
893,204,YDL045C,3,0.500,0.000,1.000
894,205,YNR045W,2,0.577,0.000,1.000
895,205,YER153C,2,0.577,0.000,1.000
896,205,YGR222W,2,0.577,0.000,1.000
897,206,YMR257C,1,0.707,0.000,1.000
898,206,YMR150C,1,0.707,0.000,1.000
899,207,YOL114C,1,0.707,0.000,1.000
900,207,YGL143C,1,0.707,0.000,1.000
901,208,YFL018C,0,1.000,0.000,1.000
902,209,YOL062C,11,0.353,0.064,0.786
903,209,YGR167W,10,0.341,0.027,0.714
904,209,YBL037W,14,0.379,0.344,1.000
905,209,YGL206C,10,0.341,0.027,0.714
906,210,YCR047C,2,0.707,1.000,1.000
907,211,YHR077C,1,0.707,0.000,1.000
908,211,YDR021W,1,0.707,0.000,1.000
909,212,YLR271W,1,0.707,0.000,1.000
910,212,YGR218W,1,0.707,0.000,1.000
911,213,YBL024W,5,0.393,0.000,0.625
912,213,YJL125C,5,0.393,0.000,0.625
913,213,YDL201W,5,0.393,0.000,0.625
914,213,YML080W,5,0.393,0.000,0.625
915,213,YDR120C,8,0.443,0.607,1.000
916,213,YOL124C,5,0.393,0.000,0.625
917,214,YGR072W,2,0.577,0.000,1.000
918,214,YBR143C,2,0.577,0.000,1.000
919,214,YDR172W,2,0.577,0.000,1.000
920,215,YLR249W,0,1.000,0.000,1.000
921,216,YER165W,8,0.644,0.861,0.889
922,216,YOR359W,2,0.291,0.000,0.222
923,216,YLL013C,3,0.313,0.222,0.333
924,217,YDL160C,2,0.707,1.000,1.000
925,218,YDR432W,0,1.000,0.000,1.000
926,219,YGR162W,2,0.577,0.000,1.000
927,219,YGL049C,2,0.577,0.000,1.000
928,219,YNL016W,2,0.577,0.000,1.000
929,220,YER044C-A,4,0.440,0.000,0.800
930,220,YHR157W,4,0.440,0.000,0.800
931,220,YLR329W,4,0.440,0.000,0.800
932,220,YMR133W,4,0.440,0.000,0.800
933,220,YJR021C,5,0.462,0.400,1.000
934,221,YPL157W,1,0.707,0.000,1.000
935,221,YNR004W,1,0.707,0.000,1.000
936,222,YBL080C,3,0.612,0.667,1.000
937,223,YLR281C,3,0.612,0.667,1.000
938,224,YGR243W,0,1.000,0.000,1.000
939,225,YNL123W,3,0.557,0.167,1.000
940,225,YOR197W,3,0.557,0.167,1.000
941,226,YKR079C,1,0.707,0.000,1.000
942,226,YER168C,1,0.707,0.000,1.000
943,227,YNR074C,0,1.000,0.000,1.000
944,228,YPR024W,4,0.636,0.833,1.000
945,228,YMR115W,2,0.473,0.000,0.500
946,228,YCL044C,2,0.473,0.000,0.500
947,229,YMR111C,1,0.707,0.000,1.000
948,229,YFR006W,1,0.707,0.000,1.000
949,230,YGR019W,0,1.000,0.000,1.000
950,231,YJR104C,0,1.000,0.000,1.000
951,232,YKL067W,0,1.000,0.000,1.000
952,233,YLR136C,0,1.000,0.000,1.000
953,234,YJR095W,1,0.707,0.000,1.000
954,234,YLR174W,1,0.707,0.000,1.000
955,235,YLR355C,5,0.448,0.067,1.000
956,235,YJR148W,5,0.448,0.067,1.000
957,235,YJR016C,5,0.448,0.067,1.000
958,236,YGR194C,4,0.479,0.056,1.000
959,236,YLR354C,4,0.479,0.056,1.000
960,236,YLR070C,4,0.479,0.056,1.000
961,237,YDL130W-A,2,0.500,0.500,0.500
962,237,YGR008C,3,0.653,0.833,0.750
963,238,YDR256C,2,0.577,0.000,1.000
964,238,YKL026C,2,0.577,0.000,1.000
965,238,YGR088W,2,0.577,0.000,1.000
966,239,YHR106W,9,0.336,0.048,0.750
967,239,YGR209C,10,0.366,0.078,0.833
968,239,YPL091W,9,0.327,0.073,0.750
969,239,YML028W,9,0.324,0.083,0.750
970,240,YLR191W,22,0.289,0.152,0.957
971,240,YGL153W,19,0.270,0.058,0.826
972,240,YNL329C,16,0.254,0.015,0.696
973,240,YOL147C,18,0.256,0.059,0.783
974,240,YDR265W,16,0.254,0.015,0.696
975,240,YMR026C,17,0.257,0.030,0.739
976,240,YDL065C,18,0.267,0.050,0.783
977,241,YNL202W,10,0.399,0.156,1.000
978,241,YKR009C,9,0.375,0.082,0.900
979,241,YGL205W,9,0.375,0.082,0.900
980,242,YJR078W,5,0.431,0.044,0.833
981,242,YLR231C,5,0.431,0.044,0.833
982,242,YBL098W,6,0.462,0.244,1.000
983,243,YHR008C,2,0.577,0.000,1.000
984,243,YHR050W,2,0.577,0.000,1.000
985,243,YGR257C,2,0.577,0.000,1.000
986,244,YOL067C,3,0.500,0.000,1.000
987,244,YBL103C,3,0.500,0.000,1.000
988,244,YNL076W,3,0.500,0.000,1.000
989,244,YGL252C,3,0.500,0.000,1.000
990,245,YJL101C,0,1.000,0.000,1.000
991,246,YAR015W,0,1.000,0.000,1.000
992,247,YBR068C,1,0.707,0.000,1.000
993,247,YCL018W,1,0.707,0.000,1.000
994,248,YBR185C,0,1.000,0.000,1.000
995,249,YER017C,1,0.707,0.000,1.000
996,249,YMR089C,1,0.707,0.000,1.000
997,250,YOR020C,0,1.000,0.000,1.000
998,251,YBR112C,3,0.565,0.500,0.750
999,251,YCR084C,3,0.565,0.500,0.750
1000,252,YHR072W-A,2,0.707,1.000,1.000
1001,253,YOR211C,4,0.510,0.167,1.000
1002,253,YLL001W,4,0.510,0.167,1.000
1003,254,YMR176W,3,0.707,1.000,1.000
1004,255,YJR133W,2,0.577,0.000,1.000
1005,255,YNL141W,2,0.577,0.000,1.000
1006,255,YDL238C,2,0.577,0.000,1.000
1007,256,YJR047C,1,0.707,0.000,1.000
1008,256,YHR068W,1,0.707,0.000,1.000
1009,257,YOR009W,3,0.612,0.667,1.000
1010,258,YOL022C,1,0.707,0.000,1.000
1011,258,YJR070C,1,0.707,0.000,1.000
1012,259,YGL196W,2,0.707,1.000,1.000
1013,260,YOR251C,1,0.707,0.000,1.000
1014,260,YOR285W,1,0.707,0.000,1.000
1015,261,YKL053C-A,3,0.612,0.667,1.000
1016,262,YGR235C,5,0.408,0.000,1.000
1017,262,YFR011C,5,0.408,0.000,1.000
1018,262,YKR016W,5,0.408,0.000,1.000
1019,262,YNL100W,5,0.408,0.000,1.000
1020,262,YCL057C-A,5,0.408,0.000,1.000
1021,262,YBR262C,5,0.408,0.000,1.000
1022,263,YKR071C,0,1.000,0.000,1.000
1023,264,YJL130C,0,1.000,0.000,1.000
1024,265,YDL171C,1,0.707,0.000,1.000
1025,265,YPR035W,1,0.707,0.000,1.000
1026,266,YOL058W,0,1.000,0.000,1.000
1027,267,YJR109C,2,0.577,0.000,1.000
1028,267,YOR302W,2,0.577,0.000,1.000
1029,267,YOR303W,2,0.577,0.000,1.000
1030,268,YJR103W,1,0.707,0.000,1.000
1031,268,YMR217W,1,0.707,0.000,1.000
1032,269,YLR160C,1,0.354,0.000,0.250
1033,269,YLR158C,1,0.354,0.000,0.250
1034,269,YLR157C,1,0.354,0.000,0.250
1035,269,YLR156W,4,0.707,1.000,1.000
1036,269,YLR155C,1,0.354,0.000,0.250
1037,270,YML035C,12,0.336,0.123,0.800
1038,270,YDR441C,11,0.316,0.046,0.733
1039,270,YLR359W,12,0.329,0.089,0.800
1040,270,YML022W,11,0.316,0.046,0.733
1041,271,YMR085W,1,0.707,0.000,0.500
1042,271,YMR084W,1,0.707,0.000,0.500
1043,272,YGL062W,2,0.707,1.000,1.000
1044,273,YGR087C,4,0.454,0.089,0.400
1045,273,YLR134W,4,0.454,0.089,0.400
1046,273,YLR044C,4,0.454,0.089,0.400
1047,274,YHR096C,9,0.374,0.053,0.818
1048,274,YGR043C,11,0.399,0.253,1.000
1049,274,YBR117C,9,0.365,0.088,0.818
1050,275,YGL037C,0,1.000,0.000,1.000
1051,276,YMR020W,0,1.000,0.000,1.000
1052,277,YML042W,2,0.577,0.000,1.000
1053,277,YER024W,2,0.577,0.000,1.000
1054,277,YAR035W,2,0.577,0.000,1.000
1055,278,YOR208W,5,0.313,0.018,0.278
1056,278,YER075C,4,0.288,0.000,0.222
1057,278,YJL128C,8,0.387,0.219,0.444
1058,278,YDL006W,5,0.309,0.040,0.278
1059,278,YLR113W,14,0.527,0.705,0.778
1060,279,YGR256W,6,0.441,0.063,1.000
1061,279,YHR183W,6,0.441,0.063,1.000
1062,280,YHR042W,2,0.707,1.000,1.000
1063,281,YDL192W,17,0.384,0.439,1.000
1064,281,YDL145C,10,0.305,0.023,0.588
1065,281,YNL287W,11,0.331,0.029,0.647
1066,281,YDR238C,11,0.329,0.037,0.647
1067,281,YGL137W,9,0.289,0.011,0.529
1068,282,YGR207C,2,0.577,0.000,1.000
1069,282,YOR356W,2,0.577,0.000,1.000
1070,282,YPR004C,2,0.577,0.000,1.000
1071,283,YBR245C,2,0.707,1.000,1.000
1072,284,YKR048C,1,0.707,0.000,1.000
1073,284,YER030W,1,0.707,0.000,1.000
1074,285,YPL016W,1,0.707,0.000,1.000
1075,285,YER161C,1,0.707,0.000,1.000
1076,286,YGL208W,6,0.327,0.000,0.353
1077,286,YER129W,7,0.350,0.010,0.412
1078,286,YGL115W,7,0.345,0.018,0.412
1079,286,YDR477W,17,0.460,0.800,1.000
1080,286,YGL179C,7,0.350,0.010,0.412
1081,286,YDR422C,6,0.327,0.000,0.353
1082,286,YER027C,6,0.327,0.000,0.353
1083,287,YIR038C,3,0.384,0.250,0.375
1084,287,YLL048C,3,0.384,0.250,0.375
1085,287,YNL229C,6,0.618,0.750,0.750
1086,288,YFR021W,13,0.308,0.026,0.619
1087,288,YBR097W,16,0.334,0.083,0.762
1088,288,YFR019W,10,0.261,0.004,0.476
1089,288,YPL120W,20,0.359,0.276,0.952
1090,288,YLR360W,9,0.244,0.001,0.429
1091,288,YLR211C,9,0.244,0.001,0.429
1092,288,YLR240W,19,0.348,0.252,0.905
1093,289,YOR101W,4,0.479,0.056,1.000
1094,289,YJL005W,4,0.479,0.056,1.000
1095,289,YNL098C,4,0.479,0.056,1.000
1096,290,YHR046C,2,0.577,0.000,1.000
1097,290,YDR287W,2,0.577,0.000,1.000
1098,290,YPR113W,2,0.577,0.000,1.000
1099,291,YIL160C,1,0.707,0.000,1.000
1100,291,YBR222C,1,0.707,0.000,1.000
1101,292,YER081W,1,0.707,0.000,1.000
1102,292,YIL074C,1,0.707,0.000,1.000
1103,293,YOR236W,6,0.504,0.456,1.000
1104,293,YNL256W,5,0.479,0.122,0.833
1105,294,YBR200W,15,0.348,0.138,0.577
1106,294,YLR229C,21,0.436,0.464,0.808
1107,294,YNL271C,11,0.294,0.062,0.423
1108,294,YLL021W,7,0.204,0.022,0.269
1109,294,YAL041W,11,0.313,0.028,0.423
1110,294,YNL298W,11,0.313,0.034,0.423
1111,294,YGR152C,6,0.210,0.002,0.231
1112,295,YBR179C,0,1.000,0.000,1.000
1113,296,YEL013W,2,0.602,0.667,0.667
1114,296,YLR072W,2,0.602,0.667,0.667
1115,297,YMR097C,2,0.387,0.133,0.333
1116,297,YHR168W,5,0.632,0.833,0.833
1117,297,YGL136C,2,0.387,0.133,0.333
1118,298,YBL057C,1,0.707,0.000,1.000
1119,298,YMR276W,1,0.707,0.000,1.000
1120,299,YMR023C,2,0.577,0.000,1.000
1121,299,YGL236C,2,0.577,0.000,1.000
1122,299,YDL033C,2,0.577,0.000,1.000
1123,300,YBR208C,2,0.577,0.000,1.000
1124,300,YIR032C,2,0.577,0.000,1.000
1125,300,YNL314W,2,0.577,0.000,1.000
1126,301,YPL106C,5,0.456,0.183,0.714
1127,301,YLR090W,6,0.511,0.365,0.857
1128,302,YKR074W,1,0.707,0.000,1.000
1129,302,YPL225W,1,0.707,0.000,1.000
1130,303,YAL038W,2,0.707,1.000,1.000
1131,304,YDR519W,1,0.707,0.000,1.000
1132,304,YDR304C,1,0.707,0.000,1.000
1133,305,YBR153W,5,0.428,0.025,1.000
1134,305,YBL033C,5,0.428,0.025,1.000
1135,305,YBR256C,5,0.428,0.025,1.000
1136,305,YDR487C,5,0.428,0.025,1.000
1137,306,YLR377C,8,0.424,0.446,1.000
1138,306,YMR205C,6,0.396,0.018,0.750
1139,306,YJL155C,6,0.396,0.018,0.750
1140,306,YGR240C,6,0.396,0.018,0.750
1141,307,YER003C,2,0.577,0.000,1.000
1142,307,YFL045C,2,0.577,0.000,1.000
1143,307,YNR073C,2,0.577,0.000,1.000
1144,308,YOL122C,0,1.000,0.000,1.000
1145,309,YBR290W,0,1.000,0.000,1.000
1146,310,YDR182W,1,0.707,0.000,1.000
1147,310,YCR044C,1,0.707,0.000,1.000
1148,311,YMR319C,0,1.000,0.000,1.000
1149,312,YOL023W,0,1.000,0.000,1.000
1150,313,YHR218W,8,0.345,0.016,0.667
1151,313,YNL339C,11,0.382,0.340,0.917
1152,313,YLR466W,9,0.368,0.037,0.750
1153,313,YLL067C,10,0.374,0.204,0.833
1154,314,YHL016C,0,1.000,0.000,1.000
1155,315,YJL127C,2,0.707,1.000,1.000
1156,316,YPL111W,0,1.000,0.000,1.000
1157,317,YBR011C,2,0.577,0.000,1.000
1158,317,YMR267W,2,0.577,0.000,1.000
1159,317,YPL036W,2,0.577,0.000,1.000
1160,318,YBL019W,5,0.408,0.000,1.000
1161,318,YML060W,5,0.408,0.000,1.000
1162,318,YAL015C,5,0.408,0.000,1.000
1163,318,YML021C,5,0.408,0.000,1.000
1164,318,YKL114C,5,0.408,0.000,1.000
1165,318,YOL043C,5,0.408,0.000,1.000
1166,319,YLR411W,3,0.557,0.167,1.000
1167,319,YMR021C,3,0.557,0.167,1.000
1168,320,YIL065C,0,1.000,0.000,1.000
1169,321,YDR272W,8,0.380,0.146,0.889
1170,321,YOR040W,8,0.380,0.146,0.889
1171,321,YMR322C,7,0.370,0.044,0.778
1172,321,YOR391C,7,0.370,0.044,0.778
1173,322,YNL295W,2,0.707,1.000,1.000
1174,323,YJR069C,2,0.707,1.000,1.000
1175,324,YGR010W,7,0.413,0.310,1.000
1176,324,YLR328W,6,0.402,0.024,0.857
1177,324,YFR047C,6,0.402,0.024,0.857
1178,324,YOR209C,6,0.402,0.024,0.857
1179,325,YER007C-A,2,0.577,0.000,1.000
1180,325,YDR117C,2,0.577,0.000,1.000
1181,325,YJR014W,2,0.577,0.000,1.000
1182,326,YGR009C,27,0.211,0.067,0.818
1183,326,YLR026C,28,0.216,0.046,0.848
1184,326,YLR268W,29,0.215,0.056,0.879
1185,326,YOR075W,28,0.206,0.051,0.848
1186,326,YKL196C,28,0.218,0.019,0.848
1187,326,YIL004C,26,0.209,0.007,0.788
1188,326,YPL232W,27,0.216,0.009,0.818
1189,326,YOR106W,26,0.206,0.014,0.788
1190,326,YLR078C,26,0.209,0.008,0.788
1191,327,YDR179C,4,0.447,0.000,1.000
1192,327,YDL216C,4,0.447,0.000,1.000
1193,327,YOL117W,4,0.447,0.000,1.000
1194,327,YIL071C,4,0.447,0.000,1.000
1195,327,YMR025W,4,0.447,0.000,1.000
1196,328,YHR129C,0,1.000,0.000,1.000
1197,329,YDR106W,3,0.500,0.000,1.000
1198,329,YMR294W,3,0.500,0.000,1.000
1199,329,YPL174C,3,0.500,0.000,1.000
1200,329,YLL049W,3,0.500,0.000,1.000
1201,330,YKL007W,0,1.000,0.000,1.000
1202,331,YKR054C,4,0.510,0.167,1.000
1203,331,YDR488C,4,0.510,0.167,1.000
1204,332,YOR175C,28,0.336,0.282,0.800
1205,332,YOR311C,12,0.204,0.011,0.343
1206,332,YJR073C,11,0.198,0.003,0.314
1207,332,YKR089C,25,0.323,0.129,0.714
1208,332,YNL169C,12,0.192,0.031,0.343
1209,332,YKR031C,15,0.244,0.022,0.429
1210,332,YBR029C,13,0.213,0.019,0.371
1211,332,YHR123W,16,0.235,0.062,0.457
1212,332,YOR081C,25,0.327,0.122,0.714
1213,333,YHL032C,5,0.454,0.050,1.000
1214,333,YOR120W,5,0.454,0.050,1.000
1215,334,YDL142C,5,0.529,0.500,1.000
1216,334,YHR100C,4,0.494,0.100,0.800
1217,335,YPL110C,0,1.000,0.000,1.000
1218,336,YKL096W-A,2,0.707,1.000,1.000
1219,337,YHR053C,3,0.612,0.667,1.000
1220,338,YLR220W,3,0.612,0.667,1.000
1221,339,YBR207W,3,0.470,0.083,0.750
1222,339,YER145C,4,0.559,0.333,1.000
1223,339,YMR058W,3,0.470,0.083,0.750
1224,340,YGL009C,2,0.707,1.000,1.000
1225,341,YDR165W,0,1.000,0.000,1.000
1226,342,YDR465C,0,1.000,0.000,1.000
1227,343,YGR281W,6,0.456,0.306,0.667
1228,343,YOR153W,5,0.436,0.083,0.556
1229,343,YGL013C,6,0.435,0.417,0.667
1230,344,YNL313C,0,1.000,0.000,1.000
1231,345,YNL292W,7,0.415,0.090,1.000
1232,345,YOR243C,7,0.415,0.090,1.000
1233,346,YDL101C,1,0.707,0.000,1.000
1234,346,YML058W,1,0.707,0.000,1.000
1235,347,YOL090W,1,0.707,0.000,1.000
1236,347,YDR097C,1,0.707,0.000,1.000
1237,348,YDR227W,2,0.707,1.000,1.000
1238,349,YLR233C,2,0.577,0.000,1.000
1239,349,YLR318W,2,0.577,0.000,1.000
1240,349,YIL009C-A,2,0.577,0.000,1.000
1241,350,YIL096C,1,0.707,0.000,1.000
1242,350,YCR016W,1,0.707,0.000,1.000
1243,351,YCR034W,6,0.392,0.013,1.000
1244,351,YBR159W,6,0.392,0.013,1.000
1245,351,YDL015C,6,0.392,0.013,1.000
1246,351,YJL097W,6,0.392,0.013,1.000
1247,351,YGL055W,6,0.392,0.013,1.000
1248,352,YDR242W,1,0.707,0.000,0.500
1249,352,YPL103C,1,0.707,0.000,0.500
1250,353,YKR070W,2,0.707,1.000,1.000
1251,354,YGR268C,1,0.707,0.000,1.000
1252,354,YBR101C,1,0.707,0.000,1.000
1253,355,YFR014C,1,0.707,0.000,1.000
1254,355,YBR109C,1,0.707,0.000,1.000
1255,356,YDR171W,0,1.000,0.000,1.000
1256,357,YOR164C,7,0.444,0.353,1.000
1257,357,YOL111C,6,0.429,0.067,0.857
1258,358,YNR016C,2,0.577,0.000,1.000
1259,358,YMR207C,2,0.577,0.000,1.000
1260,358,YDL141W,2,0.577,0.000,1.000
1261,359,YNL104C,2,0.707,1.000,1.000
1262,360,YGR205W,0,1.000,0.000,1.000
1263,361,YBR176W,2,0.577,0.000,1.000
1264,361,YHR063C,2,0.577,0.000,1.000
1265,361,YIL145C,2,0.577,0.000,1.000
1266,362,YIL165C,1,0.707,0.000,1.000
1267,362,YIL164C,1,0.707,0.000,1.000
1268,363,YHR074W,4,0.440,0.000,0.800
1269,363,YJR049C,4,0.440,0.000,0.800
1270,363,YDR191W,4,0.440,0.000,0.800
1271,363,YOR025W,4,0.440,0.000,0.800
1272,363,YGL067W,5,0.462,0.400,1.000
1273,364,YPL057C,4,0.479,0.056,1.000
1274,364,YDR367W,4,0.479,0.056,1.000
1275,364,YKL004W,4,0.479,0.056,1.000
1276,365,YNL072W,3,0.612,0.667,1.000
1277,366,YLR425W,1,0.707,0.000,0.500
1278,366,YPR165W,1,0.707,0.000,0.500
1279,367,YIL103W,6,0.374,0.000,0.750
1280,367,YLR172C,6,0.374,0.000,0.750
1281,367,YJR097W,6,0.374,0.000,0.750
1282,367,YKL191W,6,0.374,0.000,0.750
1283,367,YBR246W,6,0.374,0.000,0.750
1284,367,YBL071W-A,7,0.383,0.250,0.875
1285,367,YLR143W,7,0.383,0.250,0.875
1286,368,YDR439W,5,0.514,0.267,0.833
1287,368,YCR086W,5,0.492,0.400,0.833
1288,369,YGL122C,1,0.707,0.000,1.000
1289,369,YMR255W,1,0.707,0.000,1.000
1290,370,YAL029C,5,0.526,0.511,0.833
1291,370,YOR326W,4,0.485,0.211,0.667
1292,371,YBL007C,2,0.707,1.000,1.000
1293,372,YDR388W,5,0.604,0.750,1.000
1294,372,YCR009C,3,0.491,0.050,0.600
1295,373,YDL161W,2,0.500,0.167,0.667
1296,373,YLR206W,2,0.500,0.167,0.667
1297,373,YER060W-A,2,0.500,0.167,0.667
1298,373,YER060W,2,0.500,0.167,0.667
1299,374,YLR319C,1,0.707,0.000,1.000
1300,374,YOR304C-A,1,0.707,0.000,1.000
1301,375,YOR094W,3,0.707,1.000,1.000
1302,376,YMR032W,4,0.510,0.167,1.000
1303,376,YDL117W,4,0.510,0.167,1.000
1304,377,YIL027C,7,0.354,0.000,1.000
1305,377,YLL014W,7,0.354,0.000,1.000
1306,377,YGL231C,7,0.354,0.000,1.000
1307,377,YJL192C,7,0.354,0.000,1.000
1308,377,YCL045C,7,0.354,0.000,1.000
1309,377,YJR088C,7,0.354,0.000,1.000
1310,377,YKL207W,7,0.354,0.000,1.000
1311,377,YDR056C,7,0.354,0.000,1.000
1312,378,YBR141C,5,0.372,0.271,0.556
1313,378,YJR129C,6,0.466,0.211,0.667
1314,378,YIL064W,7,0.500,0.421,0.778
1315,379,YOR198C,1,0.707,0.000,1.000
1316,379,YJL080C,1,0.707,0.000,1.000
1317,380,YML068W,1,0.707,0.000,1.000
1318,380,YKR017C,1,0.707,0.000,1.000
1319,381,YCL033C,2,0.577,0.000,1.000
1320,381,YKL069W,2,0.577,0.000,1.000
1321,381,YER042W,2,0.577,0.000,1.000
1322,382,YOR388C,1,0.707,0.000,1.000
1323,382,YJL068C,1,0.707,0.000,1.000
1324,383,YOR212W,1,0.707,0.000,1.000
1325,383,YHR005C,1,0.707,0.000,1.000
1326,384,YGR285C,1,0.707,0.000,1.000
1327,384,YDL229W,1,0.707,0.000,1.000
1328,385,YKL034W,2,0.394,0.000,0.500
1329,385,YDL219W,2,0.394,0.000,0.500
1330,385,YLR114C,2,0.394,0.000,0.500
1331,385,YOR223W,2,0.394,0.000,0.500
1332,385,YDL091C,4,0.615,0.667,1.000
1333,386,YPL154C,0,1.000,0.000,1.000
1334,387,YCR093W,9,0.345,0.226,1.000
1335,387,YIL038C,8,0.340,0.004,0.889
1336,387,YPR072W,8,0.340,0.004,0.889
1337,387,YDL165W,8,0.340,0.004,0.889
1338,387,YFL028C,8,0.340,0.004,0.889
1339,387,YGR134W,8,0.340,0.004,0.889
1340,387,YNL288W,8,0.340,0.004,0.889
1341,388,YPL210C,7,0.384,0.031,1.000
1342,388,YDL092W,7,0.384,0.031,1.000
1343,388,YPL243W,7,0.384,0.031,1.000
1344,388,YPR088C,7,0.384,0.031,1.000
1345,389,YER121W,6,0.407,0.060,0.750
1346,389,YMR245W,6,0.407,0.060,0.750
1347,389,YJL199C,6,0.407,0.060,0.750
1348,390,YAR008W,5,0.461,0.150,1.000
1349,390,YJL087C,5,0.461,0.150,1.000
1350,391,YBL047C,2,0.707,1.000,1.000
1351,392,YOR042W,2,0.707,1.000,1.000
1352,393,YPL184C,1,0.707,0.000,1.000
1353,393,YPR042C,1,0.707,0.000,1.000
1354,394,YNL197C,1,0.707,0.000,1.000
1355,394,YDL224C,1,0.707,0.000,1.000
1356,395,YOL104C,2,0.577,0.000,1.000
1357,395,YJL019W,2,0.577,0.000,1.000
1358,395,YPL200W,2,0.577,0.000,1.000
1359,396,YOR387C,2,0.431,0.000,0.400
1360,396,YGL256W,5,0.653,0.900,1.000
1361,396,YGL258W,2,0.431,0.000,0.400
1362,397,YHR113W,0,1.000,0.000,1.000
1363,398,YLR209C,0,1.000,0.000,1.000
1364,399,YJL164C,7,0.494,0.476,1.000
1365,399,YPL203W,5,0.437,0.048,0.714
1366,400,YDR430C,0,1.000,0.000,1.000
1367,401,YOL086W-A,3,0.557,0.167,1.000
1368,401,YIR002C,3,0.557,0.167,1.000
1369,402,YDR457W,1,0.707,0.000,1.000
1370,402,YKL010C,1,0.707,0.000,1.000
1371,403,YER142C,1,0.707,0.000,1.000
1372,403,YDL200C,1,0.707,0.000,1.000
1373,404,YMR036C,2,0.707,1.000,1.000
1374,405,YHR207C,2,0.577,0.000,1.000
1375,405,YJL105W,2,0.577,0.000,1.000
1376,405,YPL165C,2,0.577,0.000,1.000
1377,406,YJR053W,2,0.577,0.000,1.000
1378,406,YMR055C,2,0.577,0.000,1.000
1379,406,YOR233W,2,0.577,0.000,1.000
1380,407,YAR014C,2,0.577,0.000,1.000
1381,407,YGR238C,2,0.577,0.000,1.000
1382,407,YHR158C,2,0.577,0.000,1.000
1383,408,YJL106W,2,0.707,1.000,1.000
1384,409,YMR009W,4,0.494,0.100,0.800
1385,409,YPR118W,5,0.529,0.500,1.000
1386,410,YJR159W,3,0.557,0.167,1.000
1387,410,YDL246C,3,0.557,0.167,1.000
1388,411,YGR144W,8,0.409,0.209,0.727
1389,411,YPL258C,7,0.399,0.027,0.636
1390,411,YPL214C,10,0.431,0.518,0.909
1391,411,YOL055C,7,0.399,0.027,0.636
1392,412,YDL052C,1,0.707,0.000,1.000
1393,412,YDR018C,1,0.707,0.000,1.000
1394,413,YMR165C,2,0.577,0.000,1.000
1395,413,YHR004C,2,0.577,0.000,1.000
1396,413,YAL009W,2,0.577,0.000,1.000
1397,414,YOR006C,1,0.707,0.000,1.000
1398,414,YIL025C,1,0.707,0.000,1.000
1399,415,YOL130W,2,0.425,0.150,0.400
1400,415,YFL050C,2,0.425,0.150,0.400
1401,415,YOR334W,4,0.602,0.750,0.800
1402,416,YDR082W,5,0.398,0.000,0.714
1403,416,YBR275C,5,0.398,0.000,0.714
1404,416,YLR453C,5,0.398,0.000,0.714
1405,416,YLR010C,5,0.398,0.000,0.714
1406,416,YNL216W,7,0.432,0.476,1.000
1407,416,YDL220C,5,0.398,0.000,0.714
1408,417,YDL235C,5,0.359,0.006,0.500
1409,417,YNR031C,5,0.359,0.006,0.500
1410,417,YCR073C,5,0.359,0.006,0.500
1411,417,YER118C,10,0.495,0.594,1.000
1412,418,YDR495C,12,0.297,0.010,0.800
1413,418,YLR148W,12,0.297,0.010,0.800
1414,418,YLR396C,13,0.303,0.054,0.867
1415,418,YAL002W,13,0.303,0.054,0.867
1416,418,YMR231W,12,0.297,0.010,0.800
1417,419,YGL008C,0,1.000,0.000,1.000
1418,420,YPR183W,3,0.612,0.667,1.000
1419,421,YKL205W,1,0.707,0.000,1.000
1420,421,YOR112W,1,0.707,0.000,1.000
1421,422,YNR019W,3,0.557,0.167,1.000
1422,422,YCR048W,3,0.557,0.167,1.000
1423,423,YLR242C,1,0.707,0.000,1.000
1424,423,YJL062W,1,0.707,0.000,1.000
1425,424,YAL063C,1,0.316,0.000,0.200
1426,424,YOR140W,1,0.316,0.000,0.200
1427,424,YIR019C,5,0.707,1.000,1.000
1428,424,YAR050W,1,0.316,0.000,0.200
1429,424,YKR102W,1,0.316,0.000,0.200
1430,424,YHR211W,1,0.316,0.000,0.200
1431,425,YBR164C,0,1.000,0.000,1.000
1432,426,YJR031C,2,0.707,1.000,1.000
1433,427,YLR062C,1,0.707,0.000,1.000
1434,427,YGL217C,1,0.707,0.000,1.000
1435,428,YMR218C,12,0.298,0.018,0.857
1436,428,YKR068C,12,0.298,0.018,0.857
1437,428,YDR407C,12,0.298,0.018,0.857
1438,428,YOR115C,12,0.298,0.018,0.857
1439,429,YPR029C,11,0.402,0.466,0.917
1440,429,YBR288C,8,0.380,0.043,0.667
1441,429,YJR005W,7,0.346,0.031,0.583
1442,429,YGR261C,7,0.342,0.028,0.583
1443,430,YAL065C,3,0.612,0.667,1.000
1444,431,YGL227W,6,0.376,0.000,0.857
1445,431,YDR255C,6,0.376,0.000,0.857
1446,431,YIL097W,6,0.376,0.000,0.857
1447,431,YBR105C,6,0.376,0.000,0.857
1448,431,YMR135C,6,0.376,0.000,0.857
1449,431,YCL039W,7,0.385,0.286,1.000
1450,431,YIL017C,6,0.376,0.000,0.857
1451,432,YBR004C,14,0.272,0.141,0.636
1452,432,YJR013W,15,0.304,0.095,0.682
1453,432,YGL142C,15,0.301,0.085,0.682
1454,432,YPL175W,14,0.282,0.079,0.636
1455,432,YMR281W,14,0.296,0.064,0.636
1456,432,YLR088W,14,0.288,0.070,0.636
1457,433,YMR206W,1,0.707,0.000,1.000
1458,433,YMR081C,1,0.707,0.000,1.000
1459,434,YJL153C,3,0.500,0.000,1.000
1460,434,YOL108C,3,0.500,0.000,1.000
1461,434,YDR123C,3,0.500,0.000,1.000
1462,434,YHL020C,3,0.500,0.000,1.000
1463,435,YOR281C,1,0.707,0.000,1.000
1464,435,YDR183W,1,0.707,0.000,1.000
1465,436,YGR078C,6,0.411,0.048,0.857
1466,436,YML094W,6,0.411,0.048,0.857
1467,436,YLR200W,7,0.424,0.333,1.000
1468,437,YMR052W,5,0.423,0.017,0.833
1469,437,YNL127W,5,0.423,0.017,0.833
1470,437,YFR008W,5,0.423,0.017,0.833
1471,437,YMR029C,6,0.440,0.350,1.000
1472,438,YML067C,1,0.707,0.000,1.000
1473,438,YAL042W,1,0.707,0.000,1.000
1474,439,YKR099W,0,1.000,0.000,1.000
1475,440,YOL068C,1,0.707,0.000,1.000
1476,440,YOR279C,1,0.707,0.000,1.000
1477,441,YGR283C,3,0.612,0.667,1.000
1478,442,YFR003C,1,0.707,0.000,1.000
1479,442,YPL179W,1,0.707,0.000,1.000
1480,443,YJL129C,3,0.557,0.167,1.000
1481,443,YML016C,3,0.557,0.167,1.000
1482,444,YFR015C,1,0.707,0.000,1.000
1483,444,YLR177W,1,0.707,0.000,1.000
1484,445,YBR061C,4,0.596,0.600,0.800
1485,445,YOL125W,3,0.440,0.400,0.600
1486,446,YOL093W,1,0.707,0.000,1.000
1487,446,YLR405W,1,0.707,0.000,1.000
1488,447,YNR046W,1,0.707,0.000,1.000
1489,447,YDR140W,1,0.707,0.000,1.000
1490,448,YLR316C,2,0.577,0.000,1.000
1491,448,YJL035C,2,0.577,0.000,1.000
1492,448,YGL243W,2,0.577,0.000,1.000
1493,449,YJL212C,1,0.707,0.000,1.000
1494,449,YGL114W,1,0.707,0.000,1.000
1495,450,YOR143C,2,0.707,1.000,1.000
1496,451,YAR071W,4,0.510,0.167,1.000
1497,451,YHR215W,4,0.510,0.167,1.000
1498,452,YDL103C,3,0.612,0.667,1.000
1499,453,YOL095C,1,0.707,0.000,1.000
1500,453,YDR332W,1,0.707,0.000,1.000
1501,454,YDR539W,1,0.707,0.000,1.000
1502,454,YDR538W,1,0.707,0.000,1.000
1503,455,YBL061C,2,0.577,0.000,1.000
1504,455,YBR023C,2,0.577,0.000,1.000
1505,455,YHR142W,2,0.577,0.000,1.000
1506,456,YKR027W,4,0.447,0.000,1.000
1507,456,YLR330W,4,0.447,0.000,1.000
1508,456,YJL099W,4,0.447,0.000,1.000
1509,456,YMR237W,4,0.447,0.000,1.000
1510,456,YOR299W,4,0.447,0.000,1.000
1511,457,YBR078W,1,0.707,0.000,1.000
1512,457,YMR307W,1,0.707,0.000,1.000
1513,458,YLR342W,0,1.000,0.000,1.000
1514,459,YNL233W,0,1.000,0.000,1.000
1515,460,YDR438W,1,0.707,0.000,1.000
1516,460,YPL244C,1,0.707,0.000,1.000
1517,461,YNL063W,0,1.000,0.000,1.000
1518,462,YBR126C,0,1.000,0.000,1.000
1519,463,YLR149C,1,0.707,0.000,1.000
1520,463,YOR238W,1,0.707,0.000,1.000
1521,464,YFR017C,1,0.707,0.000,1.000
1522,464,YNR034W-A,1,0.707,0.000,1.000
1523,465,YGR262C,6,0.453,0.133,1.000
1524,465,YML036W,6,0.453,0.133,1.000
1525,466,YOR095C,0,1.000,0.000,1.000
1526,467,YLL061W,1,0.707,0.000,0.500
1527,467,YLL062C,1,0.707,0.000,0.500
1528,468,YGR142W,3,0.612,0.667,1.000
1529,469,YIL046W,0,1.000,0.000,1.000
1530,470,YKL038W,4,0.524,0.500,1.000
1531,470,YDL138W,3,0.482,0.000,0.750
1532,470,YOR047C,3,0.482,0.000,0.750
1533,470,YDL194W,3,0.482,0.000,0.750
1534,471,YER072W,4,0.362,0.000,0.500
1535,471,YPL019C,4,0.362,0.000,0.500
1536,471,YHR136C,5,0.408,0.054,0.625
1537,471,YML123C,8,0.512,0.518,1.000
1538,471,YJL012C,4,0.362,0.000,0.500
1539,472,YDL106C,1,0.707,0.000,1.000
1540,472,YFR034C,1,0.707,0.000,1.000
1541,473,YIL047C,1,0.707,0.000,1.000
1542,473,YGR233C,1,0.707,0.000,1.000
1543,474,YLR102C,12,0.277,0.000,1.000
1544,474,YNL172W,12,0.277,0.000,1.000
1545,474,YFR036W,12,0.277,0.000,1.000
1546,474,YIR025W,12,0.277,0.000,1.000
1547,474,YGL240W,12,0.277,0.000,1.000
1548,474,YLR127C,12,0.277,0.000,1.000
1549,474,YBL084C,12,0.277,0.000,1.000
1550,474,YDR260C,12,0.277,0.000,1.000
1551,474,YDL008W,12,0.277,0.000,1.000
1552,474,YOR249C,12,0.277,0.000,1.000
1553,474,YKL022C,12,0.277,0.000,1.000
1554,474,YDR118W,12,0.277,0.000,1.000
1555,474,YHR166C,12,0.277,0.000,1.000
1556,475,YPR127W,4,0.583,0.583,1.000
1557,475,YBR035C,3,0.524,0.083,0.750
1558,476,YKL041W,19,0.269,0.031,0.826
1559,476,YPL065W,17,0.254,0.016,0.739
1560,476,YMR077C,19,0.269,0.031,0.826
1561,476,YJR102C,17,0.251,0.019,0.739
1562,476,YKL002W,19,0.269,0.031,0.826
1563,476,YLR025W,20,0.274,0.059,0.870
1564,477,YML097C,4,0.524,0.500,1.000
1565,477,YBR264C,3,0.482,0.000,0.750
1566,478,YLR436C,1,0.707,0.000,1.000
1567,478,YMR304W,1,0.707,0.000,1.000
1568,479,YBR070C,4,0.440,0.000,0.800
1569,479,YNL048W,4,0.440,0.000,0.800
1570,479,YBR243C,5,0.462,0.400,1.000
1571,480,YBL020W,1,0.289,0.000,0.167
1572,480,YKR061W,1,0.289,0.000,0.167
1573,480,YBR199W,1,0.289,0.000,0.167
1574,480,YNL029C,1,0.289,0.000,0.167
1575,480,YGL065C,6,0.707,1.000,1.000
1576,480,YIL085C,1,0.289,0.000,0.167
1577,480,YJL139C,1,0.289,0.000,0.167
1578,481,YIL030C,1,0.707,0.000,1.000
1579,481,YIL029C,1,0.707,0.000,1.000
1580,482,YGL002W,6,0.375,0.022,0.667
1581,482,YAR002C-A,6,0.375,0.022,0.667
1582,482,YML012W,9,0.436,0.466,1.000
1583,483,YMR297W,2,0.707,0.333,0.667
1584,484,YNL238W,4,0.615,0.667,1.000
1585,484,YGL203C,2,0.394,0.000,0.500
1586,484,YDR144C,2,0.394,0.000,0.500
1587,484,YOR219C,2,0.394,0.000,0.500
1588,484,YLR120C,2,0.394,0.000,0.500
1589,485,YLR432W,2,0.577,0.000,1.000
1590,485,YAR073W,2,0.577,0.000,1.000
1591,485,YAR075W,2,0.577,0.000,1.000
1592,486,YER099C,6,0.392,0.013,1.000
1593,486,YBL068W,6,0.392,0.013,1.000
1594,486,YKL181W,6,0.392,0.013,1.000
1595,486,YOL061W,6,0.392,0.013,1.000
1596,487,YNL142W,3,0.612,0.667,1.000
1597,488,YER163C,3,0.557,0.167,1.000
1598,488,YLR299W,3,0.557,0.167,1.000
1599,489,YCL035C,0,0.707,0.000,0.000
1600,489,YDR513W,0,0.707,0.000,0.000
1601,490,YKL134C,1,0.707,0.000,1.000
1602,490,YER078C,1,0.707,0.000,1.000
1603,491,YGL156W,0,1.000,0.000,1.000
1604,492,YDR483W,9,0.389,0.158,0.900
1605,492,YDL095W,7,0.355,0.010,0.700
1606,492,YAL023C,7,0.355,0.010,0.700
1607,492,YOR321W,7,0.355,0.010,0.700
1608,493,YIL140W,3,0.537,0.036,0.375
1609,493,YCR038C,3,0.475,0.107,0.375
1610,493,YCL014W,3,0.537,0.036,0.375
1611,494,YGR202C,1,0.707,0.000,1.000
1612,494,YLR133W,1,0.707,0.000,1.000
1613,495,YLR059C,3,0.612,0.667,1.000
1614,496,YDL184C,1,0.707,0.000,1.000
1615,496,YDL133C-A,1,0.707,0.000,1.000
1616,497,YGL202W,2,0.707,1.000,1.000
1617,498,YLR138W,5,0.473,0.117,1.000
1618,498,YJL094C,5,0.473,0.117,1.000
1619,499,YKR050W,1,0.707,0.000,1.000
1620,499,YJR054W,1,0.707,0.000,1.000
1621,500,YFR044C,2,0.577,0.000,1.000
1622,500,YBR281C,2,0.577,0.000,1.000
1623,500,YNL191W,2,0.577,0.000,1.000
1624,501,YPR069C,3,0.482,0.000,0.750
1625,501,YKL184W,4,0.524,0.500,1.000
1626,501,YOL052C,3,0.482,0.000,0.750
1627,501,YLR146C,3,0.482,0.000,0.750
1628,502,YDL035C,4,0.526,0.111,1.000
1629,502,YAL056W,3,0.425,0.056,0.750
1630,502,YOR371C,3,0.425,0.056,0.750
1631,503,YBR223C,2,0.707,1.000,1.000
1632,504,YMR070W,1,0.707,0.000,1.000
1633,504,YLR228C,1,0.707,0.000,1.000
1634,505,YBL067C,4,0.510,0.167,1.000
1635,505,YER098W,4,0.510,0.167,1.000
1636,506,YBR040W,1,0.707,0.000,1.000
1637,506,YML047C,1,0.707,0.000,1.000
1638,507,YDR414C,2,0.577,0.000,1.000
1639,507,YKR007W,2,0.577,0.000,1.000
1640,507,YCR075C,2,0.577,0.000,1.000
1641,508,YLR126C,2,0.707,1.000,1.000
1642,509,YER123W,1,0.707,0.000,1.000
1643,509,YPL236C,1,0.707,0.000,1.000
1644,510,YNL161W,1,0.707,0.000,1.000
1645,510,YCL051W,1,0.707,0.000,1.000
1646,511,YKL094W,0,1.000,0.000,1.000
1647,512,YCR068W,0,1.000,0.000,1.000
1648,513,YLR066W,3,0.500,0.000,1.000
1649,513,YIR022W,3,0.500,0.000,1.000
1650,513,YJR010C-A,3,0.500,0.000,1.000
1651,513,YML055W,3,0.500,0.000,1.000
1652,514,YEL075W-A,4,0.447,0.000,1.000
1653,514,YEL077C,4,0.447,0.000,1.000
1654,514,YEL075C,4,0.447,0.000,1.000
1655,514,YEL076C,4,0.447,0.000,1.000
1656,514,YEL074W,4,0.447,0.000,1.000
1657,515,YMR164C,3,0.707,1.000,1.000
1658,516,YHR084W,9,0.390,0.165,0.750
1659,516,YGR040W,9,0.394,0.113,0.750
1660,516,YDR103W,6,0.305,0.014,0.500
1661,516,YBL016W,11,0.435,0.303,0.917
1662,517,YOR230W,1,0.707,0.000,1.000
1663,517,YLR437C,1,0.707,0.000,1.000
1664,518,YMR154C,7,0.379,0.089,0.875
1665,518,YOR275C,8,0.397,0.214,1.000
1666,518,YHL027W,7,0.379,0.089,0.875
1667,519,YOR022C,1,0.707,0.000,1.000
1668,519,YDL195W,1,0.707,0.000,1.000
1669,520,YOL016C,2,0.707,1.000,1.000
1670,521,YKL159C,1,0.707,0.000,1.000
1671,521,YNL027W,1,0.707,0.000,1.000
1672,522,YGR217W,5,0.494,0.233,1.000
1673,522,YOR087W,4,0.445,0.033,0.800
1674,523,YGL167C,1,0.707,0.000,1.000
1675,523,YGL168W,1,0.707,0.000,1.000
1676,524,YDR264C,4,0.469,0.250,0.800
1677,524,YOR034C,4,0.469,0.250,0.800
1678,525,YDL240W,1,0.707,0.000,1.000
1679,525,YEL031W,1,0.707,0.000,1.000
1680,526,YDR099W,1,0.707,0.000,1.000
1681,526,YER177W,1,0.707,0.000,1.000
1682,527,YMR212C,3,0.524,0.083,0.750
1683,527,YLR305C,4,0.583,0.583,1.000
1684,528,YLR422W,1,0.707,0.000,1.000
1685,528,YLL007C,1,0.707,0.000,1.000
1686,529,YLR310C,0,1.000,0.000,1.000
1687,530,YER056C,0,1.000,0.000,1.000
1688,531,YLR254C,1,0.707,0.000,1.000
1689,531,YOR269W,1,0.707,0.000,1.000
1690,532,YDR517W,1,0.707,0.000,1.000
1691,532,YDL099W,1,0.707,0.000,1.000
1692,533,YIL177W-A,1,0.707,0.000,1.000
1693,533,YIL177C,1,0.707,0.000,1.000
1694,534,YML133W-A,2,0.577,0.000,1.000
1695,534,YML133C,2,0.577,0.000,1.000
1696,534,YML133W-B,2,0.577,0.000,1.000
1697,535,YLL066W-A,3,0.612,0.667,1.000
1698,536,YDL124W,2,0.707,1.000,1.000
1699,537,YJR056C,5,0.408,0.000,1.000
1700,537,YJL028W,5,0.408,0.000,1.000
1701,537,YJR055W,5,0.408,0.000,1.000
1702,537,YJL161W,5,0.408,0.000,1.000
1703,537,YJL022W,5,0.408,0.000,1.000
1704,537,YJL027C,5,0.408,0.000,1.000
1705,538,YHR195W,1,0.707,0.000,1.000
1706,538,YAR042W,1,0.707,0.000,1.000
1707,539,YER120W,4,0.677,0.900,0.800
1708,539,YOR086C,2,0.425,0.400,0.400
1709,540,YNL160W,2,0.707,1.000,1.000
1710,541,YDR150W,1,0.707,0.000,1.000
1711,541,YPR083W,1,0.707,0.000,1.000
1712,542,YLR215C,2,0.707,1.000,1.000
1713,543,YAL021C,1,0.707,0.000,1.000
1714,543,YNR052C,1,0.707,0.000,1.000
1715,544,YDL234C,3,0.425,0.056,0.750
1716,544,YOR070C,3,0.425,0.056,0.750
1717,544,YGR100W,3,0.425,0.056,0.750
1718,544,YFL027C,4,0.526,0.111,1.000
1719,544,YPL249C,3,0.425,0.056,0.750
1720,545,YOR069W,7,0.360,0.018,0.778
1721,545,YHR012W,9,0.398,0.166,1.000
1722,545,YJL154C,9,0.398,0.166,1.000
1723,545,YOR132W,7,0.360,0.018,0.778
1724,546,YML072C,1,0.707,0.000,1.000
1725,546,YBR086C,1,0.707,0.000,1.000
1726,547,YDL058W,0,1.000,0.000,1.000
1727,548,YKL179C,2,0.577,0.000,1.000
1728,548,YJR134C,2,0.577,0.000,1.000
1729,548,YOR216C,2,0.577,0.000,1.000
1730,549,YMR079W,0,1.000,0.000,1.000
1731,550,YLR380W,1,0.707,0.000,1.000
1732,550,YJL145W,1,0.707,0.000,1.000
1733,551,YER166W,6,0.504,0.322,1.000
1734,551,YDR093W,5,0.439,0.167,0.833
1735,552,YMR162C,1,0.707,0.000,1.000
1736,552,YNR048W,1,0.707,0.000,1.000
1737,553,YIL048W,3,0.612,0.667,1.000
1738,554,YOR107W,1,0.707,0.000,1.000
1739,554,YML104C,1,0.707,0.000,1.000
1740,555,YOR301W,3,0.557,0.167,1.000
1741,555,YLR084C,3,0.557,0.167,1.000
1742,556,YNL066W,7,0.363,0.021,0.583
1743,556,YHR143W,7,0.363,0.021,0.583
1744,556,YGL028C,7,0.363,0.021,0.583
1745,556,YNL327W,7,0.363,0.021,0.583
1746,556,YER124C,7,0.363,0.021,0.583
1747,556,YLR286C,11,0.372,0.629,0.917
1748,557,YDR306C,2,0.577,0.000,1.000
1749,557,YLR097C,2,0.577,0.000,1.000
1750,557,YBR280C,2,0.577,0.000,1.000
1751,558,YIL001W,1,0.707,0.000,1.000
1752,558,YGR003W,1,0.707,0.000,1.000
1753,559,YNL264C,1,0.707,0.000,1.000
1754,559,YPL272C,1,0.707,0.000,1.000
1755,560,YDR310C,0,1.000,0.000,1.000
1756,561,YNL333W,5,0.408,0.000,1.000
1757,561,YMR096W,5,0.408,0.000,1.000
1758,561,YNL334C,5,0.408,0.000,1.000
1759,561,YFL060C,5,0.408,0.000,1.000
1760,561,YMR095C,5,0.408,0.000,1.000
1761,561,YFL059W,5,0.408,0.000,1.000
1762,562,YGL210W,0,1.000,0.000,1.000
1763,563,YDR135C,2,0.707,1.000,1.000
1764,564,YNL086W,5,0.408,0.000,1.000
1765,564,YGL079W,5,0.408,0.000,1.000
1766,564,YEL005C,5,0.408,0.000,1.000
1767,564,YDR357C,5,0.408,0.000,1.000
1768,564,YLR408C,5,0.408,0.000,1.000
1769,564,YKL061W,5,0.408,0.000,1.000
1770,565,YDR104C,2,0.707,1.000,1.000
1771,566,YLR189C,2,0.577,0.000,1.000
1772,566,YJL036W,2,0.577,0.000,1.000
1773,566,YDL113C,2,0.577,0.000,1.000
1774,567,YHR107C,11,0.381,0.130,1.000
1775,567,YLR314C,10,0.356,0.092,0.909
1776,567,YJR076C,11,0.381,0.130,1.000
1777,568,YPR028W,4,0.479,0.056,1.000
1778,568,YDR233C,4,0.479,0.056,1.000
1779,568,YOR165W,4,0.479,0.056,1.000
1780,569,YHR076W,2,0.577,0.000,1.000
1781,569,YCR079W,2,0.577,0.000,1.000
1782,569,YOR090C,2,0.577,0.000,1.000
1783,570,YJR036C,1,0.707,0.000,1.000
1784,570,YMR247C,1,0.707,0.000,1.000
1785,571,YPL009C,3,0.470,0.083,0.750
1786,571,YKR023W,3,0.470,0.083,0.750
1787,571,YGR271W,4,0.559,0.333,1.000
1788,572,YMR241W,1,0.707,0.000,1.000
1789,572,YDL198C,1,0.707,0.000,1.000
1790,573,YKL178C,8,0.378,0.186,0.727
1791,573,YFL026W,9,0.409,0.272,0.818
1792,573,YPL187W,7,0.364,0.079,0.636
1793,574,YOR193W,2,0.707,1.000,1.000
1794,575,YPR156C,3,0.612,0.667,1.000
1795,576,YGL192W,3,0.612,0.667,1.000
1796,577,YCL027W,0,1.000,0.000,1.000
1797,578,YPL128C,2,0.707,1.000,1.000
1798,579,YLR223C,3,0.612,0.667,1.000
1799,580,YFL066C,3,0.500,0.000,1.000
1800,580,YFL065C,3,0.500,0.000,1.000
1801,580,YFL067W,3,0.500,0.000,1.000
1802,580,YFL064C,3,0.500,0.000,1.000
1803,581,YJL073W,1,0.707,0.000,1.000
1804,581,YLR104W,1,0.707,0.000,1.000
1805,582,YLR057W,1,0.707,0.000,1.000
1806,582,YJR131W,1,0.707,0.000,1.000
1807,583,YGR225W,1,0.707,0.000,1.000
1808,583,YHR184W,1,0.707,0.000,1.000
1809,584,YER175C,1,0.707,0.000,1.000
1810,584,YGL117W,1,0.707,0.000,1.000
1811,585,YOR271C,2,0.707,1.000,1.000
1812,586,YKR077W,1,0.707,0.000,1.000
1813,586,YOR066W,1,0.707,0.000,1.000
1814,587,YMR037C,0,1.000,0.000,1.000
1815,588,YGR016W,2,0.707,1.000,1.000
1816,589,YGL071W,0,1.000,0.000,1.000
1817,590,YOR383C,3,0.612,0.667,1.000
1818,591,YCR040W,4,0.436,0.083,0.800
1819,591,YCL067C,4,0.436,0.083,0.800
1820,591,YCR097W,5,0.507,0.167,1.000
1821,592,YKL189W,4,0.447,0.000,1.000
1822,592,YOR353C,4,0.447,0.000,1.000
1823,592,YFL034C-B,4,0.447,0.000,1.000
1824,592,YIL129C,4,0.447,0.000,1.000
1825,592,YHR102W,4,0.447,0.000,1.000
1826,593,YMR071C,3,0.557,0.167,1.000
1827,593,YDR100W,3,0.557,0.167,1.000
1828,594,YDL170W,3,0.707,1.000,1.000
1829,595,YNR055C,2,0.500,0.167,0.667
1830,595,YIL120W,2,0.500,0.167,0.667
1831,595,YNL065W,2,0.500,0.167,0.667
1832,595,YLL028W,2,0.500,0.167,0.667
1833,596,YML116W,1,0.707,0.000,1.000
1834,596,YBR008C,1,0.707,0.000,1.000
1835,597,YHR048W,1,0.707,0.000,1.000
1836,597,YIL121W,1,0.707,0.000,1.000
1837,598,YDR137W,2,0.386,0.000,0.286
1838,598,YLR039C,2,0.386,0.000,0.286
1839,598,YLR262C,6,0.659,0.905,0.857
1840,599,YLR047C,3,0.707,1.000,1.000
1841,600,YPL004C,8,0.508,0.333,0.889
1842,600,YGR086C,8,0.508,0.333,0.889
1843,600,YMR031C,4,0.299,0.222,0.444
1844,601,YJL056C,4,0.636,0.833,1.000
1845,601,YLR023C,2,0.473,0.000,0.500
1846,601,YOL101C,2,0.473,0.000,0.500
1847,602,YKL175W,8,0.403,0.093,0.889
1848,602,YGL255W,7,0.347,0.233,0.778
1849,602,YIL023C,8,0.403,0.093,0.889
1850,603,YOR043W,2,0.707,1.000,1.000
1851,604,YGL077C,1,0.707,0.000,1.000
1852,604,YDR497C,1,0.707,0.000,1.000
1853,605,YPL092W,1,0.707,0.000,1.000
1854,605,YGL254W,1,0.707,0.000,1.000
1855,606,YPR105C,9,0.361,0.056,1.000
1856,606,YER157W,9,0.361,0.056,1.000
1857,606,YML071C,9,0.361,0.056,1.000
1858,606,YNL041C,9,0.361,0.056,1.000
1859,607,YKL204W,2,0.707,1.000,1.000
1860,608,YGL038C,0,1.000,0.000,1.000
1861,609,YJL170C,1,0.707,0.000,1.000
1862,609,YGL032C,1,0.707,0.000,1.000
1863,610,YLL019C,1,0.707,0.000,1.000
1864,610,YMR216C,1,0.707,0.000,1.000
1865,611,YER001W,5,0.601,0.650,1.000
1866,611,YBR015C,3,0.444,0.050,0.600
1867,612,YJR075W,5,0.428,0.025,1.000
1868,612,YDR245W,5,0.428,0.025,1.000
1869,612,YJL183W,5,0.428,0.025,1.000
1870,612,YPL050C,5,0.428,0.025,1.000
1871,613,YPL053C,1,0.707,0.000,1.000
1872,613,YNR059W,1,0.707,0.000,1.000
1873,614,YDR089W,1,0.707,0.000,1.000
1874,614,YFL004W,1,0.707,0.000,1.000
1875,615,YBR056W-A,1,0.707,0.000,1.000
1876,615,YMR316W,1,0.707,0.000,1.000
1877,616,YGR070W,5,0.369,0.027,0.833
1878,616,YGR023W,5,0.369,0.027,0.833
1879,616,YOL105C,5,0.369,0.027,0.833
1880,616,YLR371W,5,0.369,0.027,0.833
1881,616,YLR332W,6,0.429,0.040,1.000
1882,616,YNL283C,5,0.369,0.027,0.833
1883,616,YOR008C,5,0.369,0.027,0.833
1884,617,YBR260C,1,0.707,0.000,1.000
1885,617,YFL047W,1,0.707,0.000,1.000
1886,618,YBR168W,1,0.707,0.000,1.000
1887,618,YHR150W,1,0.707,0.000,1.000
1888,619,YLR324W,2,0.707,1.000,1.000
1889,620,YGR184C,2,0.707,1.000,1.000
1890,621,YIL039W,1,0.707,0.000,1.000
1891,621,YCR017C,1,0.707,0.000,1.000
1892,622,YNL008C,2,0.577,0.000,1.000
1893,622,YNL159C,2,0.577,0.000,1.000
1894,622,YMR119W,2,0.577,0.000,1.000
1895,623,YDL212W,1,0.707,0.000,1.000
1896,623,YKR039W,1,0.707,0.000,1.000
1897,624,YLL044W,1,0.707,0.000,1.000
1898,624,YLL038C,1,0.707,0.000,1.000
1899,625,YLR080W,1,0.707,0.000,1.000
1900,625,YFL048C,1,0.707,0.000,1.000
1901,626,YGL198W,5,0.490,0.183,1.000
1902,626,YGR172C,5,0.490,0.183,1.000
1903,627,YBR187W,1,0.707,0.000,1.000
1904,627,YMR034C,1,0.707,0.000,1.000
1905,628,YJL151C,1,0.707,0.000,1.000
1906,628,YDR525W-A,1,0.707,0.000,1.000
1907,629,YPR109W,1,0.707,0.000,1.000
1908,629,YOL073C,1,0.707,0.000,1.000
1909,630,YGR143W,1,0.707,0.000,1.000
1910,630,YDR072C,1,0.707,0.000,1.000
1911,631,YOL042W,1,0.707,0.000,1.000
1912,631,YML118W,1,0.707,0.000,1.000
1913,632,YGR178C,5,0.653,0.900,1.000
1914,632,YDL053C,2,0.431,0.000,0.400
1915,632,YHR121W,2,0.431,0.000,0.400
1916,633,YBR271W,0,1.000,0.000,1.000
1917,634,YBR053C,2,0.707,1.000,1.000
1918,635,YML086C,2,0.707,1.000,1.000
1919,636,YGR250C,1,0.707,0.000,1.000
1920,636,YIR001C,1,0.707,0.000,1.000
1921,637,YDR017C,4,0.463,0.333,0.667
1922,637,YDR173C,5,0.537,0.533,0.833
1923,638,YPR201W,2,0.577,0.000,1.000
1924,638,YPR199C,2,0.577,0.000,1.000
1925,638,YPR200C,2,0.577,0.000,1.000
1926,639,YBR030W,3,0.500,0.000,1.000
1927,639,YDR257C,3,0.500,0.000,1.000
1928,639,YPL208W,3,0.500,0.000,1.000
1929,639,YDR198C,3,0.500,0.000,1.000
1930,640,YOR051C,1,0.707,0.000,1.000
1931,640,YER049W,1,0.707,0.000,1.000
1932,641,YNL078W,2,0.577,0.000,1.000
1933,641,YOL070C,2,0.577,0.000,1.000
1934,641,YPL158C,2,0.577,0.000,1.000
1935,642,YFL057C,2,0.577,0.000,1.000
1936,642,YFL056C,2,0.577,0.000,1.000
1937,642,YDL243C,2,0.577,0.000,1.000
1938,643,YAL004W,1,0.707,0.000,1.000
1939,643,YOR053W,1,0.707,0.000,1.000
1940,644,YDR545W,1,0.707,0.000,1.000
1941,644,YDR545C-A,1,0.707,0.000,1.000
1942,645,YOR396C-A,2,0.707,1.000,1.000
1943,646,YPL058C,1,0.707,0.000,1.000
1944,646,YML076C,1,0.707,0.000,1.000
1945,647,YMR204C,1,0.707,0.000,1.000
1946,647,YMR163C,1,0.707,0.000,1.000
1947,648,YLR343W,1,0.354,0.000,0.250
1948,648,YOL030W,1,0.354,0.000,0.250
1949,648,YOR386W,4,0.707,1.000,1.000
1950,648,YOL132W,1,0.354,0.000,0.250
1951,648,YMR215W,1,0.354,0.000,0.250
1952,649,YOR252W,1,0.707,0.000,1.000
1953,649,YDR514C,1,0.707,0.000,1.000
1954,650,YOL110W,1,0.707,0.000,1.000
1955,650,YLR246W,1,0.707,0.000,1.000
1956,651,YER071C,1,0.707,0.000,1.000
1957,651,YIR003W,1,0.707,0.000,1.000
1958,652,YKR093W,2,0.707,1.000,1.000
1959,653,YDL144C,1,0.707,0.000,1.000
1960,653,YFR018C,1,0.707,0.000,1.000
1961,654,YOR242C,1,0.707,0.000,1.000
1962,654,YOR255W,1,0.707,0.000,1.000
1963,655,YJL059W,0,1.000,0.000,1.000
1964,656,YCL001W-A,2,0.577,0.000,1.000
1965,656,YCL042W,2,0.577,0.000,1.000
1966,656,YCR024C-B,2,0.577,0.000,1.000
1967,657,YBL049W,1,0.707,0.000,1.000
1968,657,YBL048W,1,0.707,0.000,1.000
1969,658,YGL140C,2,0.707,1.000,1.000
1970,659,YHR101C,1,0.707,0.000,1.000
1971,659,YMR200W,1,0.707,0.000,1.000
1972,660,YDR186C,1,0.707,0.000,1.000
1973,660,YLR065C,1,0.707,0.000,1.000
1974,661,YNL199C,2,0.707,1.000,1.000
1975,662,YJL223C,20,0.239,0.016,1.000
1976,662,YIR041W,20,0.239,0.016,1.000
1977,662,YFL020C,20,0.239,0.016,1.000
1978,662,YMR325W,20,0.239,0.016,1.000
1979,662,YCR104W,20,0.239,0.016,1.000
1980,662,YIL176C,20,0.239,0.016,1.000
1981,663,YNL149C,1,0.707,0.000,1.000
1982,663,YNL158W,1,0.707,0.000,1.000
1983,664,YCR089W,1,0.707,0.000,1.000
1984,664,YNR044W,1,0.707,0.000,1.000
1985,665,YPL006W,2,0.707,1.000,1.000
1986,666,YGL222C,1,0.707,0.000,1.000
1987,666,YER035W,1,0.707,0.000,1.000
1988,667,YDR403W,2,0.707,1.000,1.000
1989,668,YLL056C,2,0.707,1.000,1.000
1990,669,YKL164C,1,0.707,0.000,1.000
1991,669,YJL159W,1,0.707,0.000,1.000
1992,670,YDR250C,1,0.707,0.000,1.000
1993,670,YGR045C,1,0.707,0.000,1.000
1994,671,YER039C,1,0.707,0.000,1.000
1995,671,YER039C-A,1,0.707,0.000,1.000
1996,672,YBL109W,3,0.500,0.000,1.000
1997,672,YBL113W-A,3,0.500,0.000,1.000
1998,672,YBL113C,3,0.500,0.000,1.000
1999,672,YBL111C,3,0.500,0.000,1.000
2000,673,YEL004W,1,0.707,0.000,1.000
2001,673,YML038C,1,0.707,0.000,1.000
2002,674,YDR085C,1,0.707,0.000,1.000
2003,674,YER158C,1,0.707,0.000,1.000
2004,675,YPL199C,1,0.707,0.000,1.000
2005,675,YKL047W,1,0.707,0.000,1.000
2006,676,YLR465C,1,0.707,0.000,1.000
2007,676,YLR463C,1,0.707,0.000,1.000
2008,677,YLR467C-A,1,0.707,0.000,1.000
2009,677,YLR466C-B,1,0.707,0.000,1.000
2010,678,YNL101W,2,0.602,0.667,0.667
2011,678,YCL038C,2,0.602,0.667,0.667
2012,679,YGL102C,2,0.707,1.000,1.000
2013,680,YHR217C,2,0.473,0.000,0.500
2014,680,YDR543C,4,0.636,0.833,1.000
2015,681,YHR219W,0,1.000,0.000,1.000
2016,682,YJR162C,3,0.524,0.083,0.750
2017,682,YNL337W,4,0.583,0.583,1.000
2018,683,YER188C-A,2,0.577,0.000,1.000
2019,683,YER190W,2,0.577,0.000,1.000
2020,683,YER189W,2,0.577,0.000,1.000
2021,684,YHL049C,0,1.000,0.000,1.000
2022,685,YCL012C,1,0.707,0.000,1.000
2023,685,YHL050W-A,1,0.707,0.000,1.000
2024,686,YNL033W,3,0.500,0.250,0.750
2025,686,YNL019C,3,0.500,0.250,0.750
2026,687,YIL088C,1,0.707,0.000,1.000
2027,687,YKL146W,1,0.707,0.000,1.000
