0,4932.Q0010
0,4932.Q0017
0,4932.Q0143
0,4932.Q0092
0,4932.Q0182
0,4932.Q0297
0,4932.Q0142
0,4932.Q0032
1,4932.YPL135W
1,4932.YJR122W
1,4932.YLL027W
1,4932.YPR067W
1,4932.YPL252C
1,4932.YCL017C
1,4932.YDL120W
1,4932.YOR196C
1,4932.YMR301C
1,4932.YLR369W
1,4932.YKL040C
1,4932.YER048W-A
1,4932.YGL018C
1,4932.YOR226C
1,4932.YPL059W
1,4932.YAL044W-A
1,4932.YAL046C
2,4932.YGL043W
2,4932.YDL140C
2,4932.YOR151C
2,4932.YJR063W
2,4932.YDL005C
2,4932.YPR086W
2,4932.YOR194C
2,4932.YIL021W
2,4932.YPR187W
2,4932.YDR030C
2,4932.YER171W
2,4932.YBR154C
2,4932.YOR210W
2,4932.YMR039C
2,4932.YOR224C
2,4932.YHR143W-A
2,4932.YPL228W
2,4932.YML010W
2,4932.YDL115C
2,4932.YDR527W
2,4932.YLR418C
2,4932.YGR186W
2,4932.YKL160W
2,4932.YKL028W
2,4932.YJR017C
2,4932.YNL025C
2,4932.YJR052W
2,4932.YPR056W
2,4932.YOR123C
2,4932.YGR116W
2,4932.YER161C
2,4932.YJR072C
2,4932.YKL054C
2,4932.YKR062W
2,4932.YDR308C
2,4932.YPR161C
2,4932.YBR193C
2,4932.YLR005W
2,4932.YJL148W
2,4932.YNR010W
2,4932.YGR005C
2,4932.YHR041C
2,4932.YOL051W
2,4932.YBR279W
2,4932.YGL127C
2,4932.YNL236W
2,4932.YGL244W
2,4932.YPR070W
2,4932.YGL070C
2,4932.YER022W
2,4932.YOL135C
2,4932.YGR104C
2,4932.YPR168W
2,4932.YER139C
2,4932.YDR289C
2,4932.YDR443C
2,4932.YPR133C
2,4932.YOL005C
2,4932.YDR079C-A
2,4932.YDR311W
2,4932.YBR114W
2,4932.YGR063C
2,4932.YLR226W
2,4932.YKL139W
2,4932.YMR277W
2,4932.YPL042C
2,4932.YJL006C
2,4932.YIL143C
2,4932.YPR025C
2,4932.YFR016C
2,4932.YGL151W
2,4932.YJL140W
2,4932.YDR404C
2,4932.YCR081W
2,4932.YGL130W
2,4932.YOR174W
2,4932.YDL108W
2,4932.YDR156W
2,4932.YLR071C
2,4932.YBR236C
2,4932.YPL122C
2,4932.YKL058W
2,4932.YML112W
2,4932.YGL025C
2,4932.YBL093C
2,4932.YBR253W
2,4932.YDR460W
2,4932.YMR112C
2,4932.YHR058C
2,4932.YOR352W
3,4932.YOR207C
3,4932.YDR045C
3,4932.YER148W
3,4932.YDR397C
3,4932.YOR116C
3,4932.YPR110C
3,4932.YDR167W
3,4932.YER164W
3,4932.YPR190C
3,4932.YPR186C
3,4932.YAL001C
3,4932.YNR003C
3,4932.YKL144C
3,4932.YGR246C
3,4932.YDR005C
3,4932.YJL011C
3,4932.YBR123C
3,4932.YNL039W
3,4932.YNL113W
3,4932.YDL150W
3,4932.YKR025W
3,4932.YPL007C
3,4932.YDR362C
3,4932.YNL151C
3,4932.YOR110W
3,4932.YGR047C
3,4932.YLR055C
3,4932.YCR042C
3,4932.YGR274C
3,4932.YBR081C
3,4932.YPL047W
3,4932.YMR223W
3,4932.YMR236W
3,4932.YGL112C
3,4932.YDR392W
3,4932.YMR005W
3,4932.YDL070W
3,4932.YML114C
3,4932.YGL066W
3,4932.YPL082C
3,4932.YBR111W-A
3,4932.YMR227C
3,4932.YBR198C
3,4932.YML098W
3,4932.YPL011C
3,4932.YDR145W
3,4932.YOL148C
3,4932.YER159C
3,4932.YML015C
4,4932.YDR020C
4,4932.YKL216W
4,4932.YOR128C
4,4932.YGR061C
4,4932.YER005W
4,4932.YEL021W
4,4932.YMR271C
4,4932.YKL024C
4,4932.YML106W
4,4932.YEL063C
4,4932.YLR420W
4,4932.YNR012W
4,4932.YLR014C
4,4932.YBR068C
5,4932.YBR031W
5,4932.YDR012W
5,4932.YML063W
5,4932.YLR441C
5,4932.YLR333C
5,4932.YFR032C-A
5,4932.YGR027C
5,4932.YER102W
5,4932.YNL178W
5,4932.YJR123W
5,4932.YBL072C
5,4932.YPL131W
5,4932.YIL018W
5,4932.YFR031C-A
5,4932.YLR061W
5,4932.YJL191W
5,4932.YPL220W
5,4932.YDR450W
5,4932.YOL040C
5,4932.YCR031C
5,4932.YBR048W
5,4932.YML073C
5,4932.YLR448W
5,4932.YNL302C
5,4932.YGL123W
5,4932.YNL067W
5,4932.YAL035W
5,4932.YBR189W
5,4932.YGL103W
5,4932.YOR133W
5,4932.YPL081W
5,4932.YEL054C
5,4932.YEL034W
5,4932.YGR118W
5,4932.YML026C
5,4932.YER117W
5,4932.YLR048W
5,4932.YGL135W
5,4932.YGL147C
5,4932.YDR418W
5,4932.YDR025W
5,4932.YKL006W
5,4932.YKL056C
5,4932.YLR367W
5,4932.YMR260C
5,4932.YPR102C
5,4932.YDR064W
5,4932.YHL015W
5,4932.YJL190C
5,4932.YPR132W
5,4932.YDR385W
5,4932.YHL001W
5,4932.YOL127W
5,4932.YOR063W
5,4932.YGR085C
5,4932.YDL061C
5,4932.YLR388W
5,4932.YOL121C
5,4932.YLR340W
5,4932.YGR214W
5,4932.YKL180W
5,4932.YBL087C
5,4932.YJL177W
5,4932.YLR075W
5,4932.YNL096C
5,4932.YOR096W
5,4932.YGL030W
5,4932.YOR369C
5,4932.YMR116C
5,4932.YLR406C
5,4932.YJR094W-A
5,4932.YPL198W
5,4932.YGR034W
5,4932.YBR181C
5,4932.YMR121C
5,4932.YLR344W
5,4932.YMR143W
5,4932.YDL075W
5,4932.YDL081C
5,4932.YGL076C
5,4932.YDL130W
5,4932.YBR191W
5,4932.YOL120C
5,4932.YPR043W
5,4932.YML024W
5,4932.YHL033C
5,4932.YHR203C
5,4932.YOR293W
5,4932.YBR084C-A
5,4932.YOR234C
5,4932.YDL083C
5,4932.YJR145C
5,4932.YPL079W
5,4932.YMR230W
5,4932.YDR382W
5,4932.YLL045C
5,4932.YDR471W
5,4932.YIL133C
5,4932.YLR029C
5,4932.YDR447C
5,4932.YGL189C
5,4932.YNL002C
5,4932.YPL143W
5,4932.YNL069C
5,4932.YAL003W
5,4932.YHR010W
5,4932.YPL090C
5,4932.YER131W
5,4932.YNL001W
5,4932.YBL027W
5,4932.YOL039W
5,4932.YJL189W
5,4932.YNL301C
5,4932.YDL191W
5,4932.YOR312C
5,4932.YMR242C
5,4932.YPL048W
5,4932.YMR146C
5,4932.YMR309C
5,4932.YFL034C-A
5,4932.YKL081W
5,4932.YLR325C
5,4932.YLR185W
5,4932.YHR021C
5,4932.YIL069C
5,4932.YER074W
5,4932.YMR194W
5,4932.YOR361C
5,4932.YOR167C
5,4932.YGR201C
5,4932.YPL249C-A
5,4932.YDL136W
5,4932.YHR141C
5,4932.YLR264W
5,4932.YGR148C
5,4932.YOR182C
5,4932.YKR057W
5,4932.YDR429C
5,4932.YNL244C
5,4932.YMR142C
5,4932.YBR079C
5,4932.YHR193C
5,4932.YPL037C
5,4932.YIL052C
5,4932.YPR041W
5,4932.YDR500C
5,4932.YKR094C
5,4932.YDL082W
5,4932.YLR287C-A
5,4932.YIL148W
5,4932.YJL136C
5,4932.YKL156W
5,4932.YNL209W
5,4932.YPR016C
5,4932.YGL031C
5,4932.YNL162W
5,4932.YLR150W
5,4932.YER056C-A
5,4932.YBL092W
5,4932.YGR054W
5,4932.YDR091C
5,4932.YLR192C
5,4932.YLR387C
5,4932.YDL133C-A
5,4932.YGR169C-A
5,4932.YJR067C
5,4932.YDR417C
6,4932.Q0045
6,4932.Q0105
6,4932.YML120C
6,4932.Q0055
6,4932.YGL226W
6,4932.YDR178W
6,4932.Q0065
6,4932.YDR119W-A
6,4932.YEL024W
6,4932.Q0275
6,4932.YBR120C
6,4932.YEL039C
6,4932.YBL045C
6,4932.YLR395C
6,4932.Q0060
6,4932.YGL187C
6,4932.YML030W
6,4932.YIL111W
6,4932.YKL141W
6,4932.YHR051W
6,4932.YHR116W
6,4932.YNR018W
6,4932.YIR021W
6,4932.Q0120
6,4932.YBL030C
6,4932.YFR033C
6,4932.Q0050
6,4932.YMR256C
6,4932.YLR163C
6,4932.YMR118C
6,4932.YJL045W
6,4932.YGR174C
6,4932.YDR529C
6,4932.Q0250
6,4932.YHR001W-A
6,4932.YLR038C
6,4932.YKL148C
6,4932.YPL132W
6,4932.Q0070
6,4932.YJL003W
6,4932.YDL067C
6,4932.YPR191W
6,4932.YLL041C
6,4932.YMR145C
6,4932.YDL085W
6,4932.YNL052W
6,4932.YGL191W
6,4932.YGR183C
6,4932.YDL069C
6,4932.YJL166W
6,4932.YOR065W
6,4932.YJR048W
6,4932.YEL059C-A
6,4932.YLR164W
6,4932.YDR379C-A
6,4932.YGR243W
6,4932.YPR010C-A
6,4932.YPR021C
6,4932.YHR162W
7,4932.Q0160
7,4932.Q0085
7,4932.YPR020W
7,4932.Q0080
7,4932.YDL004W
7,4932.YPL078C
7,4932.YJR121W
7,4932.YBR039W
7,4932.YBL099W
7,4932.YKL016C
7,4932.Q0130
7,4932.YDR298C
7,4932.YNR020C
7,4932.YDL185W
7,4932.YBR127C
7,4932.YLR295C
7,4932.YNL315C
7,4932.YML081C-A
7,4932.YCL005W-A
7,4932.YPL271W
7,4932.YHR039C-A
7,4932.YOL077W-A
7,4932.YGR020C
7,4932.YOR332W
7,4932.YMR054W
7,4932.YDR377W
7,4932.YDR322C-A
7,4932.YEL051W
7,4932.YOR161C
7,4932.YHR132C
7,4932.YLR294C
8,4932.YBR265W
8,4932.YMR272C
8,4932.YER019W
8,4932.YDR297W
8,4932.YMR298W
8,4932.YDR294C
8,4932.YHL003C
8,4932.YOR171C
8,4932.YKL008C
8,4932.YLR260W
8,4932.YJL134W
8,4932.YDR541C
8,4932.YBR183W
8,4932.YKR053C
8,4932.YPL087W
9,4932.YDL020C
9,4932.YDL074C
9,4932.YDR457W
9,4932.YGL058W
9,4932.YGL017W
10,4932.YKL203C
10,4932.YJR066W
10,4932.YMR068W
10,4932.YER093C
10,4932.YHR186C
10,4932.YJL058C
10,4932.YJL197W
10,4932.YBR028C
10,4932.YML078W
10,4932.YOL078W
10,4932.YNL006W
10,4932.YNL047C
10,4932.YPL180W
10,4932.YBR270C
10,4932.YMR103C
11,4932.YGR253C
11,4932.YBL057C
11,4932.YBR295W
11,4932.YNL155W
11,4932.YGL048C
11,4932.YEL052W
11,4932.YAL042W
11,4932.YOR157C
11,4932.YPR103W
11,4932.YDR057W
11,4932.YLR207W
11,4932.YBR201W
11,4932.YOL013C
11,4932.YGR232W
11,4932.YDL007W
11,4932.YKR084C
11,4932.YFR052W
11,4932.YDL097C
11,4932.YDL190C
11,4932.YDR411C
11,4932.YMR022W
11,4932.YGR135W
11,4932.YBL058W
11,4932.YGL011C
11,4932.YHR027C
11,4932.YMR314W
11,4932.YDR363W-A
11,4932.YIL075C
11,4932.YKL145W
11,4932.YOR362C
11,4932.YML092C
11,4932.YER012W
11,4932.YER094C
11,4932.YBL041W
11,4932.YFR050C
11,4932.YJL001W
11,4932.YPR108W
11,4932.YOR261C
11,4932.YFR010W
11,4932.YFR004W
11,4932.YHR200W
11,4932.YEL037C
11,4932.YOL038W
11,4932.YFL007W
11,4932.YFL044C
11,4932.YPL144W
11,4932.YGL004C
11,4932.YBR170C
11,4932.YIL007C
11,4932.YEL012W
11,4932.YDR143C
11,4932.YER100W
11,4932.YJR036C
11,4932.YML013W
11,4932.YLR137W
11,4932.YGR048W
11,4932.YOR117W
11,4932.YML074C
11,4932.YDL147W
11,4932.YLR397C
11,4932.YDL126C
11,4932.YOR259C
11,4932.YDR394W
11,4932.YHL030W
11,4932.YMR067C
11,4932.YML029W
11,4932.YPL096W
11,4932.YDR049W
11,4932.YMR264W
11,4932.YER021W
11,4932.YLR421C
11,4932.YER144C
11,4932.YKL090W
11,4932.YJL139C
11,4932.YDR427W
11,4932.YDR333C
11,4932.YJL048C
11,4932.YBR173C
11,4932.YKL206C
11,4932.YKL213C
11,4932.YDL110C
11,4932.YBR273C
11,4932.YLR021W
11,4932.YLR199C
11,4932.YDR330W
11,4932.YBR272C
11,4932.YIL029C
12,4932.YDL114W
13,4932.YBL091C
13,4932.YLR244C
14,4932.YPL069C
14,4932.YMR208W
14,4932.YNR043W
14,4932.YHR190W
14,4932.YHR007C
14,4932.YNL111C
14,4932.YPL117C
14,4932.YPL170W
14,4932.YGL001C
14,4932.YML008C
14,4932.YPL028W
14,4932.YGL012W
14,4932.YML075C
14,4932.YLR450W
14,4932.YHR072W
14,4932.YLR100W
14,4932.YGR175C
14,4932.YMR220W
14,4932.YMR015C
14,4932.YNL280C
14,4932.YMR202W
14,4932.YLR056W
14,4932.YJL167W
14,4932.YGR060W
14,4932.YER044C
14,4932.YML126C
14,4932.YDR213W
15,4932.YDL064W
15,4932.YER038C
15,4932.YDR510W
15,4932.YMR219W
15,4932.YDR390C
15,4932.YIL031W
15,4932.YPL020C
15,4932.YDR409W
15,4932.YOR156C
15,4932.YDR288W
15,4932.YLL035W
15,4932.YPR180W
15,4932.YEL019C
15,4932.YLR007W
15,4932.YDL013W
15,4932.YDL105W
15,4932.YML023C
16,4932.YLR089C
16,4932.YDR111C
16,4932.YGR124W
16,4932.YPR145W
16,4932.YOL058W
16,4932.YOR375C
16,4932.YDL215C
16,4932.YAL062W
16,4932.YDR321W
16,4932.YLR027C
16,4932.YER052C
16,4932.YKL106W
16,4932.YOR388C
16,4932.YOR285W
17,4932.YKL211C
17,4932.YOR202W
17,4932.YDR007W
17,4932.YIL116W
17,4932.YBR166C
17,4932.YGL026C
17,4932.YER055C
17,4932.YCL030C
17,4932.YHR063C
17,4932.YDR354W
17,4932.YBR248C
17,4932.YBR249C
17,4932.YDR127W
17,4932.YGL148W
17,4932.YIL020C
17,4932.YNL316C
17,4932.YPR060C
17,4932.YFR025C
17,4932.YNR033W
17,4932.YBR235W
17,4932.YDR035W
17,4932.YMR289W
17,4932.YER090W
18,4932.YKL001C
18,4932.YFR030W
18,4932.YOL064C
18,4932.YGL254W
18,4932.YBR213W
18,4932.YJR010W
18,4932.YKR069W
18,4932.YJR137C
18,4932.YPR167C
18,4932.YNL277W
18,4932.YDR530C
18,4932.YCL007C
18,4932.YCL050C
19,4932.YKL149C
19,4932.YHR086W
19,4932.YGL064C
19,4932.YBL074C
19,4932.YMR288W
19,4932.YKL173W
19,4932.YPR152C
19,4932.YPR082C
19,4932.YNR011C
19,4932.YBR237W
19,4932.YKL074C
19,4932.YPR178W
19,4932.YJR050W
19,4932.YDR163W
19,4932.YNR032C-A
19,4932.YBR119W
19,4932.YBL026W
19,4932.YDR364C
19,4932.YDR416W
19,4932.YGR006W
19,4932.YKR086W
19,4932.YGR278W
19,4932.YER146W
19,4932.YBR055C
19,4932.YLR275W
19,4932.YNL147W
19,4932.YPR101W
19,4932.YGR074W
19,4932.YDL043C
19,4932.YDR482C
19,4932.YPL213W
19,4932.YER172C
19,4932.YHR165C
19,4932.YLR424W
19,4932.YLR147C
19,4932.YGL128C
19,4932.YER112W
19,4932.YPL151C
19,4932.YDR378C
19,4932.YAL032C
19,4932.YLL036C
19,4932.YPL064C
19,4932.YMR240C
19,4932.YMR213W
19,4932.YDR243C
19,4932.YDR473C
19,4932.YLR323C
19,4932.YPR169W
19,4932.YGL174W
19,4932.YIR005W
19,4932.YOR308C
19,4932.YML049C
19,4932.YJR022W
19,4932.YLR438C-A
19,4932.YIL041W
19,4932.YPR094W
19,4932.YGR091W
19,4932.YGR013W
19,4932.YKL012W
19,4932.YIL061C
19,4932.YGR093W
19,4932.YER013W
19,4932.YJL203W
19,4932.YOR319W
19,4932.YDL087C
19,4932.YPR057W
19,4932.YFR005C
19,4932.YIR009W
19,4932.YDL209C
19,4932.YER029C
19,4932.YLR016C
19,4932.YDR235W
19,4932.YBR188C
19,4932.YDR088C
19,4932.YHR156C
19,4932.YLR117C
19,4932.YBR065C
19,4932.YNL286W
19,4932.YBR152W
19,4932.YMR268C
19,4932.YCR063W
19,4932.YNL138W-A
19,4932.YOR159C
19,4932.YPR182W
19,4932.YFL017W-A
19,4932.YGR129W
19,4932.YDL098C
19,4932.YLR298C
19,4932.YGR075C
19,4932.YKR022C
19,4932.YDL030W
19,4932.YML046W
19,4932.YKL095W
19,4932.YNL245C
19,4932.YOR148C
19,4932.YDR240C
19,4932.YNL187W
19,4932.YKL183W
20,4932.YPL190C
20,4932.YMR287C
20,4932.YNL251C
20,4932.YOR017W
20,4932.YDR374C
20,4932.YOL021C
20,4932.YDR293C
20,4932.YOR076C
20,4932.YOR001W
20,4932.YDL175C
20,4932.YOL115W
20,4932.YIL079C
20,4932.YHR069C
20,4932.YJL050W
20,4932.YLR398C
20,4932.YGR195W
20,4932.YHR081W
20,4932.YDR370C
20,4932.YNL299W
20,4932.YNL232W
20,4932.YGR095C
20,4932.YLR430W
20,4932.YGR158C
20,4932.YDR280W
20,4932.YDL111C
20,4932.YGL213C
20,4932.YOL142W
20,4932.YCR035C
20,4932.YNR024W
20,4932.YPR189W
21,4932.YIL099W
21,4932.YIL162W
21,4932.YLR300W
21,4932.YGR289C
22,4932.YAL058W
22,4932.YDR304C
22,4932.YOL031C
22,4932.YLR378C
22,4932.YPR037C
22,4932.YKL100C
22,4932.YGR284C
22,4932.YER087C-B
22,4932.YJL034W
22,4932.YDR086C
22,4932.YLR292C
22,4932.YBR171W
22,4932.YPL094C
22,4932.YER019C-A
22,4932.YOR254C
22,4932.YCL043C
22,4932.YML019W
22,4932.YOR288C
22,4932.YOR085W
22,4932.YDR518W
22,4932.YIL005W
22,4932.YEL002C
22,4932.YOL088C
22,4932.YGL022W
22,4932.YDL229W
22,4932.YKL073W
22,4932.YFR041C
22,4932.YFL031W
22,4932.YHR057C
22,4932.YDR519W
22,4932.YML130C
22,4932.YHR079C
22,4932.YMR214W
22,4932.YJL002C
22,4932.YOR103C
22,4932.YGL226C-A
22,4932.YCL001W
22,4932.YBR220C
22,4932.YBR219C
22,4932.YHR204W
22,4932.YMR149W
22,4932.YLR104W
22,4932.YDL232W
22,4932.YBR287W
22,4932.YDR438W
23,4932.YJL194W
23,4932.YNL290W
23,4932.YNL088W
23,4932.YBR252W
23,4932.YJL090C
23,4932.YOL094C
23,4932.YDR325W
23,4932.YDL164C
23,4932.YNL312W
23,4932.YDL102W
23,4932.YOL006C
23,4932.YBR202W
23,4932.YLR274W
23,4932.YBL097W
23,4932.YLR086W
23,4932.YBR060C
23,4932.YDR013W
23,4932.YMR078C
23,4932.YIR008C
23,4932.YNL102W
23,4932.YCL061C
23,4932.YHR191C
23,4932.YBL023C
23,4932.YML058W-A
23,4932.YPL008W
23,4932.YIL139C
23,4932.YNL262W
23,4932.YFR031C
23,4932.YJR068W
23,4932.YKL045W
23,4932.YNL273W
23,4932.YBR087W
23,4932.YEL032W
23,4932.YLR272C
23,4932.YDL017W
23,4932.YPR175W
23,4932.YLL004W
23,4932.YGL201C
23,4932.YMR048W
23,4932.YOR217W
23,4932.YBR278W
23,4932.YPR135W
23,4932.YNL261W
23,4932.YJR006W
23,4932.YPR019W
23,4932.YDR052C
23,4932.YBL035C
23,4932.YLR103C
23,4932.YML065W
23,4932.YPR162C
23,4932.YHR118C
23,4932.YIL150C
23,4932.YJL072C
23,4932.YGL113W
23,4932.YCL016C
23,4932.YJL173C
23,4932.YOR060C
23,4932.YKL108W
23,4932.YOL146W
23,4932.YDR489W
23,4932.YJR046W
24,4932.YOR187W
25,4932.YDL202W
25,4932.YKL155C
25,4932.YPR166C
25,4932.YOR158W
25,4932.YJR113C
25,4932.YGL107C
25,4932.YPL013C
25,4932.YNR037C
25,4932.YBR251W
25,4932.YNR036C
25,4932.YLR439W
25,4932.YBL038W
25,4932.YDR462W
25,4932.YEL050C
25,4932.YLR069C
25,4932.YDR405W
25,4932.YML009C
25,4932.Q0140
25,4932.YGR150C
25,4932.YKL011C
25,4932.YCR071C
25,4932.YDR036C
25,4932.YDR041W
25,4932.YGR220C
25,4932.YNL185C
25,4932.YHR147C
25,4932.YMR193W
25,4932.YNL137C
25,4932.YCR046C
25,4932.YDR347W
25,4932.YNL081C
25,4932.YJR101W
25,4932.YHL004W
25,4932.YDR337W
25,4932.YDR237W
25,4932.YHR038W
25,4932.YJL063C
25,4932.YPL183W-A
25,4932.YCR003W
25,4932.YKL170W
25,4932.YNL284C
25,4932.YNL177C
25,4932.YNL306W
25,4932.YMR158W
25,4932.YDR116C
25,4932.YDR494W
25,4932.YER050C
25,4932.YBR146W
25,4932.YKL003C
25,4932.YGL068W
25,4932.YGR084C
25,4932.YOR150W
25,4932.YMR286W
25,4932.YMR188C
25,4932.YNL122C
25,4932.YML025C
25,4932.YNL005C
25,4932.YDR115W
25,4932.YBR122C
25,4932.YDR322W
25,4932.YDL045W-A
25,4932.YKR085C
25,4932.YKL138C
25,4932.YPL173W
25,4932.YPR100W
25,4932.YGR165W
25,4932.YLR312W-A
25,4932.YDR175C
25,4932.YKR006C
25,4932.YHR059W
25,4932.YGR215W
25,4932.YMR024W
25,4932.YBL090W
25,4932.YNL252C
25,4932.YJL096W
25,4932.YGL129C
25,4932.YNR022C
25,4932.YPL118W
25,4932.YBR282W
25,4932.YIL093C
25,4932.YGR076C
25,4932.YBR268W
25,4932.YMR225C
25,4932.YPR099C
26,4932.YOR257W
26,4932.YOL072W
26,4932.YPR045C
26,4932.YML011C
27,4932.YPL172C
27,4932.YER141W
27,4932.YDR305C
28,4932.YGR033C
28,4932.YDR375C
28,4932.YLR008C
28,4932.YMR203W
28,4932.YNL055C
28,4932.YIL022W
28,4932.YNR017W
28,4932.YML054C
28,4932.YLR348C
28,4932.YGR082W
28,4932.YHR024C
28,4932.YLR259C
28,4932.YNL310C
28,4932.YNL026W
28,4932.YMR056C
28,4932.YPL063W
28,4932.YDL217C
28,4932.YBR044C
28,4932.YJL143W
28,4932.YNL121C
28,4932.YOR297C
28,4932.YNL131W
28,4932.YLR099W-A
28,4932.YPR133W-A
28,4932.YJL054W
28,4932.YBR091C
28,4932.YNL070W
28,4932.YGL219C
28,4932.YAL010C
28,4932.YLR072W
28,4932.YOR045W
28,4932.YJL104W
28,4932.YOL009C
28,4932.YKR065C
28,4932.YLL006W
28,4932.YPL098C
28,4932.YHR083W
28,4932.YMR060C
28,4932.YOL026C
28,4932.YHR194W
29,4932.YML091C
29,4932.YAL033W
29,4932.YLR105C
29,4932.YBR257W
29,4932.YNL221C
29,4932.YHR062C
29,4932.YMR059W
29,4932.YLR145W
29,4932.YBL018C
29,4932.YIR015W
29,4932.YBR167C
29,4932.YGR030C
29,4932.YNL282W
29,4932.YDR478W
30,4932.YGR021W
30,4932.YBR037C
30,4932.YJL062W-A
30,4932.YML129C
30,4932.YPL189C-A
30,4932.YLR203C
30,4932.YBR024W
30,4932.YGR112W
30,4932.YIL157C
31,4932.YKL192C
31,4932.YDR493W
32,4932.YLR067C
32,4932.YDL044C
32,4932.YFL036W
33,4932.YGL143C
33,4932.YHR168W
33,4932.YOR201C
34,4932.YDR148C
34,4932.YLR239C
34,4932.YGR193C
34,4932.YBR221C
34,4932.YER178W
34,4932.YFR049W
34,4932.YFL018C
34,4932.YHR076W
34,4932.YKL029C
34,4932.YNL036W
34,4932.YIL042C
34,4932.YPL017C
35,4932.YHR066W
35,4932.YNL182C
35,4932.YPR010C
35,4932.YDR194C
35,4932.YDR312W
35,4932.YIL091C
35,4932.YMR229C
35,4932.YER168C
35,4932.YHR148W
35,4932.YOR341W
35,4932.YPL266W
35,4932.YDR101C
35,4932.YNL163C
35,4932.YKL009W
35,4932.YBR192W
35,4932.YKL078W
35,4932.YMR128W
35,4932.YIR026C
35,4932.YDL014W
35,4932.YPL239W
35,4932.YCL059C
35,4932.YGL019W
35,4932.YMR093W
35,4932.YDR449C
35,4932.YKR092C
35,4932.YNL062C
35,4932.YNL227C
35,4932.YER126C
35,4932.YHR089C
35,4932.YMR290C
35,4932.YOR310C
35,4932.YLR009W
35,4932.YBR142W
35,4932.YOR272W
35,4932.YER036C
35,4932.YDR083W
35,4932.YOR039W
35,4932.YMR239C
35,4932.YLR197W
35,4932.YKL172W
35,4932.YDL208W
35,4932.YGR103W
35,4932.YER156C
35,4932.YOL077C
35,4932.YLR175W
35,4932.YOR061W
35,4932.YEL026W
35,4932.YIL035C
35,4932.YLR186W
35,4932.YOR046C
35,4932.YBL004W
35,4932.YPL146C
35,4932.YKL082C
35,4932.YPL093W
35,4932.YHR197W
35,4932.YLR449W
35,4932.YLR106C
35,4932.YGR090W
35,4932.YDL031W
35,4932.YHR065C
35,4932.YKR024C
35,4932.YJL033W
35,4932.YNL112W
35,4932.YLR276C
35,4932.YGR159C
35,4932.YBR034C
35,4932.YNR038W
35,4932.YMR131C
35,4932.YMR049C
35,4932.YHR169W
35,4932.YGL099W
35,4932.YOR294W
35,4932.YKR081C
35,4932.YNL124W
35,4932.YLR409C
35,4932.YHR170W
35,4932.YPL226W
35,4932.YGL078C
35,4932.YLR022C
35,4932.YDR184C
35,4932.YGL120C
35,4932.YDR161W
35,4932.YFL002C
35,4932.YER006W
35,4932.YGR187C
35,4932.YLL008W
35,4932.YLL034C
35,4932.YBR267W
35,4932.YLR222C
35,4932.YDL167C
35,4932.YDR087C
35,4932.YPL211W
35,4932.YDR174W
35,4932.YOR340C
35,4932.YDR299W
35,4932.YAL025C
35,4932.YCR087C-A
35,4932.YJR091C
35,4932.YGL014W
35,4932.YCL031C
35,4932.YER127W
35,4932.YKR056W
35,4932.YMR269W
35,4932.YDL051W
35,4932.YOL080C
35,4932.YDR365C
35,4932.YPR112C
35,4932.YNL175C
35,4932.YNR053C
35,4932.YNL061W
35,4932.YDL148C
35,4932.YOR119C
35,4932.YOR145C
35,4932.YPR204W
35,4932.YPR137W
35,4932.YLR129W
35,4932.YKL021C
35,4932.YPL126W
35,4932.YLR002C
35,4932.YMR014W
35,4932.YGL171W
35,4932.YKL014C
35,4932.YLR336C
35,4932.YCR057C
35,4932.YGR145W
35,4932.YLR196W
35,4932.YDL063C
35,4932.YKR060W
35,4932.YDL060W
35,4932.YJL069C
35,4932.YOL041C
35,4932.YNL075W
35,4932.YPL012W
35,4932.YNL308C
35,4932.YNL207W
35,4932.YNL248C
35,4932.YCL054W
35,4932.YDL213C
35,4932.YNL110C
35,4932.YDR398W
35,4932.YLL011W
35,4932.YJR041C
35,4932.YNL132W
35,4932.YJR002W
35,4932.YHR052W
35,4932.YPL043W
35,4932.YDR060W
35,4932.YJL010C
35,4932.YEL055C
35,4932.YML093W
35,4932.YJL109C
35,4932.YGR245C
35,4932.YER082C
35,4932.YBR247C
35,4932.YOR206W
35,4932.YJL122W
35,4932.YPL217C
35,4932.YDR496C
35,4932.YNR054C
35,4932.YLR401C
35,4932.YLR068W
35,4932.YCR072C
35,4932.YIR012W
35,4932.YDR412W
35,4932.YOR056C
35,4932.YLR074C
35,4932.YPR143W
35,4932.YPR144C
35,4932.YFR001W
35,4932.YOR004W
35,4932.YHR196W
35,4932.YIL104C
35,4932.YLR051C
35,4932.YDR361C
35,4932.YDR339C
35,4932.YOR078W
35,4932.YGR081C
35,4932.YLR221C
35,4932.YDL153C
35,4932.YGR251W
35,4932.YDR324C
35,4932.YKL099C
35,4932.YAL059W
35,4932.YPL263C
35,4932.YOL022C
35,4932.YGR271C-A
35,4932.YIL127C
35,4932.YOR287C
35,4932.YGR280C
35,4932.YGL029W
35,4932.YLR003C
35,4932.YNL224C
35,4932.YOR309C
35,4932.YKL143W
35,4932.YBL028C
35,4932.YGL111W
35,4932.YOL010W
35,4932.YNL035C
35,4932.YIL019W
35,4932.YOL144W
35,4932.YER002W
35,4932.YHR088W
35,4932.YHR085W
35,4932.YCR016W
35,4932.YLR435W
35,4932.YGR128C
35,4932.YDR514C
36,4932.YBR118W
37,4932.YMR293C
37,4932.YBL080C
37,4932.YGR102C
38,4932.YLR290C
38,4932.YLR201C
38,4932.YNR041C
38,4932.YOL096C
38,4932.YOR125C
38,4932.YOL008W
38,4932.YDR204W
38,4932.YBR003W
38,4932.YGR255C
38,4932.YGL119W
38,4932.YML110C
38,4932.YHR176W
38,4932.YDR539W
38,4932.YPL109C
39,4932.YJL208C
39,4932.YNL305C
39,4932.YOR197W
39,4932.YNL123W
40,4932.YLR304C
40,4932.YNR001C
40,4932.YOR142W
40,4932.YCR005C
40,4932.YGR244C
40,4932.YIL125W
40,4932.YPR001W
40,4932.YKL085W
40,4932.YOL126C
40,4932.YOR136W
40,4932.YNL037C
40,4932.YNL009W
40,4932.YDL066W
40,4932.YPR006C
41,4932.YER053C
41,4932.YMR110C
41,4932.YMR090W
41,4932.YDL130W-A
41,4932.YEL011W
41,4932.YIL136W
41,4932.YKL150W
41,4932.YLR178C
41,4932.YOL052C-A
41,4932.YPL230W
41,4932.YBR072W
41,4932.YDR171W
41,4932.YMR278W
41,4932.YNR034W-A
41,4932.YKL127W
41,4932.YFL014W
41,4932.YBR001C
41,4932.YNR034W
41,4932.YHR087W
41,4932.YGL037C
41,4932.YDR001C
41,4932.YML100W
41,4932.YMR105C
41,4932.YBR126C
41,4932.YML128C
41,4932.YLL023C
41,4932.YOL084W
41,4932.YKL151C
41,4932.YPR184W
41,4932.YNL200C
41,4932.YOR173W
41,4932.YMR250W
41,4932.YNL274C
41,4932.YKL091C
41,4932.YBR054W
41,4932.YPL186C
41,4932.YGR248W
41,4932.YDL204W
41,4932.YBR230C
41,4932.YPL103C
41,4932.YOR374W
41,4932.YLR179C
41,4932.YMR170C
41,4932.YPL061W
41,4932.YER073W
41,4932.YMR169C
41,4932.YCR073W-A
41,4932.YBR214W
41,4932.YJR096W
41,4932.YPR026W
41,4932.YMR196W
41,4932.YDR074W
41,4932.YPL247C
41,4932.YMR261C
41,4932.YOR238W
41,4932.YLR270W
41,4932.YNL194C
41,4932.YNL195C
41,4932.YMR251W-A
41,4932.YNL015W
41,4932.YIL101C
41,4932.YAL060W
41,4932.YDR070C
41,4932.YDL222C
41,4932.YGL121C
41,4932.YER067W
41,4932.YIL165C
41,4932.YHL021C
41,4932.YHR138C
41,4932.YLR252W
41,4932.YLR251W
42,4932.YDL107W
42,4932.YBR185C
43,4932.YDR256C
43,4932.YGR088W
43,4932.YJR104C
44,4932.YPL235W
44,4932.YFL039C
44,4932.YOR181W
44,4932.YJR136C
44,4932.YLR370C
44,4932.YPR085C
44,4932.YCR060W
44,4932.YLR144C
44,4932.YPR031W
44,4932.YBR234C
44,4932.YOR367W
44,4932.YKL079W
44,4932.YFR014C
44,4932.YOR244W
44,4932.YML041C
44,4932.YHR090C
44,4932.YNL243W
44,4932.YLR337C
44,4932.YFL024C
44,4932.YOR141C
44,4932.YNL084C
44,4932.YDR334W
44,4932.YDR485C
44,4932.YOR122C
44,4932.YDR176W
44,4932.YDR359C
44,4932.YMR109W
44,4932.YKR090W
44,4932.YGL106W
44,4932.YDR190C
44,4932.YGR002C
44,4932.YHR023W
44,4932.YDR129C
44,4932.YBR108W
44,4932.YPL242C
44,4932.YOR035C
44,4932.YIR006C
44,4932.YJL081C
44,4932.YDL029W
44,4932.YGR136W
44,4932.YPR154W
44,4932.YNR035C
44,4932.YJR065C
44,4932.YCR088W
44,4932.YNL020C
44,4932.YPL254W
44,4932.YIL034C
44,4932.YKL013C
44,4932.YLL050C
44,4932.YHR034C
44,4932.YDR448W
44,4932.YIL062C
44,4932.YKL129C
44,4932.YHR114W
44,4932.YDL146W
44,4932.YBR231C
44,4932.YNL094W
44,4932.YEL018W
44,4932.YHR099W
44,4932.YAL011W
44,4932.YLR085C
44,4932.YGR099W
44,4932.YLR385C
44,4932.YLR399C
44,4932.YEL044W
44,4932.YER092W
44,4932.YFL013C
44,4932.YPL129W
44,4932.YBL052C
44,4932.YNL215W
44,4932.YNL059C
44,4932.YDL002C
44,4932.YGL150C
44,4932.YJR082C
44,4932.YNL136W
44,4932.YNL107W
44,4932.YPR023C
44,4932.YLR052W
44,4932.YOR189W
44,4932.YKL017C
44,4932.YJL020C
44,4932.YKL033W
44,4932.YDR181C
44,4932.YOR213C
44,4932.YGR252W
44,4932.YKL005C
44,4932.YFR024C-A
44,4932.YLR429W
44,4932.YNL138W
44,4932.YIL159W
44,4932.YOR239W
44,4932.YOR064C
44,4932.YNL079C
44,4932.YKL007W
44,4932.YNL152W
44,4932.YHR040W
44,4932.YPR171W
44,4932.YIL138C
44,4932.YGR080W
44,4932.YDR063W
44,4932.YCL034W
44,4932.YMR092C
44,4932.YOR329C
44,4932.YOR023C
44,4932.YCL010C
44,4932.YCR082W
44,4932.YMR127C
44,4932.YLR455W
44,4932.YER071C
44,4932.YGR211W
45,4932.YDR261C
45,4932.YLR446W
45,4932.YDR342C
45,4932.YFR053C
45,4932.YGL253W
45,4932.YDR516C
45,4932.YCL040W
45,4932.YDR343C
45,4932.YNR073C
45,4932.YMR099C
46,4932.YKR087C
46,4932.YJL102W
46,4932.YGR101W
47,4932.YJR047C
47,4932.YJR070C
48,4932.YAL039C
48,4932.YKL087C
49,4932.YKL195W
49,4932.YMR038C
49,4932.YLL009C
49,4932.YLL018C-A
49,4932.YMR244C-A
49,4932.YGR029W
49,4932.YMR002W
49,4932.YLR218C
49,4932.YJR135W-A
49,4932.YHR005C-A
49,4932.YKL137W
49,4932.YJR034W
49,4932.YKL084W
49,4932.YDR185C
49,4932.YEL020W-A
49,4932.YGR181W
49,4932.YBL059C-A
49,4932.YDR031W
50,4932.YJL130C
51,4932.YMR176W
51,4932.YNL031C
51,4932.YBR010W
51,4932.YJR119C
51,4932.YBR009C
51,4932.YOL054W
51,4932.YDR225W
51,4932.YPL127C
51,4932.YBL003C
51,4932.YNL030W
51,4932.YDR224C
51,4932.YBL002W
51,4932.YER169W
51,4932.YDR096W
51,4932.YOL012C
51,4932.YNL206C
51,4932.YGL207W
51,4932.YPL055C
51,4932.YJL115W
51,4932.YDR440W
51,4932.YOR038C
51,4932.YGR270W
51,4932.YBR195C
51,4932.YLL022C
51,4932.YML069W
51,4932.YNL246W
51,4932.YER051W
51,4932.YBL008W
51,4932.YEL056W
51,4932.YJR140C
51,4932.YJL168C
51,4932.YLL002W
51,4932.YNL186W
51,4932.YPL001W
51,4932.YMR179W
51,4932.YPR018W
51,4932.YDL139C
51,4932.YFR038W
51,4932.YML102W
51,4932.YGL060W
51,4932.YHR109W
51,4932.YER030W
51,4932.YBR215W
52,4932.YMR257C
52,4932.YER153C
53,4932.YOR020C
53,4932.YPL240C
53,4932.YOR027W
53,4932.YDR258C
53,4932.YLL026W
53,4932.YMR186W
53,4932.YJR032W
53,4932.YGR123C
53,4932.YNL281W
53,4932.YLR090W
53,4932.YNL064C
53,4932.YKL117W
53,4932.YDR214W
53,4932.YBR155W
53,4932.YOR298C-A
53,4932.YGR285C
53,4932.YGR268C
53,4932.YMR161W
53,4932.YNL077W
53,4932.YOR057W
53,4932.YDR168W
53,4932.YIL016W
53,4932.YLR216C
53,4932.YNL007C
54,4932.YGR171C
54,4932.YLR382C
54,4932.YOL033W
54,4932.YPL097W
54,4932.YPL104W
54,4932.YPL160W
54,4932.YGR185C
54,4932.YBL076C
54,4932.YOL023W
54,4932.YFL022C
54,4932.YGR094W
54,4932.YOL097C
54,4932.YGR264C
54,4932.YKL194C
54,4932.YDR037W
54,4932.YDR023W
54,4932.YNL073W
54,4932.YHR091C
54,4932.YGL105W
54,4932.YDR341C
54,4932.YPR033C
54,4932.YHR011W
54,4932.YPR047W
54,4932.YLR060W
54,4932.YDR268W
54,4932.YPL040C
54,4932.YCR024C
54,4932.YHR019C
54,4932.YOR335C
54,4932.YOR168W
54,4932.YPR081C
54,4932.YIL078W
54,4932.YER087W
54,4932.YHR020W
54,4932.YGL245W
54,4932.YLL018C
54,4932.YBR121C
54,4932.YNL247W
54,4932.YCR011C
54,4932.YGR024C
54,4932.YGL159W
55,4932.YOL128C
55,4932.YOR026W
55,4932.YAL040C
55,4932.YBR160W
55,4932.YDL056W
55,4932.YER111C
55,4932.YLR131C
55,4932.YDR146C
55,4932.YLR182W
55,4932.YBR135W
55,4932.YMR001C
55,4932.YPR119W
55,4932.YER059W
55,4932.YOR083W
55,4932.YIL144W
55,4932.YDL127W
55,4932.YPL031C
55,4932.YFL029C
55,4932.YOR339C
55,4932.YIL113W
55,4932.YGL215W
55,4932.YBR133C
55,4932.YHR184W
55,4932.YOL001W
55,4932.YPL209C
55,4932.YGR188C
55,4932.YJL030W
55,4932.YGL086W
55,4932.YGL116W
55,4932.YPR120C
55,4932.YJL187C
55,4932.YDL155W
55,4932.YGR108W
55,4932.YPL256C
55,4932.YGL003C
55,4932.YLR210W
55,4932.YMR036C
55,4932.YER167W
55,4932.YMR199W
55,4932.YGR098C
55,4932.YJL013C
55,4932.YGR109C
55,4932.YNL068C
55,4932.YJR059W
55,4932.YDL028C
55,4932.YDL179W
55,4932.YHR071W
55,4932.YNL289W
55,4932.YPL219W
55,4932.YIL050W
55,4932.YGL134W
55,4932.YDR113C
55,4932.YLR079W
55,4932.YNR009W
55,4932.YBR156C
55,4932.YOR372C
55,4932.YKR077W
55,4932.YPL267W
56,4932.YGL205W
56,4932.YER015W
56,4932.YLR389C
56,4932.YIL043C
56,4932.YBR041W
56,4932.YBR222C
56,4932.YAR035W
56,4932.YMR020W
56,4932.YLR151C
56,4932.YLR284C
56,4932.YNL202W
56,4932.YJR019C
56,4932.YKR009C
56,4932.YEL020C
56,4932.YER024W
56,4932.YML042W
57,4932.YPR024W
57,4932.YMR302C
57,4932.YIL114C
57,4932.YBR227C
57,4932.YER017C
57,4932.YMR089C
57,4932.YKR066C
57,4932.YMR115W
57,4932.YCL044C
57,4932.YPL246C
58,4932.YDR019C
58,4932.YJL046W
58,4932.YBL013W
58,4932.YLR058C
58,4932.YKR080W
58,4932.YBR084W
58,4932.YOR074C
58,4932.YDR408C
58,4932.YBR263W
58,4932.YER183C
58,4932.YAL044C
58,4932.YPL023C
58,4932.YGR204W
58,4932.YGL125W
58,4932.YPL113C
58,4932.YOR280C
58,4932.YMR189W
59,4932.YDR197W
60,4932.YGL236C
60,4932.YDL033C
60,4932.YMR023C
61,4932.YOR232W
61,4932.YJR045C
61,4932.YDR376W
61,4932.YNL328C
61,4932.YFL016C
61,4932.YEL030W
62,4932.YJR009C
62,4932.YBR196C
62,4932.YGR192C
62,4932.YJL052W
62,4932.YCR012W
62,4932.YGR254W
62,4932.YDR050C
62,4932.YOR393W
62,4932.YKL060C
62,4932.YHR174W
62,4932.YPL281C
62,4932.YMR323W
62,4932.YAL038W
62,4932.YOL086C
62,4932.YDL021W
62,4932.YOR283W
62,4932.YKL152C
62,4932.YOL056W
62,4932.YOR347C
62,4932.YPR074C
63,4932.YGR267C
63,4932.YOR236W
63,4932.YMR113W
63,4932.YOR241W
63,4932.YKL132C
63,4932.YNL256W
64,4932.YOL122C
64,4932.YCR044C
64,4932.YIL039W
65,4932.YGR231C
65,4932.YBL022C
65,4932.YIL070C
65,4932.YGR132C
65,4932.YPL159C
66,4932.YLR142W
66,4932.YER023W
66,4932.YOR323C
66,4932.YHR033W
66,4932.YLR438W
66,4932.YOR348C
66,4932.YDR300C
66,4932.YHR037W
66,4932.YKL015W
67,4932.YPL234C
67,4932.YHR026W
67,4932.YEL027W
67,4932.YPR036W
67,4932.YOR270C
67,4932.YLR447C
67,4932.YKL080W
67,4932.YKL119C
67,4932.YGR105W
67,4932.YGR106C
67,4932.YHR060W
68,4932.YAL015C
68,4932.YDL200C
68,4932.YOL043C
68,4932.YKL114C
68,4932.YML060W
68,4932.YML021C
68,4932.YBL019W
68,4932.YKL157W
69,4932.YBR179C
69,4932.YIL065C
69,4932.YOR211C
69,4932.YLL001W
69,4932.YLR368W
69,4932.YDR470C
69,4932.YJL112W
69,4932.YKR036C
70,4932.Q0075
70,4932.Q0115
71,4932.YNR045W
71,4932.YGR222W
71,4932.YMR150C
72,4932.YOR266W
72,4932.YGR062C
73,4932.YKR016W
73,4932.YGR235C
73,4932.YFR011C
73,4932.YCL057C-A
73,4932.YNL100W
73,4932.YBR262C
74,4932.YDL174C
74,4932.YML004C
74,4932.YDL178W
74,4932.YOR391C
74,4932.YMR322C
74,4932.YDR533C
74,4932.YPL280W
74,4932.YDR272W
74,4932.YOL151W
74,4932.YOR040W
74,4932.YEL071W
74,4932.YNL134C
75,4932.YHR129C
76,4932.YGR240C
76,4932.YMR205C
76,4932.YLR377C
76,4932.YOL136C
76,4932.YJL155C
76,4932.YLR345W
76,4932.YIL107C
76,4932.YKL217W
77,4932.YIL155C
77,4932.YDL022W
77,4932.YOL059W
77,4932.YHL032C
77,4932.YOR120W
77,4932.YML070W
77,4932.YIL053W
77,4932.YMR318C
77,4932.YER062C
77,4932.YCR105W
77,4932.YFL053W
78,4932.YKL053C-A
78,4932.YLR193C
78,4932.YLR168C
79,4932.YPL188W
79,4932.YDR242W
79,4932.YJR049C
79,4932.YGR205W
80,4932.YHR053C
80,4932.YHR055C
80,4932.YOR031W
80,4932.YGL166W
81,4932.YLR034C
81,4932.YBR207W
82,4932.YCL018W
83,4932.YOL140W
83,4932.YJL088W
83,4932.YHR018C
83,4932.YER175C
83,4932.YER069W
83,4932.YPL111W
83,4932.YJL071W
83,4932.YMR062C
83,4932.YOR130C
84,4932.YKL109W
84,4932.YOR358W
84,4932.YBL021C
84,4932.YGL237C
85,4932.YDR263C
85,4932.YDR004W
85,4932.YER142C
85,4932.YDR419W
85,4932.YER095W
85,4932.YOR346W
85,4932.YMR190C
85,4932.YJL092W
85,4932.YER041W
85,4932.YOR033C
85,4932.YKL113C
85,4932.YBR088C
85,4932.YHR031C
85,4932.YBR136W
85,4932.YOR258W
85,4932.YML061C
85,4932.YDL156W
85,4932.YCR092C
85,4932.YBR073W
85,4932.YPL167C
85,4932.YDR499W
85,4932.YMR201C
85,4932.YDR386W
85,4932.YBR098W
85,4932.YAR007C
85,4932.YAL027W
85,4932.YML095C
85,4932.YHR164C
85,4932.YML032C
85,4932.YPL022W
85,4932.YJR043C
85,4932.YLR032W
85,4932.YAL019W
85,4932.YDL059C
85,4932.YPL153C
85,4932.YLR135W
85,4932.YLR234W
85,4932.YBR228W
85,4932.YDR076W
85,4932.YMR167W
85,4932.YBR274W
85,4932.YGL163C
85,4932.YPL024W
85,4932.YBL088C
85,4932.YDR097C
85,4932.YOL090W
85,4932.YLR247C
85,4932.YHR154W
85,4932.YOR191W
85,4932.YNL218W
85,4932.YCR066W
85,4932.YNL082W
85,4932.YOR368W
85,4932.YMR137C
85,4932.YLR035C
85,4932.YER173W
85,4932.YMR224C
85,4932.YDR217C
85,4932.YLR288C
85,4932.YPL194W
85,4932.YOR144C
85,4932.YDR369C
85,4932.YHR134W
85,4932.YDR363W
85,4932.YOL063C
85,4932.YDR014W-A
86,4932.YDR231C
87,4932.YBR085W
87,4932.YGR037C
87,4932.YBR291C
87,4932.YPR032W
87,4932.YGL233W
87,4932.YPR055W
87,4932.YJL204C
87,4932.YLR166C
87,4932.YFL005W
87,4932.YBR102C
87,4932.YJL085W
87,4932.YDR166C
87,4932.YIL068C
87,4932.YBR264C
87,4932.YDR164C
87,4932.YBL106C
87,4932.YGL104C
87,4932.YBR241C
87,4932.YGR009C
87,4932.YNL272C
87,4932.YER008C
87,4932.YJR141W
87,4932.YPR017C
88,4932.YOL027C
88,4932.YER154W
89,4932.YGL040C
89,4932.YDR047W
89,4932.YDR232W
89,4932.YDL205C
89,4932.YDR044W
89,4932.YDL119C
89,4932.YOR278W
89,4932.YLR205C
89,4932.YOR176W
90,4932.YMR080C
90,4932.YGL173C
90,4932.YNL118C
90,4932.YER176W
91,4932.YPL029W
91,4932.YMR228W
91,4932.YOR330C
92,4932.YHR008C
92,4932.YHR050W
92,4932.YGR257C
93,4932.YNL071W
93,4932.YIR034C
93,4932.YDR234W
93,4932.YJL200C
93,4932.YNR050C
93,4932.YLR153C
93,4932.YBL015W
93,4932.YJR095W
93,4932.YDL182W
93,4932.YDL131W
93,4932.YNR016C
93,4932.YAL054C
93,4932.YER065C
93,4932.YMR207C
93,4932.YEL041W
93,4932.YIR031C
93,4932.YNL117W
93,4932.YKR097W
94,4932.YDR270W
94,4932.YNL259C
94,4932.YOR356W
95,4932.YKL049C
95,4932.YIR010W
95,4932.YGL093W
95,4932.YPL233W
95,4932.YER018C
95,4932.YAL034W-A
95,4932.YDR201W
95,4932.YDR318W
95,4932.YGL061C
95,4932.YDR016C
95,4932.YDR254W
95,4932.YBR107C
95,4932.YPL018W
95,4932.YFR046C
95,4932.YBR211C
95,4932.YLR381W
95,4932.YHR199C-A
95,4932.YMR117C
95,4932.YDR532C
95,4932.YDR320C-A
95,4932.YGR179C
95,4932.YJR112W
95,4932.YLR315W
95,4932.YKR083C
95,4932.YGR113W
95,4932.YKL089W
95,4932.YKL052C
95,4932.YDR374W-A
95,4932.YPR046W
95,4932.YBR233W-A
95,4932.YOL069W
95,4932.YDR383C
95,4932.YKR037C
95,4932.YJR135C
95,4932.YKL138C-A
96,4932.YMR234W
96,4932.YNL072W
96,4932.YDR279W
96,4932.YLR154C
97,4932.YGR208W
97,4932.YOR184W
98,4932.YFL037W
98,4932.YML124C
98,4932.YML085C
98,4932.YOR349W
98,4932.YER007W
98,4932.YPL241C
98,4932.YMR138W
98,4932.YMR198W
98,4932.YPL253C
98,4932.YOR265W
98,4932.YNL148C
99,4932.YLR393W
99,4932.YJL180C
100,4932.YLR384C
100,4932.YGL211W
100,4932.YNR046W
100,4932.YML014W
100,4932.YJR097W
100,4932.YNL119W
100,4932.YIL008W
100,4932.YAL020C
100,4932.YPL086C
100,4932.YGR200C
100,4932.YMR312W
100,4932.YHR111W
100,4932.YKL191W
100,4932.YLR172C
100,4932.YBL071W-A
100,4932.YBR246W
100,4932.YPL101W
100,4932.YKL110C
100,4932.YIL103W
100,4932.YER057C
100,4932.YHR187W
101,4932.YDR296W
102,4932.YPL215W
103,4932.YBR017C
103,4932.YOR185C
103,4932.YER009W
103,4932.YDR335W
103,4932.YMR308C
103,4932.YLR347C
103,4932.YJR074W
103,4932.YLR293C
103,4932.YER110C
103,4932.YOR160W
103,4932.YNL189W
103,4932.YGL097W
103,4932.YMR235C
103,4932.YGL016W
103,4932.YDR395W
103,4932.YGL238W
103,4932.YJR132W
103,4932.YPL125W
103,4932.YOR112W
103,4932.YGL241W
103,4932.YLR271W
104,4932.YCR053W
105,4932.YPR155C
105,4932.YIL087C
106,4932.Q0110
107,4932.YPR080W
108,4932.YPL262W
108,4932.YDL078C
109,4932.YMR097C
109,4932.YOR205C
109,4932.YLR289W
109,4932.YGL136C
109,4932.YBR025C
109,4932.YNL022C
109,4932.YMR310C
109,4932.YGR283C
110,4932.YKL067W
111,4932.YOL102C
111,4932.YAR008W
111,4932.YPL083C
111,4932.YJL087C
112,4932.YPR042C
112,4932.YDL224C
113,4932.YNL188W
113,4932.YLL003W
113,4932.YGL075C
113,4932.YLR457C
113,4932.YPL255W
114,4932.YJR105W
114,4932.YGL234W
114,4932.YBL039C
114,4932.YJR103W
114,4932.YLR359W
114,4932.YDR226W
114,4932.YER170W
114,4932.YNL220W
114,4932.YML056C
114,4932.YML022W
114,4932.YDR454C
114,4932.YLR432W
114,4932.YDR441C
114,4932.YDR399W
114,4932.YJR133W
114,4932.YDL166C
114,4932.YLR028C
114,4932.YMR120C
114,4932.YJL055W
114,4932.YML035C
114,4932.YNL141W
114,4932.YHR216W
114,4932.YDL238C
115,4932.YDR381W
115,4932.YNL139C
115,4932.YDL084W
115,4932.YDR159W
115,4932.YHR167W
115,4932.YPL169C
115,4932.YNL004W
115,4932.YNL253W
115,4932.YDR138W
115,4932.YML062C
115,4932.YCL011C
115,4932.YKL186C
115,4932.YKL214C
116,4932.YAL024C
116,4932.YOR373W
116,4932.YMR055C
116,4932.YML064C
116,4932.YFR028C
116,4932.YGR092W
116,4932.YOR195W
116,4932.YAR019C
116,4932.YOR233W
116,4932.YJR053W
116,4932.YJL076W
116,4932.YPR111W
116,4932.YHR152W
116,4932.YDR110W
116,4932.YIL106W
116,4932.YAR014C
116,4932.YKR101W
116,4932.YKR010C
117,4932.YER179W
117,4932.YHL022C
117,4932.YPL164C
117,4932.YGL175C
117,4932.YGL251C
117,4932.YBR186W
117,4932.YHR014W
117,4932.YGL033W
117,4932.YNL250W
117,4932.YFL003C
117,4932.YDR285W
117,4932.YDL154W
117,4932.YGL183C
117,4932.YOR351C
117,4932.YIL072W
117,4932.YGL249W
117,4932.YLR394W
117,4932.YIL073C
117,4932.YLR263W
117,4932.YHR153C
118,4932.YGL122C
118,4932.YGL172W
118,4932.YHL023C
118,4932.YJL041W
118,4932.YOR098C
118,4932.YKR095W
118,4932.YMR047C
118,4932.YIL149C
118,4932.YOL138C
118,4932.YDR002W
118,4932.YHR035W
118,4932.YKR082W
118,4932.YJR042W
118,4932.YJL039C
118,4932.YFR002W
118,4932.YKL068W
118,4932.YDR192C
118,4932.YDL116W
118,4932.YGL092W
118,4932.YOL032W
118,4932.YGR119C
118,4932.YDL088C
118,4932.YKL057C
118,4932.YIL115C
118,4932.YAR002W
118,4932.YBL079W
118,4932.YLR335W
118,4932.YML103C
118,4932.YJL061W
118,4932.YER107C
118,4932.YIL063C
118,4932.YLR208W
118,4932.YML031W
118,4932.YGL100W
118,4932.YPL218W
118,4932.YNR026C
118,4932.YDR458C
118,4932.YMR129W
118,4932.YKR028W
118,4932.YBL104C
118,4932.YFR040W
118,4932.YJL098W
118,4932.YGL229C
118,4932.YGR057C
118,4932.YDR128W
118,4932.YJR138W
118,4932.YDL207W
118,4932.YPL085W
118,4932.YOR022C
118,4932.YCR067C
118,4932.YLR018C
118,4932.YER105C
118,4932.YMR153W
118,4932.YEL062W
118,4932.YMR255W
118,4932.YKL176C
118,4932.YIR011C
119,4932.YJR024C
119,4932.YEL038W
119,4932.YMR009W
119,4932.YPR118W
119,4932.YLR017W
119,4932.YNL010W
120,4932.YBR256C
120,4932.YOL143C
120,4932.YOL066C
120,4932.YBL033C
120,4932.YDR487C
120,4932.YBR153W
121,4932.YPR140W
121,4932.YLL012W
121,4932.YPL110C
121,4932.YKL094W
121,4932.YGR007W
121,4932.YIL090W
121,4932.YKR031C
121,4932.YGR157W
121,4932.YML059C
121,4932.YBR029C
121,4932.YGL084C
121,4932.YIL124W
121,4932.YAL009W
121,4932.YLR020C
121,4932.YHR004C
121,4932.YMR313C
121,4932.YCL004W
121,4932.YNR008W
121,4932.YKL140W
121,4932.YKR089C
121,4932.YER026C
121,4932.YOR245C
121,4932.YLR133W
121,4932.YNL130C
121,4932.YHR123W
121,4932.YOR311C
121,4932.YOR081C
121,4932.YJR073C
121,4932.YDR503C
121,4932.YMR165C
121,4932.YNL169C
121,4932.YDR284C
121,4932.YDR147W
121,4932.YGR170W
121,4932.YGR110W
121,4932.YKR067W
121,4932.YMR006C
121,4932.YMR008C
121,4932.YOL011W
121,4932.YDR058C
121,4932.YBL011W
121,4932.YBR042C
121,4932.YER113C
121,4932.YDR018C
121,4932.YPL206C
121,4932.YER037W
121,4932.YPR139C
121,4932.YOR175C
121,4932.YGR149W
122,4932.YOR006C
122,4932.YCR051W
123,4932.YAR015W
123,4932.YIL094C
123,4932.YBR115C
124,4932.YOR334W
124,4932.YPL060W
125,4932.YOR204W
125,4932.YOR276W
125,4932.YMR012W
125,4932.YGR162W
125,4932.YCL037C
125,4932.YGL049C
125,4932.YOL139C
126,4932.YLR006C
126,4932.YIL147C
126,4932.YCR073C
126,4932.YNR031C
126,4932.YER118C
126,4932.YCL032W
126,4932.YDR420W
126,4932.YDL235C
127,4932.YLR320W
127,4932.YDR332W
127,4932.YJR090C
127,4932.YDR328C
127,4932.YDR139C
127,4932.YIL001W
127,4932.YOR080W
127,4932.YJR033C
127,4932.YDR054C
127,4932.YLR128W
127,4932.YPL003W
127,4932.YGR140W
127,4932.YMR168C
127,4932.YNL311C
127,4932.YIL046W
127,4932.YFL009W
127,4932.YOL133W
127,4932.YDL132W
127,4932.YER066W
127,4932.YJL047C
127,4932.YPR066W
127,4932.YLR306W
127,4932.YPR164W
127,4932.YNL230C
127,4932.YER143W
127,4932.YJL149W
127,4932.YMR094W
127,4932.YLR352W
127,4932.YPL046C
127,4932.YER116C
127,4932.YDR202C
127,4932.YNL159C
127,4932.YOL025W
127,4932.YDR306C
128,4932.YIL098C
128,4932.YLL029W
128,4932.YBR217W
128,4932.YBL078C
128,4932.YDR022C
128,4932.YGL180W
128,4932.YCR032W
128,4932.YPL149W
128,4932.YJL178C
128,4932.YDL149W
128,4932.YNL223W
128,4932.YIL146C
128,4932.YKR051W
128,4932.YPR049C
128,4932.YPL166W
128,4932.YLR431C
128,4932.YLR356W
128,4932.YLR423C
128,4932.YPR185W
128,4932.YOL082W
128,4932.YPL100W
128,4932.YLR312C
128,4932.YOR152C
128,4932.YGL156W
128,4932.YOL083W
128,4932.YCR068W
128,4932.YLR189C
128,4932.YJL185C
128,4932.YMR159C
129,4932.YGR258C
129,4932.YLR376C
129,4932.YIL132C
129,4932.YER162C
129,4932.YDR078C
129,4932.YHL006C
130,4932.YOL076W
130,4932.YHR013C
130,4932.YEL053C
130,4932.YDL040C
130,4932.YPR051W
130,4932.YJL004C
130,4932.YNR029C
130,4932.YPL051W
130,4932.YHR112C
130,4932.YMR185W
130,4932.YMR069W
130,4932.YCR020C-A
130,4932.YOR253W
131,4932.YNR019W
131,4932.YJL062W
131,4932.YCR048W
132,4932.YMR267W
132,4932.YBR011C
133,4932.YHR047C
133,4932.YLR229C
133,4932.YBR200W
133,4932.YGR152C
133,4932.YEL031W
133,4932.YAL048C
133,4932.YLR332W
133,4932.YNL293W
133,4932.YOL112W
133,4932.YPR165W
133,4932.YIL118W
133,4932.YOR127W
133,4932.YHR061C
133,4932.YDR309C
133,4932.YNL298W
133,4932.YPR188C
133,4932.YFL047W
133,4932.YNL271C
133,4932.YNL090W
133,4932.YKR055W
133,4932.YOR304C-A
133,4932.YOL113W
133,4932.YDR379W
133,4932.YAL041W
133,4932.YHL007C
133,4932.YKL092C
133,4932.YDR466W
133,4932.YOR212W
133,4932.YPL115C
133,4932.YLR425W
133,4932.YLR371W
133,4932.YGR070W
133,4932.YNL180C
133,4932.YER114C
133,4932.YNL283C
133,4932.YOR008C
133,4932.YGR023W
133,4932.YPR075C
133,4932.YLL021W
133,4932.YOR188W
133,4932.YER149C
133,4932.YDR103W
133,4932.YPL161C
133,4932.YLL007C
133,4932.YBL085W
133,4932.YOL105C
134,4932.YAR050W
134,4932.YMR164C
134,4932.YKL043W
134,4932.YOR140W
134,4932.YHR211W
134,4932.YAL063C
134,4932.YKR102W
135,4932.YER122C
135,4932.YBL040C
135,4932.YDL137W
135,4932.YIL076W
135,4932.YNL204C
135,4932.YFR051C
135,4932.YDR170C
135,4932.YDL226C
135,4932.YEL022W
135,4932.YDR238C
135,4932.YNL287W
135,4932.YDL192W
135,4932.YDR524C
135,4932.YGL137W
135,4932.YDR373W
135,4932.YOR299W
135,4932.YGL181W
135,4932.YPL010W
135,4932.YPR079W
135,4932.YPR095C
135,4932.YDL145C
135,4932.YLR195C
135,4932.YIL044C
135,4932.YBL060W
135,4932.YKR030W
135,4932.YLR309C
136,4932.YPL195W
136,4932.YGL206C
136,4932.YJR125C
136,4932.YBL037W
136,4932.YDR358W
136,4932.YPR029C
136,4932.YGR167W
136,4932.YKR001C
136,4932.YJL207C
136,4932.YGR261C
136,4932.YBR288C
136,4932.YDR153C
136,4932.YHR108W
136,4932.YKL135C
136,4932.YCR030C
136,4932.YJR005W
136,4932.YJL024C
136,4932.YHR161C
136,4932.YJR058C
136,4932.YOL062C
136,4932.YIL002C
136,4932.YPL259C
136,4932.YHL019C
136,4932.YLR170C
136,4932.YDR348C
136,4932.YLL044W
137,4932.YHR213W
137,4932.YAL065C
137,4932.YHR212W-A
137,4932.YFR056C
138,4932.YBR105C
138,4932.YMR135C
138,4932.YKL124W
138,4932.YIL017C
138,4932.YGL227W
138,4932.YDR255C
138,4932.YCL039W
138,4932.YIL097W
138,4932.YBL048W
139,4932.YAL043C
139,4932.YKL193C
139,4932.YOR250C
139,4932.YER177W
139,4932.YGR156W
139,4932.YER133W
139,4932.YLR433C
139,4932.YML057W
139,4932.YPL179W
139,4932.YKL190W
139,4932.YBL051C
139,4932.YDR099W
139,4932.YMR311C
139,4932.YBR045C
139,4932.YBR050C
139,4932.YOR178C
139,4932.YER054C
139,4932.YGL044C
139,4932.YDR130C
139,4932.YDR028C
139,4932.YLR273C
139,4932.YBL046W
139,4932.YNL222W
139,4932.YKR002W
139,4932.YDR228C
139,4932.YLR115W
139,4932.YNL317W
139,4932.YDR195W
139,4932.YIL045W
139,4932.YKL059C
139,4932.YDR301W
139,4932.YOL123W
139,4932.YJR093C
139,4932.YOR179C
139,4932.YLR277C
139,4932.YPR107C
139,4932.YKL159C
139,4932.YKL018W
139,4932.YMR206W
140,4932.YMR081C
141,4932.YGR012W
141,4932.YHR025W
141,4932.YGR155W
141,4932.YLL061W
141,4932.YLR303W
141,4932.YJR139C
141,4932.YER043C
141,4932.YER091C
141,4932.YLR180W
141,4932.YDR502C
141,4932.YAL012W
141,4932.YML082W
141,4932.YGL184C
141,4932.YFR055W
141,4932.YLL058W
141,4932.YJR130C
141,4932.YNL275W
142,4932.YDR212W
142,4932.YDL143W
142,4932.YJL111W
142,4932.YDR188W
142,4932.YJL014W
142,4932.YEL003W
142,4932.YDR183W
142,4932.YNL153C
142,4932.YLR200W
142,4932.YJL008C
142,4932.YGR078C
142,4932.YML094W
142,4932.YFL023W
142,4932.YJL179W
142,4932.YMR074C
143,4932.YLR281C
143,4932.YLR283W
143,4932.YLR124W
144,4932.YBR208C
144,4932.YMR292W
144,4932.YIR028W
145,4932.YML067C
146,4932.YIL142W
146,4932.YJR064W
146,4932.YML109W
146,4932.YHR075C
146,4932.YNL217W
146,4932.YDR075W
146,4932.YDL188C
146,4932.YDL134C
146,4932.YNR032W
146,4932.YMR273C
146,4932.YAL016W
146,4932.YNL157W
146,4932.YGL190C
146,4932.YOR014W
146,4932.YPL152W
146,4932.YNL201C
146,4932.YIL153W
146,4932.YDR435C
146,4932.YPR040W
146,4932.YGR161C
146,4932.YOR073W
146,4932.YMR028W
146,4932.YHR132W-A
146,4932.YFL033C
147,4932.YPR160W
147,4932.YKR058W
147,4932.YFR015C
147,4932.YOL045W
147,4932.YAL017W
147,4932.YHL012W
147,4932.YKL035W
147,4932.YLR258W
147,4932.YLR177W
147,4932.YGR032W
147,4932.YMR306W
147,4932.YJL137C
148,4932.YDL201W
148,4932.YML080W
148,4932.YMR259C
148,4932.YGL232W
148,4932.YGL243W
148,4932.YDR120C
148,4932.YBL024W
148,4932.YOL124C
148,4932.YJL125C
148,4932.YDR165W
148,4932.YNR015W
149,4932.YGL114W
149,4932.YKR093W
150,4932.YBR092C
150,4932.YPL214C
150,4932.YOL055C
150,4932.YPR121W
150,4932.YNL332W
150,4932.YJR156C
150,4932.YPL258C
150,4932.YJR142W
150,4932.YDL024C
150,4932.YGR144W
150,4932.YFL058W
150,4932.YDL244W
150,4932.YNL091W
151,4932.YER042W
152,4932.YNL192W
152,4932.YMR084W
152,4932.YKL104C
152,4932.YEL058W
152,4932.YOR302W
153,4932.YDR062W
153,4932.YMR296C
153,4932.YHR073W
153,4932.YJL100W
153,4932.YKL212W
153,4932.YNL267W
153,4932.YDL019C
153,4932.YPL145C
153,4932.YJR110W
153,4932.YLR350W
153,4932.YOR109W
153,4932.YNL128W
153,4932.YPL268W
153,4932.YNL106C
153,4932.YGR038W
153,4932.YDR372C
153,4932.YBR058C-A
153,4932.YMR124W
153,4932.YKL051W
154,4932.YDL230W
154,4932.YDR043C
154,4932.YJL095W
154,4932.YDL006W
154,4932.YER089C
154,4932.YNL053W
154,4932.YHR030C
154,4932.YLR113W
154,4932.YOR231W
154,4932.YLR176C
154,4932.YGR040W
154,4932.YBL016W
154,4932.YPR054W
154,4932.YKL161C
154,4932.YDR162C
154,4932.YLL043W
154,4932.YDR536W
154,4932.YJL128C
154,4932.YDL159W
154,4932.YPL140C
154,4932.YLR362W
154,4932.YBR182C
154,4932.YPL089C
154,4932.YER045C
154,4932.YOR208W
154,4932.YIL036W
154,4932.YNL167C
154,4932.YER075C
154,4932.YOR255W
154,4932.YLR248W
154,4932.YHR084W
154,4932.YJL157C
154,4932.YBR083W
154,4932.YPL049C
154,4932.YJR086W
154,4932.YDR480W
154,4932.YDL073W
154,4932.YDR034C
154,4932.YMR172W
154,4932.YGR097W
154,4932.YPR115W
155,4932.YBR023C
155,4932.YHR142W
155,4932.YMR237W
155,4932.YLR330W
155,4932.YJL099W
155,4932.YBL061C
155,4932.YKR027W
156,4932.YOL093W
157,4932.YBR019C
157,4932.YBR020W
157,4932.YML051W
157,4932.YPL248C
157,4932.YLR081W
157,4932.YDR009W
157,4932.YBR018C
158,4932.YBR038W
158,4932.YMR032W
158,4932.YDL117W
159,4932.YBR283C
160,4932.YDR292C
160,4932.YPR088C
160,4932.YKL154W
160,4932.YPL210C
160,4932.YPL243W
160,4932.YML105C
160,4932.YKL122C
160,4932.YDL092W
161,4932.YMR101C
161,4932.YBR002C
161,4932.YDL193W
161,4932.YDR410C
161,4932.YJR117W
161,4932.YIL049W
161,4932.YDL090C
161,4932.YGL155W
161,4932.YKL019W
161,4932.YPR122W
161,4932.YJL031C
161,4932.YMR274C
162,4932.YNL063W
162,4932.YIL096C
162,4932.YBR141C
163,4932.YGL169W
163,4932.YKR038C
163,4932.YDL104C
163,4932.YGR262C
163,4932.YML036W
163,4932.YJL184W
163,4932.YKR095W-A
164,4932.YML123C
164,4932.YAR071W
164,4932.YBR296C
164,4932.YBR093C
164,4932.YER072W
164,4932.YHR136C
164,4932.YJL012C
164,4932.YPL019C
164,4932.YHR215W
164,4932.YFL004W
164,4932.YCR037C
164,4932.YNR013C
164,4932.YJL198W
164,4932.YIL047C
164,4932.YDR281C
165,4932.YDL003W
165,4932.YOL034W
165,4932.YLR383W
165,4932.YFL008W
165,4932.YJL074C
165,4932.YIL026C
165,4932.YDR180W
165,4932.YMR076C
165,4932.YDR014W
165,4932.YER147C
165,4932.YFR027W
165,4932.YPR007C
166,4932.YOL095C
167,4932.YPR073C
167,4932.YDR236C
167,4932.YIL134W
167,4932.YMR178W
167,4932.YDL045C
168,4932.YLR351C
168,4932.YBR035C
168,4932.YGR017W
168,4932.YPR127W
169,4932.YLL039C
169,4932.YLR167W
169,4932.YDR177W
169,4932.YDR059C
169,4932.YML088W
169,4932.YHL013C
169,4932.YLR436C
170,4932.YBR243C
170,4932.YPR183W
170,4932.YNL048W
170,4932.YOR067C
170,4932.YKR061W
170,4932.YBL082C
170,4932.YMR013C
170,4932.YNR030W
170,4932.YBR070C
170,4932.YGL047W
170,4932.YBR110W
170,4932.YNL219C
170,4932.YBR199W
170,4932.YNL029C
170,4932.YBL020W
170,4932.YPL227C
170,4932.YOR002W
170,4932.YGR036C
170,4932.YIL085C
171,4932.YMR217W
171,4932.YAR073W
171,4932.YAR075W
172,4932.YGR233C
173,4932.YHR144C
173,4932.YPR062W
173,4932.YDR400W
173,4932.YHR128W
173,4932.YLR209C
173,4932.YER056C
173,4932.YLR245C
174,4932.YPR035W
174,4932.YDL171C
175,4932.YDR140W
175,4932.YJL035C
175,4932.YHR070W
175,4932.YOR274W
175,4932.YOL141W
175,4932.YLR405W
175,4932.YPL207W
175,4932.YML005W
175,4932.YGL050W
175,4932.YIL025C
176,4932.YPL091W
176,4932.YLR043C
176,4932.YGR209C
176,4932.YDR453C
176,4932.YML028W
176,4932.YBR216C
176,4932.YCR083W
176,4932.YLR109W
176,4932.YBL064C
176,4932.YJL101C
176,4932.YDR353W
176,4932.YBR244W
176,4932.YKL026C
176,4932.YDL072C
176,4932.YKL086W
176,4932.YHR106W
176,4932.YIL010W
177,4932.YER078C
177,4932.YDR430C
178,4932.YOR134W
178,4932.YML104C
178,4932.YJL201W
178,4932.YDR389W
178,4932.YLR310C
178,4932.YIL140W
178,4932.YLR084C
178,4932.YCR038C
178,4932.YOR107W
178,4932.YCL014W
178,4932.YJR092W
178,4932.YOR301W
178,4932.YDL135C
178,4932.YLR353W
178,4932.YMR232W
178,4932.YGR041W
179,4932.YOL114C
180,4932.YHR074W
180,4932.YLR328W
180,4932.YGL067W
180,4932.YCL047C
181,4932.YKR070W
182,4932.YJL129C
182,4932.YDR436W
182,4932.YML016C
182,4932.YDR456W
182,4932.YJR054W
182,4932.YJL093C
183,4932.YOL049W
183,4932.YBR281C
183,4932.YKL215C
183,4932.YLR299W
183,4932.YER163C
184,4932.YOL071W
184,4932.YDR511W
185,4932.YKL184W
185,4932.YPR069C
185,4932.YOL052C
185,4932.YLR146C
185,4932.YPL052W
186,4932.YBR101C
186,4932.YPR158W
186,4932.YJL144W
187,4932.YIR027C
187,4932.YHL016C
187,4932.YJL126W
187,4932.YIR029W
187,4932.YIR032C
188,4932.YBR112C
188,4932.YLR228C
188,4932.YPR065W
188,4932.YDR277C
189,4932.YMR174C
189,4932.YMR297W
189,4932.YKR034W
189,4932.YBR139W
190,4932.YOL087C
190,4932.YIL156W
190,4932.YER098W
190,4932.YKR098C
190,4932.YBL067C
191,4932.YKR050W
191,4932.YJL094C
191,4932.YCR008W
191,4932.YLR138W
191,4932.YDR040C
191,4932.YNL321W
191,4932.YBR040W
192,4932.YDR320C
192,4932.YBL047C
193,4932.YLR126C
193,4932.YKL069W
194,4932.YFR006W
195,4932.YDL142C
195,4932.YGR046W
195,4932.YHR100C
196,4932.YNL191W
196,4932.YFR044C
196,4932.YKR074W
197,4932.YMR085W
197,4932.YDL103C
197,4932.YFL017C
198,4932.YIR022W
198,4932.YLR066W
198,4932.YJR010C-A
198,4932.YML055W
199,4932.YKR079C
200,4932.YEL077C
200,4932.YEL074W
200,4932.YEL075W-A
200,4932.YEL075C
200,4932.YEL076C
201,4932.YMR284W
201,4932.YMR106C
201,4932.YLR265C
201,4932.YCR014C
201,4932.YMR156C
201,4932.YOR005C
201,4932.YGL090W
201,4932.YIL009C-A
202,4932.YDL101C
202,4932.YML058W
202,4932.YOR230W
203,4932.YGR058W
203,4932.YHL027W
203,4932.YOR275C
203,4932.YMR154C
203,4932.YMR063W
203,4932.YNL294C
203,4932.YOR030W
203,4932.YGL045W
203,4932.YGR122W
204,4932.YBR109C
204,4932.YNL225C
205,4932.YGL055W
205,4932.YJL097W
205,4932.YLR372W
205,4932.YBR159W
205,4932.YIR033W
205,4932.YDL015C
205,4932.YKL020C
205,4932.YCR034W
205,4932.YJL196C
206,4932.YHR042W
206,4932.YOR034C
207,4932.YOR037W
207,4932.YDR158W
207,4932.YER086W
207,4932.YCL064C
208,4932.YER003C
208,4932.YFL045C
209,4932.YNL241C
209,4932.YHR163W
209,4932.YHR183W
209,4932.YKL205W
209,4932.YGR256W
209,4932.YDR248C
210,4932.YJL133W
210,4932.YOL130W
210,4932.YFL050C
210,4932.YKL064W
211,4932.YJR016C
211,4932.YCL009C
211,4932.YHR208W
211,4932.YMR108W
211,4932.YGL009C
211,4932.YJR148W
211,4932.YHR002W
212,4932.YDL233W
212,4932.YER109C
212,4932.YOL116W
212,4932.YIR019C
213,4932.YJL068C
213,4932.YGL256W
213,4932.YGL258W
213,4932.YMR083W
213,4932.YDL168W
213,4932.YBR145W
213,4932.YOR387C
214,4932.YIL177C
215,4932.YBR218C
215,4932.YGL062W
216,4932.YJL225C
216,4932.YIL177W-A
216,4932.YNL339C
216,4932.YLR467W
216,4932.YLR462W
216,4932.YHR218W
216,4932.YHL050C
216,4932.YEL076C-A
216,4932.YLR466W
216,4932.YHR218W-A
216,4932.YLL067W-A
216,4932.YNL339W-A
216,4932.YNL339W-B
217,4932.YJR060W
217,4932.YDR253C
217,4932.YPL038W
217,4932.YIR017C
217,4932.YNL103W
218,4932.YNR058W
218,4932.YDL141W
218,4932.YGR286C
218,4932.YNR057C
218,4932.YGR065C
218,4932.YNR056C
218,4932.YJR155W
218,4932.YJR154W
219,4932.YPL015C
219,4932.YFR047C
219,4932.YOR025W
219,4932.YGR010W
219,4932.YOR209C
219,4932.YGL224C
219,4932.YNL129W
219,4932.YOR155C
219,4932.YNL239W
220,4932.YAR042W
220,4932.YEL013W
220,4932.YHR117W
221,4932.YLR215C
221,4932.YDR092W
222,4932.YPR072W
222,4932.YIL038C
222,4932.YNL288W
222,4932.YER068W
222,4932.YCR093W
222,4932.YGL178W
222,4932.YIL137C
222,4932.YDR252W
222,4932.YDR151C
222,4932.YDR061W
222,4932.YAL021C
222,4932.YNR052C
222,4932.YML118W
222,4932.YDL165W
222,4932.YGR134W
222,4932.YFL028C
223,4932.YML001W
223,4932.YAL002W
223,4932.YGL095C
223,4932.YOR089C
223,4932.YLR396C
223,4932.YBR131W
223,4932.YPL070W
223,4932.YDL077C
223,4932.YDR495C
223,4932.YDR080W
223,4932.YKR014C
223,4932.YPL045W
223,4932.YMR231W
223,4932.YMR258C
223,4932.YDR323C
223,4932.YNL093W
223,4932.YLR148W
223,4932.YGL124C
223,4932.YDR229W
224,4932.YML072C
224,4932.YBL091C-A
224,4932.YHR195W
224,4932.YER120W
224,4932.YKL130C
225,4932.YDR517W
225,4932.YJR134C
226,4932.YMR079W
227,4932.YCR094W
227,4932.YNL323W
227,4932.YNR048W
227,4932.YNR047W
227,4932.YCR091W
227,4932.YMR010W
228,4932.YNL242W
228,4932.YFR019W
228,4932.YLR211C
228,4932.YBR097W
228,4932.YLR240W
228,4932.YLR360W
228,4932.YPL120W
228,4932.YNR007C
228,4932.YHR171W
228,4932.YNL173C
228,4932.YLR386W
228,4932.YNL054W
228,4932.YHR146W
228,4932.YOL065C
228,4932.YNL325C
228,4932.YBR128C
228,4932.YGL056C
228,4932.YPL141C
228,4932.YKL116C
228,4932.YPL150W
228,4932.YFR021W
228,4932.YGR223C
228,4932.YLL042C
229,4932.YPL002C
229,4932.YKL002W
229,4932.YDR069C
229,4932.YNR006W
229,4932.YHL002W
229,4932.YMR077C
229,4932.YLR417W
229,4932.YGR206W
229,4932.YCL008C
229,4932.YPR173C
229,4932.YLR119W
229,4932.YJR102C
229,4932.YKL041W
229,4932.YPL084W
229,4932.YPL065W
229,4932.YER128W
229,4932.YLR025W
229,4932.YKR035W-A
229,4932.YJL049W
229,4932.YDR486C
229,4932.YLR073C
229,4932.YNL265C
229,4932.YLR181C
230,4932.YJL145W
230,4932.YPL272C
231,4932.YDL042C
231,4932.YLR442C
231,4932.YDR191W
232,4932.YER166W
232,4932.YDR093W
232,4932.YMR162C
232,4932.YAL026C
233,4932.YJR057W
233,4932.YGR180C
233,4932.YIL066C
233,4932.YER070W
233,4932.YLR437C
233,4932.YJL026W
234,4932.YNR049C
234,4932.YLR093C
234,4932.YKL196C
234,4932.YBL050W
234,4932.YOR106W
234,4932.YGL212W
234,4932.YGL145W
234,4932.YLR026C
234,4932.YNL258C
234,4932.YOL018C
234,4932.YMR197C
234,4932.YDR468C
234,4932.YBR080C
234,4932.YOR036W
234,4932.YLR268W
234,4932.YHL031C
234,4932.YDR189W
234,4932.YAL030W
234,4932.YIL004C
234,4932.YAL014C
234,4932.YOR327C
234,4932.YLR440C
234,4932.YLR078C
234,4932.YBL102W
234,4932.YGL098W
234,4932.YMR183C
234,4932.YDR498C
234,4932.YOR075W
234,4932.YMR017W
234,4932.YKL006C-A
234,4932.YPL232W
235,4932.YGR207C
235,4932.YPR004C
236,4932.YHL020C
236,4932.YOL108C
236,4932.YJL153C
236,4932.YHR046C
236,4932.YDR123C
236,4932.YGL077C
236,4932.YDR287W
237,4932.YLL040C
237,4932.YOR228C
237,4932.YNL012W
237,4932.YER046W
238,4932.YLR291C
238,4932.YJR007W
238,4932.YDR283C
238,4932.YKR026C
238,4932.YDR211W
238,4932.YPL237W
238,4932.YGR083C
238,4932.YER025W
238,4932.YNL116W
238,4932.YHR115C
238,4932.YOR260W
239,4932.YPR083W
239,4932.YLR045C
239,4932.YKR054C
239,4932.YPR141C
239,4932.YEL061C
239,4932.YER016W
239,4932.YMR299C
239,4932.YOR058C
239,4932.YPL155C
239,4932.YBL063W
239,4932.YGL216W
239,4932.YCL029C
239,4932.YPL269W
239,4932.YBL034C
239,4932.YDR488C
239,4932.YLR254C
239,4932.YER184C
240,4932.YLR190W
240,4932.YBR130C
240,4932.YNL304W
240,4932.YGL210W
240,4932.YAL029C
240,4932.YOR326W
240,4932.YBL032W
240,4932.YMR204C
240,4932.YCL063W
241,4932.YOR360C
241,4932.YMR016C
241,4932.YKL166C
241,4932.YJL005W
241,4932.YKL062W
241,4932.YJL164C
241,4932.YMR037C
241,4932.YIL033C
241,4932.YOR101W
241,4932.YPL203W
241,4932.YNL098C
241,4932.YMR123W
241,4932.YLL010C
241,4932.YLR019W
241,4932.YGL248W
241,4932.YAL056W
241,4932.YOR371C
241,4932.YJL142C
242,4932.YOR086C
242,4932.YGR202C
243,4932.YBR086C
244,4932.YJR088C
244,4932.YOR289W
244,4932.YCL045C
244,4932.YGL231C
244,4932.YLL014W
244,4932.YKL207W
244,4932.YDR056C
244,4932.YJL192C
244,4932.YIL027C
244,4932.YGL230C
245,4932.YJR077C
245,4932.YMR241W
246,4932.YGR100W
246,4932.YPL249C
247,4932.YDL065C
247,4932.YGL153W
247,4932.YDR142C
247,4932.YKL188C
247,4932.YGR133W
247,4932.YDR244W
247,4932.YNL329C
247,4932.YKL197C
247,4932.YMR018W
247,4932.YGR028W
247,4932.YOL147C
247,4932.YOR180C
247,4932.YPL112C
247,4932.YDR329C
247,4932.YCL056C
247,4932.YLR191W
247,4932.YDR424C
247,4932.YMR026C
247,4932.YMR163C
247,4932.YPL147W
247,4932.YOL044W
247,4932.YHR160C
247,4932.YAL055W
247,4932.YNL214W
247,4932.YGR239C
247,4932.YGR077C
247,4932.YDR265W
247,4932.YJL210W
247,4932.YPR128C
248,4932.YHR175W
248,4932.YMR021C
248,4932.YLR411W
248,4932.YOL152W
248,4932.YLR214W
248,4932.YLL051C
248,4932.YKL220C
249,4932.YGL192W
249,4932.YCL055W
249,4932.YCL027W
249,4932.YNL196C
249,4932.YBR057C
250,4932.YPL128C
250,4932.YBR049C
251,4932.YFL065C
251,4932.YHL049C
251,4932.YFL067W
251,4932.YFL066C
251,4932.YFL064C
251,4932.YCL012C
252,4932.YBR223C
253,4932.YER099C
253,4932.YOR095C
253,4932.YKL181W
253,4932.YHL011C
253,4932.YBR111C
253,4932.YBL068W
253,4932.YOL061W
253,4932.YCR036W
254,4932.YHR188C
254,4932.YDR434W
254,4932.YPL175W
254,4932.YLL031C
254,4932.YNL038W
254,4932.YGR216C
254,4932.YKL165C
254,4932.YPL076W
254,4932.YDR302W
254,4932.YLR242C
254,4932.YHR039C
254,4932.YBR004C
254,4932.YJR013W
254,4932.YDR331W
254,4932.YPL096C-A
254,4932.YLR088W
254,4932.YOR149C
254,4932.YGL142C
254,4932.YLR459W
254,4932.YCL052C
254,4932.YFL025C
254,4932.YJL091C
254,4932.YMR281W
254,4932.YNL149C
254,4932.YDR437W
255,4932.YGL154C
255,4932.YPL148C
255,4932.YDR196C
255,4932.YIL083C
255,4932.YKL088W
255,4932.YGR277C
255,4932.YKR072C
255,4932.YOR054C
255,4932.YDR531W
256,4932.YDL220C
256,4932.YPR104C
256,4932.YLR233C
256,4932.YKL112W
256,4932.YNL216W
256,4932.YDR206W
256,4932.YLR403W
256,4932.YLR223C
256,4932.YLR373C
256,4932.YGR071C
256,4932.YDR082W
256,4932.YLR010C
256,4932.YBR275C
256,4932.YLR453C
257,4932.YBL075C
257,4932.YAL005C
257,4932.YLL024C
257,4932.YER103W
257,4932.YBR169C
257,4932.YPL106C
257,4932.YMR139W
258,4932.YOR290C
258,4932.YIL126W
258,4932.YBR289W
258,4932.YMR033W
258,4932.YDR303C
258,4932.YFR037C
258,4932.YLR357W
258,4932.YMR091C
258,4932.YPL016W
258,4932.YJL176C
258,4932.YML127W
258,4932.YLR321C
258,4932.YBL006C
258,4932.YGR056W
258,4932.YHL025W
258,4932.YPR034W
258,4932.YBR089C-A
258,4932.YCR020W-B
258,4932.YKR008W
258,4932.YPR052C
258,4932.YNR023W
258,4932.YCR052W
258,4932.YFL049W
258,4932.YHR056C
258,4932.YGR275W
258,4932.YLR033W
258,4932.YDR073W
259,4932.YLL013C
259,4932.YKR059W
259,4932.YJL138C
259,4932.YPR163C
259,4932.YHR015W
259,4932.YOR198C
259,4932.YFR023W
259,4932.YDR515W
259,4932.YER165W
259,4932.YGR250C
259,4932.YPR129W
259,4932.YPL119C
259,4932.YGL094C
259,4932.YNL085W
259,4932.YOR032C
259,4932.YKL025C
259,4932.YHL034C
259,4932.YNL016W
259,4932.YOR051C
259,4932.YOR286W
260,4932.YNR074C
260,4932.YGR016W
261,4932.YER145C
261,4932.YFL041W
261,4932.YMR058W
261,4932.YLR136C
261,4932.YOR382W
261,4932.YHL047C
261,4932.YHL040C
261,4932.YEL065W
261,4932.YKR052C
262,4932.YMR070W
263,4932.YOR124C
263,4932.YBR058C
263,4932.YJR099W
264,4932.YDR216W
264,4932.YMR280C
264,4932.YGL209W
264,4932.YGL035C
264,4932.YBR066C
264,4932.YGL115W
264,4932.YMR140W
264,4932.YDR477W
264,4932.YCR084C
264,4932.YOR047C
264,4932.YER027C
264,4932.YMR303C
264,4932.YDR422C
264,4932.YGL179C
264,4932.YKL048C
264,4932.YGL208W
264,4932.YER129W
264,4932.YHR094C
264,4932.YJL089W
264,4932.YMR011W
265,4932.YPR048W
265,4932.YIL128W
265,4932.YNL240C
265,4932.YGL091C
265,4932.YHR122W
265,4932.YIL003W
265,4932.YKR071C
265,4932.YNL260C
265,4932.YDR267C
266,4932.YGR044C
266,4932.YJL106W
266,4932.YOR279C
267,4932.YKR088C
267,4932.YDR084C
268,4932.YNL027W
268,4932.YGL006W
268,4932.YNL291C
268,4932.YGR217W
268,4932.YDL128W
268,4932.YOR087W
268,4932.YBR094W
268,4932.YGL168W
268,4932.YLR443W
269,4932.YHR009C
269,4932.YDL025C
270,4932.YBR006W
270,4932.YGR019W
270,4932.YDL210W
270,4932.YIR023W
271,4932.YOR090C
271,4932.YCR079W
272,4932.YNR055C
272,4932.YLL028W
273,4932.YML097C
273,4932.YOR370C
273,4932.YER136W
273,4932.YLR261C
274,4932.YHR205W
274,4932.YKL126W
275,4932.YJL056C
275,4932.YOL101C
275,4932.YLR023C
276,4932.YNL327W
276,4932.YER124C
276,4932.YGR282C
276,4932.YOR190W
276,4932.YBR158W
276,4932.YLR308W
276,4932.YLR307W
276,4932.YJL158C
276,4932.YLR286C
276,4932.YGR189C
276,4932.YNR067C
276,4932.YNL066W
276,4932.YHR143W
276,4932.YDR371W
276,4932.YGL028C
277,4932.YIR037W
277,4932.YML007W
277,4932.YML116W
278,4932.YJL019W
278,4932.YPL200W
278,4932.YOL104C
279,4932.YEL009C
279,4932.YFL021W
279,4932.YDL106C
280,4932.YOR042W
281,4932.YER061C
281,4932.YBR026C
281,4932.YKL182W
281,4932.YPL231W
281,4932.YMR246W
281,4932.YOR221C
281,4932.YKL055C
281,4932.YIL009W
281,4932.YOR317W
281,4932.YHR067W
282,4932.YLR174W
282,4932.YCR010C
283,4932.YPR028W
283,4932.YDR233C
283,4932.YOR165W
283,4932.YHR192W
284,4932.YIL112W
284,4932.YOL004W
284,4932.YBR095C
284,4932.YIL084C
284,4932.YPL139C
284,4932.YGL131C
284,4932.YDR155C
284,4932.YPL116W
284,4932.YGL194C
284,4932.YNL330C
284,4932.YPR068C
284,4932.YLR183C
284,4932.YKR029C
284,4932.YBR103W
284,4932.YPL181W
284,4932.YMR075W
284,4932.YDR207C
284,4932.YMR263W
284,4932.YNL097C
284,4932.YCR033W
284,4932.YAL013W
284,4932.YNL309W
284,4932.YKL185W
284,4932.YBL054W
284,4932.YDL076C
284,4932.YER088C
284,4932.YMR053C
284,4932.YDR169C
285,4932.YMR304W
286,4932.YDR027C
286,4932.YDR137W
286,4932.YLR262C
286,4932.YKL179C
286,4932.YDR484W
286,4932.YLR039C
286,4932.YOR216C
286,4932.YKR020W
287,4932.YBR143C
287,4932.YDR172W
287,4932.YHR077C
287,4932.YDR021W
287,4932.YGR072W
287,4932.YKR017C
288,4932.YNR004W
288,4932.YMR125W
288,4932.YPL178W
289,4932.YJR109C
289,4932.YOR303W
290,4932.YCL033C
290,4932.YPL034W
291,4932.YDL219W
291,4932.YKL034W
291,4932.YDL091C
291,4932.YOR223W
291,4932.YLR114C
291,4932.YPR109W
292,4932.YIL015W
292,4932.YNL154C
292,4932.YKL209C
292,4932.YFL026W
292,4932.YKL178C
292,4932.YJR004C
292,4932.YNL145W
292,4932.YHR135C
292,4932.YPL187W
292,4932.YJL170C
292,4932.YGL089C
292,4932.YDR461W
292,4932.YLR040C
293,4932.YPL154C
294,4932.YLR120C
294,4932.YDR144C
294,4932.YNL238W
294,4932.YOR219C
294,4932.YGR014W
294,4932.YGL203C
294,4932.YEL060C
295,4932.YER014W
296,4932.YBR245C
296,4932.YOR304W
296,4932.YGL133W
296,4932.YPL216W
296,4932.YLR095C
296,4932.YFR013W
296,4932.YMR044W
297,4932.YBR240C
297,4932.YAL061W
297,4932.YLR044C
297,4932.YDL080C
297,4932.YDR081C
297,4932.YDR380W
297,4932.YGR087C
297,4932.YLR134W
298,4932.YBR015C
298,4932.YIL014W
298,4932.YNR059W
298,4932.YKL201C
298,4932.YER001W
298,4932.YJL186W
299,4932.YPL124W
299,4932.YHR172W
299,4932.YLR212C
299,4932.YDR356W
299,4932.YNL126W
299,4932.YKL042W
299,4932.YAL047C
300,4932.YLR116W
300,4932.YKL204W
301,4932.YDR523C
301,4932.YIL129C
301,4932.YOR353C
301,4932.YHR102W
301,4932.YNL161W
301,4932.YKL189W
301,4932.YFL034C-B
301,4932.YCL051W
302,4932.YMR004W
302,4932.YOR357C
302,4932.YOR132W
302,4932.YJL053W
302,4932.YHR012W
302,4932.YBL017C
302,4932.YDR425W
302,4932.YJL044C
302,4932.YJL036W
302,4932.YJL154C
302,4932.YOR069W
302,4932.YDL113C
302,4932.YKR078W
303,4932.YGR276C
303,4932.YLR107W
303,4932.YLR059C
303,4932.YMR285C
304,4932.YNL297C
304,4932.YDR141C
304,4932.YIL048W
305,4932.YDR407C
305,4932.YBR254C
305,4932.YPR181C
305,4932.YEL048C
305,4932.YOR070C
305,4932.YER031C
305,4932.YML077W
305,4932.YKR068C
305,4932.YFL027C
305,4932.YDR472W
305,4932.YDR246W
305,4932.YDL234C
305,4932.YFL038C
305,4932.YMR218C
305,4932.YDL058W
305,4932.YOR115C
305,4932.YDR108W
305,4932.YNL044W
305,4932.YDL099W
305,4932.YLR080W
305,4932.YGR166W
305,4932.YPR176C
305,4932.YER074W-A
306,4932.YLR243W
306,4932.YOR262W
307,4932.YLR305C
307,4932.YDR208W
307,4932.YMR212C
307,4932.YGR198W
308,4932.YOL016C
308,4932.YBR056W-A
308,4932.YOR385W
309,4932.YBR168W
309,4932.YGR004W
309,4932.YDR479C
310,4932.YBR175W
310,4932.YDR469W
310,4932.YLR015W
310,4932.YPL138C
310,4932.YAR003W
310,4932.YBR258C
310,4932.YHR119W
310,4932.YPL165C
311,4932.YJL029C
311,4932.YNL041C
311,4932.YNL051W
311,4932.YML071C
311,4932.YPR105C
311,4932.YGR120C
311,4932.YER157W
311,4932.YGL223C
311,4932.YGL005C
312,4932.YLR130C
312,4932.YGL255W
312,4932.YIL023C
312,4932.YKL175W
312,4932.YOL154W
312,4932.YOR316C
312,4932.YOL002C
312,4932.YOR079C
312,4932.YMR319C
312,4932.YDR205W
312,4932.YMR243C
312,4932.YDR492W
312,4932.YNR039C
313,4932.YDR481C
313,4932.YOR143C
314,4932.YCR017C
314,4932.YDR182W
315,4932.YKL022C
315,4932.YHR166C
315,4932.YBL084C
315,4932.YGL240W
315,4932.YLR102C
315,4932.YLR127C
315,4932.YFR036W
315,4932.YNL172W
315,4932.YDR118W
315,4932.YDL008W
315,4932.YDR260C
315,4932.YOR249C
315,4932.YIR025W
316,4932.YGL008C
316,4932.YPL036W
317,4932.YGL023C
317,4932.YBR077C
317,4932.YCR075W-A
317,4932.YGR163W
317,4932.YML121W
318,4932.YKL010C
318,4932.YGL141W
318,4932.YMR100W
319,4932.YJL172W
319,4932.YNL229C
319,4932.YIR038C
319,4932.YLL060C
319,4932.YER040W
319,4932.YCL028W
319,4932.YLL015W
319,4932.YKR076W
319,4932.YGR154C
320,4932.YDL240W
321,4932.YDL095W
321,4932.YJR143C
321,4932.YJR075W
321,4932.YOR321W
321,4932.YDR483W
321,4932.YGR199W
321,4932.YPL050C
321,4932.YDR245W
321,4932.YAL023C
321,4932.YHR181W
321,4932.YEL036C
321,4932.YDL093W
321,4932.YOR099W
321,4932.YBR205W
321,4932.YDR307W
321,4932.YGL257C
321,4932.YJL183W
321,4932.YML115C
322,4932.YNL086W
322,4932.YDR357C
322,4932.YKL061W
322,4932.YEL005C
322,4932.YLR408C
322,4932.YGL079W
323,4932.YCR009C
323,4932.YDR388W
323,4932.YMR192W
323,4932.YIL095W
323,4932.YGR241C
323,4932.YKR019C
323,4932.YJL083W
323,4932.YER060W
323,4932.YER060W-A
324,4932.YMR171C
324,4932.YNR051C
324,4932.YER125W
324,4932.YGR068C
324,4932.YDL122W
324,4932.YGR055W
324,4932.YPL176C
324,4932.YBL101C
324,4932.YKR021W
324,4932.YJL084C
324,4932.YOR322C
324,4932.YOR018W
324,4932.YFR022W
324,4932.YMR275C
324,4932.YBR021W
324,4932.YDR525W-A
324,4932.YOR138C
324,4932.YPR030W
324,4932.YDL212W
324,4932.YML111W
324,4932.YLR392C
325,4932.YGR218W
326,4932.YGL167C
326,4932.YIR018W
326,4932.YMR034C
327,4932.YER123W
327,4932.YPL199C
328,4932.YOR043W
329,4932.YDL195W
330,4932.YBL103C
330,4932.YGL252C
330,4932.YOL067C
330,4932.YNL076W
331,4932.YDR200C
331,4932.YMR029C
331,4932.YNL127W
331,4932.YMR052W
331,4932.YLR238W
331,4932.YFR008W
332,4932.YOR359W
332,4932.YJL080C
332,4932.YBR172C
332,4932.YOR338W
333,4932.YJR152W
333,4932.YKR039W
334,4932.YJR031C
335,4932.YBR290W
336,4932.YJL151C
337,4932.YNL021W
337,4932.YDR295C
337,4932.YPR179C
338,4932.YPL057C
338,4932.YGR143W
338,4932.YBR036C
338,4932.YBR161W
338,4932.YKL004W
338,4932.YDR367W
338,4932.YDR072C
339,4932.YBL007C
339,4932.YHR016C
340,4932.YKL103C
340,4932.YHR113W
341,4932.YIL030C
342,4932.YAL036C
342,4932.YGR173W
342,4932.YGL195W
342,4932.YDR152W
342,4932.YFR009W
342,4932.YOR091W
342,4932.YKL134C
342,4932.YCR059C
343,4932.YDR314C
344,4932.YDR098C
344,4932.YER174C
344,4932.YGL220W
344,4932.YPL202C
345,4932.YJR025C
345,4932.YBL098W
345,4932.YGR260W
345,4932.YJL060W
345,4932.YJR078W
345,4932.YDR428C
345,4932.YLR231C
346,4932.YBR271W
346,4932.YIL110W
346,4932.YJR129C
346,4932.YGR001C
346,4932.YIL064W
346,4932.YNL024C
346,4932.YBR261C
346,4932.YLR063W
346,4932.YDR465C
346,4932.YOR021C
346,4932.YHL039W
346,4932.YNL092W
347,4932.YLR110C
347,4932.YKL164C
347,4932.YDR077W
348,4932.YJR014W
348,4932.YER007C-A
348,4932.YDR117C
349,4932.YDL055C
349,4932.YGL065C
349,4932.YBR085C-A
350,4932.YHR158C
350,4932.YGR238C
351,4932.YBR053C
352,4932.YER081W
352,4932.YIL074C
353,4932.YDL216C
353,4932.YIL071C
353,4932.YMR025W
353,4932.YDR179C
353,4932.YOL117W
354,4932.YHR068W
354,4932.YOR011W
354,4932.YOR009W
354,4932.YIL011W
354,4932.YJR150C
355,4932.YOR048C
355,4932.YKR063C
355,4932.YGL246C
356,4932.YKL210W
356,4932.YGL087C
357,4932.YLR355C
357,4932.YLR451W
357,4932.YNL104C
357,4932.YOR108W
357,4932.YKL120W
358,4932.YLR410W
358,4932.YOR163W
358,4932.YDR017C
358,4932.YDR173C
358,4932.YML099C
358,4932.YDR315C
359,4932.YJR147W
359,4932.YHR206W
359,4932.YGR249W
359,4932.YGL073W
360,4932.YDR135C
360,4932.YLL048C
361,4932.YJL124C
361,4932.YCR077C
361,4932.YDL160C
361,4932.YGR178C
361,4932.YHR121W
361,4932.YDL053C
362,4932.YBR117C
362,4932.YLR354C
362,4932.YDL223C
362,4932.YJL121C
362,4932.YGR043C
362,4932.YHR096C
362,4932.YDR345C
362,4932.YLR070C
362,4932.YMR175W
362,4932.YMR107W
362,4932.YBR116C
363,4932.YOR243C
363,4932.YNL292W
363,4932.YFL001W
363,4932.YPL212C
363,4932.YGL063W
363,4932.YGR169C
363,4932.YLR165C
363,4932.YDL036C
364,4932.YDL047W
365,4932.YMR276W
366,4932.YHR064C
366,4932.YGR281W
366,4932.YOR153W
366,4932.YHR178W
366,4932.YOR162C
366,4932.YDR011W
366,4932.YML076C
367,4932.YJR021C
367,4932.YLR329W
367,4932.YHR157W
367,4932.YER044C-A
367,4932.YNL210W
367,4932.YMR133W
368,4932.YKL101W
368,4932.YJR076C
368,4932.YGR059W
368,4932.YDL225W
368,4932.YCL024W
368,4932.YDR218C
368,4932.YDR507C
368,4932.YCR002C
368,4932.YLR314C
368,4932.YHR107C
368,4932.YNL166C
368,4932.YBR148W
368,4932.YNL233W
368,4932.YER158C
369,4932.YKR048C
369,4932.YPL158C
370,4932.YLR249W
370,4932.YLR343W
370,4932.YMR307W
370,4932.YMR215W
370,4932.YOL132W
370,4932.YOL030W
371,4932.YOL111C
371,4932.YBR137W
371,4932.YOR007C
371,4932.YOR164C
371,4932.YDL100C
371,4932.YER083C
371,4932.YGL020C
371,4932.YJL123C
371,4932.YDR186C
372,4932.YJR069C
373,4932.YNL135C
374,4932.YAL004W
374,4932.YBR113W
374,4932.YDR415C
374,4932.YMR265C
374,4932.YER121W
374,4932.YDR525W
374,4932.YGR182C
374,4932.YPL182C
374,4932.YMR245W
374,4932.YJL199C
375,4932.YDR545W
375,4932.YOR396W
375,4932.YOR394C-A
376,4932.YGL117W
377,4932.YOR053W
378,4932.YML012W
378,4932.YAR002C-A
378,4932.YAL007C
378,4932.YGL054C
378,4932.YDL018C
378,4932.YGL002W
378,4932.YOR016C
378,4932.YGL200C
378,4932.YHR110W
379,4932.YLR316C
380,4932.YER020W
380,4932.YOL081W
380,4932.YHR005C
380,4932.YBR140C
380,4932.YDL035C
381,4932.YGR271W
381,4932.YGL110C
381,4932.YPL009C
381,4932.YDR266C
381,4932.YKR023W
382,4932.YPL058C
383,4932.YBR078W
383,4932.YOR386W
384,4932.YPL225W
385,4932.YER151C
386,4932.YCL035C
386,4932.YDR513W
387,4932.YMR104C
388,4932.YLR024C
389,4932.YCR047C
390,4932.YCR086W
390,4932.YML034W
390,4932.YER106W
390,4932.YPL204W
390,4932.YDR439W
390,4932.YDL089W
390,4932.YOR264W
391,4932.YJL073W
392,4932.YGR184C
393,4932.YBR082C
394,4932.YLR422W
394,4932.YDR273W
395,4932.YOL068C
396,4932.YKL142W
396,4932.YPR149W
396,4932.YML052W
396,4932.YMR031C
397,4932.YMR216C
398,4932.YKR099W
398,4932.YFR034C
399,4932.YIL109C
399,4932.YHR098C
399,4932.YNL049C
400,4932.YHR104W
400,4932.YGR194C
400,4932.YDL236W
400,4932.YDL246C
400,4932.YJR159W
400,4932.YEL070W
401,4932.YJL141C
402,4932.YDR432W
402,4932.YLL019C
403,4932.YGL071W
404,4932.YIL160C
404,4932.YDL144C
405,4932.YOR336W
405,4932.YBR229C
405,4932.YGL027C
405,4932.YFR042W
405,4932.YLR057W
405,4932.YGR227W
405,4932.YPR159W
405,4932.YHR101C
406,4932.YNL197C
406,4932.YPL184C
407,4932.YOL149W
407,4932.YGL222C
407,4932.YEL015W
408,4932.YKL125W
408,4932.YOR295W
408,4932.YML043C
408,4932.YBL014C
408,4932.YLR141W
408,4932.YBL025W
408,4932.YJL025W
408,4932.YMR270C
409,4932.YIR001C
409,4932.YMR061W
410,4932.YBL005W
411,4932.YGR142W
412,4932.YMR247C
413,4932.YOL145C
414,4932.YKL096W-A
414,4932.YJL159W
414,4932.YER150W
415,4932.YGL146C
415,4932.YGL139W
416,4932.YNL263C
416,4932.YGL161C
416,4932.YGL198W
416,4932.YGR172C
417,4932.YFL048C
418,4932.YDR100W
418,4932.YMR071C
419,4932.YLR342W
420,4932.YAL008W
420,4932.YBR056W
420,4932.YBR149W
420,4932.YMR041C
421,4932.YML086C
422,4932.YGR008C
422,4932.YDL181W
423,4932.YBR164C
423,4932.YOR094W
424,4932.YFR003C
425,4932.YPR113W
426,4932.YLR324W
426,4932.YHR150W
427,4932.YBL105C
427,4932.YGR229C
427,4932.YER155C
428,4932.YDL161W
428,4932.YLR206W
429,4932.YLR253W
429,4932.YDR104C
429,4932.YHR105W
430,4932.YDR150W
431,4932.YCR065W
431,4932.YIL131C
431,4932.YMR042W
431,4932.YMR043W
431,4932.YDR451C
431,4932.YML027W
432,4932.YJL127C
433,4932.YLL049W
433,4932.YPL174C
433,4932.YMR294W
433,4932.YDR106W
434,4932.YOR269W
435,4932.YGR086C
435,4932.YDR490C
435,4932.YOL100W
435,4932.YPL004C
435,4932.YGR130C
435,4932.YMR086W
436,4932.YDR310C
436,4932.YHL024W
436,4932.YHR124W
437,4932.YOL017W
437,4932.YDR121W
437,4932.YJL065C
438,4932.YPR201W
438,4932.YPR200C
438,4932.YPR199C
439,4932.YDR459C
439,4932.YDR126W
439,4932.YOL003C
439,4932.YNL326C
440,4932.YLR143W
441,4932.YHR137W
442,4932.YMR096W
442,4932.YMR095C
442,4932.YNL334C
442,4932.YFL060C
442,4932.YNL333W
442,4932.YFL059W
443,4932.YLL062C
443,4932.YPL273W
444,4932.YOR100C
444,4932.YLR327C
444,4932.YGL080W
445,4932.YOR251C
446,4932.YAR020C
446,4932.YBR301W
446,4932.YLR037C
446,4932.YCR104W
446,4932.YIR041W
446,4932.YJL223C
446,4932.YIL176C
446,4932.YAL068C
446,4932.YLR461W
446,4932.YEL049W
446,4932.YNR076W
446,4932.YLL064C
446,4932.YMR325W
446,4932.YKL224C
446,4932.YGR294W
446,4932.YFL020C
446,4932.YGL261C
446,4932.YOL161C
446,4932.YHL046C
446,4932.YLL025W
446,4932.YDR542W
447,4932.YDR264C
447,4932.YLR246W
448,4932.YGL202W
448,4932.YDR421W
449,4932.YPR194C
449,4932.YJL212C
449,4932.YPL177C
450,4932.YOR383C
451,4932.YIL145C
451,4932.YBR176W
452,4932.YMR300C
453,4932.YLR092W
454,4932.YEL046C
454,4932.YFL030W
454,4932.YPR002W
454,4932.YGL196W
455,4932.YNL322C
455,4932.YDR221W
455,4932.YMR200W
456,4932.YJR089W
457,4932.YJR131W
458,4932.YEL029C
458,4932.YNR027W
459,4932.YML047C
460,4932.YGL013C
460,4932.YDR406W
460,4932.YOR328W
461,4932.YER049W
462,4932.YPL053C
463,4932.YOL110W
464,4932.YIL105C
465,4932.YKR007W
465,4932.YDR414C
465,4932.YCR075C
466,4932.YJR094C
467,4932.YJR035W
468,4932.YBL049W
469,4932.YER035W
470,4932.YIL164C
471,4932.YHR139C
471,4932.YDR402C
472,4932.YBR298C
472,4932.YOL157C
472,4932.YBR299W
472,4932.YGR292W
472,4932.YBR297W
472,4932.YGR288W
472,4932.YJL216C
472,4932.YIL172C
472,4932.YGR287C
473,4932.YBR260C
474,4932.YDL194W
474,4932.YDL138W
474,4932.YKL038W
475,4932.YML131W
475,4932.YLL059C
476,4932.YPL006W
476,4932.YNL199C
477,4932.YNL142W
477,4932.YPR138C
477,4932.YGR121C
478,4932.YGR225W
479,4932.YGR003W
480,4932.YDR497C
481,4932.YLR452C
481,4932.YGL032C
481,4932.YCR089W
482,4932.YLR149C
483,4932.YCR027C
483,4932.YNL270C
483,4932.YCR021C
484,4932.YJL105W
484,4932.YHR207C
485,4932.YLR318W
485,4932.YLR262C-A
486,4932.YOR344C
486,4932.YPL075W
486,4932.YDL046W
487,4932.YLR380W
487,4932.YNL264C
488,4932.YBR294W
488,4932.YDR250C
489,4932.YOL042W
490,4932.YDL052C
490,4932.YGR045C
491,4932.YER039C-A
491,4932.YML038C
491,4932.YPL244C
492,4932.YLL038C
492,4932.YGL102C
492,4932.YGL217C
493,4932.YGR125W
494,4932.YIR002C
494,4932.YDL160C-A
494,4932.YOL086W-A
494,4932.YGR042W
495,4932.YPL092W
496,4932.YER039C
497,4932.YBR061C
497,4932.YPL183C
497,4932.YOL125W
497,4932.YDL112W
497,4932.YPL030W
498,4932.YJR084W
499,4932.YBL111C
499,4932.YBL113C
499,4932.YBL109W
499,4932.YBL113W-A
500,4932.YPR131C
501,4932.YNL078W
501,4932.YOL070C
502,4932.YLR065C
503,4932.YNL158W
504,4932.YGL038C
505,4932.YPL193W
505,4932.YJR055W
505,4932.YJL161W
505,4932.YJL028W
505,4932.YJL027C
505,4932.YJR056C
505,4932.YJL022W
506,4932.YLR319C
507,4932.YHR072W-A
508,4932.YPL157W
509,4932.YOR252W
510,4932.YNL313C
510,4932.YOR281C
511,4932.YCL001W-A
511,4932.YCL042W
511,4932.YCR024C-B
512,4932.YOR220W
512,4932.YMR316W
513,4932.YKL047W
513,4932.YPL236C
513,4932.YMR111C
514,4932.YLR125W
514,4932.YLR280C
515,4932.YFR017C
516,4932.YDR257C
516,4932.YPL208W
516,4932.YDR198C
516,4932.YBR030W
517,4932.YOR271C
518,4932.YDL184C
519,4932.YDL124W
520,4932.YDL198C
521,4932.YML068W
522,4932.YJL059W
523,4932.YOR066W
524,4932.YLR097C
524,4932.YBR280C
525,4932.YLR047C
526,4932.YDR085C
527,4932.YNL160W
528,4932.YIR003W
529,4932.YDR538W
530,4932.YNL101W
530,4932.YBR293W
530,4932.YKL146W
531,4932.YPR157W
531,4932.YNL065W
531,4932.YIL120W
531,4932.YPR008W
531,4932.YIL121W
532,4932.YPR156C
532,4932.YHR048W
532,4932.YGR138C
533,4932.YMR119W
533,4932.YNL008C
534,4932.YPL223C
534,4932.YDR403W
535,4932.YDL243C
535,4932.YFL056C
535,4932.YFL057C
536,4932.YOR193W
537,4932.YLR160C
537,4932.YLR158C
537,4932.YLR157C
537,4932.YLR155C
538,4932.YCR097W
538,4932.YCR096C
538,4932.YCL066W
538,4932.YCL067C
538,4932.YCR040W
538,4932.YCR039C
539,4932.YLR062C
539,4932.YPR044C
539,4932.YLR076C
540,4932.YLL056C
541,4932.YLR156W
542,4932.YNR044W
543,4932.YLL066C
543,4932.YLL066W-A
543,4932.YKL102C
543,4932.YDR521W
544,4932.YDR543C
544,4932.YFL063W
544,4932.YNR077C
544,4932.YKL225W
544,4932.YNL338W
545,4932.YLL067C
546,4932.YNL337W
546,4932.YHR217C
546,4932.YDR544C
546,4932.YJR162C
546,4932.YER190W
546,4932.YBL108W
547,4932.YHR219W
548,4932.YDR227W
549,4932.YOL073C
550,4932.YBR008C
551,4932.YDL170W
551,4932.YNL314W
552,4932.YLR463C
552,4932.YLR465C
552,4932.YLR467C-A
553,4932.YCL038C
553,4932.YER119C
553,4932.YIL088C
554,4932.YLR220W
555,4932.YBR187W
556,4932.YNL295W
557,4932.YER189W
557,4932.YER188C-A
558,4932.YNL019C
558,4932.YNL033W
559,4932.YML133C
559,4932.YML133W-A
559,4932.YML133W-B
560,4932.YOR242C
561,4932.YFR018C
562,4932.YNL018C
562,4932.YFL051C
562,4932.YNL034W
563,4932.YEL004W
564,4932.YDR089W
565,4932.YGL140C
566,4932.YHL050W-A
567,4932.YDR545C-A
568,4932.YLR466C-B
569,4932.YOR396C-A
