,cluster,protein
0,0,Q0182
1,0,Q0017
2,0,Q0092
3,0,Q0297
4,0,Q0010
5,0,Q0143
6,0,Q0032
7,0,Q0142
8,1,YPL252C
9,1,YOR226C
10,1,YPL135W
11,2,YCL017C
12,2,YER048W-A
13,3,YDL120W
14,4,YGL018C
15,5,YPR067W
16,5,YPL059W
17,5,YJR122W
18,6,YKL040C
19,7,YOR196C
20,7,YLL027W
21,8,YLR369W
22,9,YMR301C
23,10,YNL310C
24,10,YNL328C
25,10,YFL016C
26,10,YOR232W
27,11,YAL046C
28,11,YAL044W-A
29,12,YGR063C
30,12,YOR151C
31,12,YKR062W
32,12,YMR039C
33,12,YBR279W
34,12,YPR133C
35,12,YLR226W
36,12,YKL160W
37,12,YGL130W
38,12,YPR056W
39,12,YOR194C
40,12,YDR079C-A
41,12,YER139C
42,12,YBR236C
43,12,YGL043W
44,12,YDL140C
45,12,YLR418C
46,12,YMR277W
47,12,YDR460W
48,12,YPL228W
49,12,YGR116W
50,12,YGL070C
51,12,YGL244W
52,12,YIL021W
53,12,YOL005C
54,12,YGR005C
55,12,YML010W
56,12,YPL122C
57,12,YJL140W
58,12,YKL058W
59,12,YPR086W
60,12,YDR289C
61,12,YDR404C
62,12,YKL028W
63,12,YPR161C
64,12,YGR186W
65,13,YBL022C
66,14,YOR210W
67,14,YKL125W
68,14,YLR243W
69,14,YNL113W
70,14,YJL148W
71,14,YPR187W
72,14,YJR063W
73,14,YHR143W-A
74,14,YDR156W
75,14,YFL023W
76,14,YKL144C
77,14,YDR045C
78,14,YJL011C
79,14,YBR154C
80,14,YOR224C
81,14,YPR110C
82,15,YPR025C
83,15,YDL108W
84,16,YJR052W
85,16,YIL143C
86,16,YOR352W
87,16,YER171W
88,16,YBR114W
89,16,YDR311W
90,16,YLR005W
91,17,YLR071C
92,17,YOL051W
93,17,YOL135C
94,17,YDR308C
95,17,YHR058C
96,17,YBL093C
97,17,YOR174W
98,17,YGL151W
99,17,YPR168W
100,17,YPR070W
101,17,YBR193C
102,17,YNL236W
103,17,YGL127C
104,17,YER022W
105,17,YCR081W
106,17,YMR112C
107,17,YHR041C
108,17,YDL005C
109,17,YDR443C
110,17,YNR010W
111,17,YBR253W
112,17,YGL025C
113,17,YGR104C
114,18,YDR397C
115,18,YNL039W
116,18,YNL151C
117,18,YML098W
118,18,YDR145W
119,18,YKR025W
120,18,YER159C
121,18,YPR190C
122,18,YBR123C
123,18,YDR167W
124,18,YPL011C
125,18,YML114C
126,18,YCR042C
127,18,YER148W
128,18,YGR246C
129,18,YDR362C
130,18,YDL150W
131,18,YAL001C
132,18,YNR003C
133,18,YBR198C
134,18,YMR236W
135,18,YOR110W
136,18,YPL007C
137,18,YOR207C
138,18,YOR116C
139,18,YGL112C
140,18,YML015C
141,18,YGR047C
142,18,YPR186C
143,18,YMR005W
144,19,YER164W
145,20,YPR066W
146,20,YJL047C
147,20,YPL046C
148,20,YOL133W
149,20,YNL230C
150,20,YPR164W
151,20,YLR306W
152,20,YLR320W
153,21,YOR123C
154,22,YNL025C
155,22,YPL042C
156,22,YOL128C
157,23,YMR312W
158,23,YPL086C
159,23,YLR384C
160,23,YHR187W
161,23,YKL110C
162,23,YGR200C
163,23,YPL101W
164,24,YMR186W
165,24,YGR123C
166,24,YOR298C-A
167,24,YBR155W
168,24,YJR032W
169,24,YDR168W
170,24,YDR214W
171,24,YLR216C
172,24,YOR057W
173,24,YPL240C
174,24,YNL281W
175,24,YKL117W
176,24,YOR027W
177,25,YLR399C
178,25,YLR455W
179,25,YGL150C
180,25,YDL002C
181,25,YPL129W
182,25,YOR064C
183,25,YKL017C
184,26,YBR089C-A
185,26,YML069W
186,26,YGL207W
187,26,YGR270W
188,27,YKL005C
189,28,YKL139W
190,28,YJL006C
191,28,YML112W
192,29,YFR016C
193,29,YOL145C
194,30,YJR035W
195,30,YDR030C
196,30,YKL054C
197,31,YLR222C
198,31,YDR449C
199,31,YGR128C
200,31,YER082C
201,31,YKR060W
202,31,YOR145C
203,31,YOL010W
204,31,YMR128W
205,31,YLR409C
206,31,YJL069C
207,31,YLL011W
208,31,YGR081C
209,31,YGL019W
210,31,YOR039W
211,31,YLR129W
212,31,YPR137W
213,31,YDR324C
214,31,YGR090W
215,31,YOR061W
216,31,YDL148C
217,31,YJL109C
218,31,YLR003C
219,31,YPR112C
220,31,YGR251W
221,31,YIL035C
222,31,YBR247C
223,31,YCL059C
224,31,YDL213C
225,31,YBL004W
226,31,YJR002W
227,31,YNL035C
228,31,YMR229C
229,31,YOR078W
230,31,YPR144C
231,31,YPL126W
232,31,YCR057C
233,31,YMR093W
234,31,YCL031C
235,31,YHR196W
236,32,YKL126W
237,32,YHR205W
238,32,YDR005C
239,33,YIL019W
240,33,YIL091C
241,33,YDR365C
242,33,YDR412W
243,33,YGL171W
244,33,YGL111W
245,33,YBR142W
246,33,YKL172W
247,33,YMR014W
248,33,YDR299W
249,33,YJR091C
250,33,YIR012W
251,33,YJL010C
252,33,YHR065C
253,33,YOL080C
254,33,YHR197W
255,33,YLL008W
256,33,YKL099C
257,33,YHR085W
258,33,YNL132W
259,33,YDL063C
260,33,YER127W
261,33,YOR119C
262,33,YDL167C
263,33,YLR196W
264,33,YNR038W
265,33,YIL127C
266,33,YMR290C
267,33,YHR052W
268,33,YFR001W
269,33,YNL075W
270,33,YPL012W
271,33,YER036C
272,33,YDR161W
273,33,YNL227C
274,33,YDL060W
275,33,YKL014C
276,33,YNL112W
277,33,YOR287C
278,33,YGL029W
279,33,YER006W
280,33,YFL002C
281,33,YDR496C
282,33,YLR009W
283,33,YNR053C
284,33,YOL041C
285,33,YKL143W
286,33,YDR083W
287,33,YER126C
288,33,YNR054C
289,33,YPL146C
290,33,YDR312W
291,33,YPL226W
292,33,YNL308C
293,33,YJL033W
294,33,YDR087C
295,33,YOR206W
296,33,YCR087C-A
297,33,YOR056C
298,33,YGL014W
299,33,YNL110C
300,33,YLR276C
301,33,YDR398W
302,33,YGR245C
303,33,YOR294W
304,33,YPL043W
305,33,YKR024C
306,33,YHR170W
307,33,YHR066W
308,33,YNL207W
309,33,YNL182C
310,33,YDL051W
311,33,YAL025C
312,33,YGR271C-A
313,33,YHR088W
314,33,YDL153C
315,33,YML074C
316,33,YGR280C
317,33,YAL059W
318,33,YBR267W
319,33,YLL034C
320,33,YBL028C
321,33,YPL217C
322,33,YLR106C
323,33,YKR081C
324,33,YKL009W
325,33,YLR435W
326,33,YNL175C
327,33,YER002W
328,33,YGR103W
329,33,YOL144W
330,33,YJL122W
331,33,YLR336C
332,33,YNL163C
333,33,YLR022C
334,33,YGR145W
335,33,YIR026C
336,33,YGL099W
337,33,YOR004W
338,33,YKL021C
339,33,YLR221C
340,33,YEL055C
341,33,YKR056W
342,33,YDR101C
343,33,YGR187C
344,33,YNL224C
345,33,YMR131C
346,33,YKL082C
347,33,YLR074C
348,33,YDR194C
349,33,YMR269W
350,33,YCL054W
351,33,YNL061W
352,33,YGL078C
353,33,YML093W
354,33,YLR449W
355,33,YBR192W
356,33,YKR092C
357,33,YDR184C
358,33,YPL093W
359,33,YLR051C
360,33,YGR159C
361,33,YDL031W
362,33,YPR143W
363,33,YCR072C
364,33,YDR060W
365,33,YLR002C
366,34,YJL050W
367,34,YMR239C
368,35,YMR049C
369,35,YHR169W
370,35,YLR401C
371,35,YPL266W
372,36,YNL248C
373,36,YPR010C
374,36,YOR340C
375,36,YOR341W
376,36,YPL263C
377,37,YPL207W
378,37,YHR070W
379,37,YOL141W
380,37,YGL050W
381,38,YHR128W
382,38,YDR400W
383,38,YDR020C
384,38,YNR012W
385,39,YMR271C
386,39,YDR007W
387,39,YOR128C
388,39,YLR014C
389,39,YEL063C
390,39,YKL216W
391,39,YML106W
392,39,YEL021W
393,40,YER005W
394,41,YLR245C
395,42,YKL024C
396,43,YDR012W
397,43,YLR061W
398,43,YGR169C-A
399,43,YLR048W
400,43,YJR145C
401,43,YMR143W
402,43,YGR054W
403,43,YLR264W
404,43,YDR450W
405,43,YGR085C
406,43,YNL162W
407,43,YHL015W
408,43,YDR447C
409,43,YMR116C
410,43,YJR123W
411,43,YGL189C
412,43,YDL083C
413,43,YJL190C
414,43,YPR132W
415,43,YLR448W
416,43,YCR031C
417,43,YLR344W
418,43,YBR191W
419,43,YAL035W
420,43,YOL040C
421,43,YGL030W
422,43,YJL136C
423,43,YKL056C
424,43,YGR118W
425,43,YLL045C
426,43,YDL130W
427,43,YBR084C-A
428,43,YLR150W
429,43,YKL156W
430,43,YPL037C
431,43,YDL082W
432,43,YNL096C
433,43,YGR027C
434,43,YMR121C
435,43,YNL069C
436,43,YLR441C
437,43,YLR325C
438,43,YBL087C
439,43,YOL121C
440,43,YGR214W
441,43,YHR203C
442,43,YGL147C
443,43,YFR032C-A
444,43,YER117W
445,43,YER102W
446,43,YOR369C
447,43,YDL081C
448,43,YNL178W
449,43,YHR141C
450,43,YOR234C
451,43,YGR201C
452,43,YPL090C
453,43,YIL133C
454,43,YML024W
455,43,YPL239W
456,43,YIL069C
457,43,YLR367W
458,43,YER074W
459,43,YLR406C
460,43,YML073C
461,43,YPL249C-A
462,43,YHR021C
463,43,YPL079W
464,43,YOR312C
465,43,YOR182C
466,43,YOL120C
467,43,YBR048W
468,43,YPL220W
469,43,YDR064W
470,43,YOR167C
471,43,YGR148C
472,43,YBR189W
473,43,YIL018W
474,43,YDR385W
475,43,YAL003W
476,43,YHL033C
477,43,YPL131W
478,43,YDL075W
479,43,YLR333C
480,43,YLR075W
481,43,YDR025W
482,43,YPL198W
483,43,YBR031W
484,43,YMR230W
485,43,YNL067W
486,43,YFR031C-A
487,43,YFL034C-A
488,43,YGL123W
489,43,YBL072C
490,43,YMR146C
491,43,YPR043W
492,43,YKR057W
493,43,YPL081W
494,43,YLR029C
495,43,YJR094W-A
496,43,YMR142C
497,43,YHR193C
498,43,YMR194W
499,43,YLR287C-A
500,43,YOL039W
501,43,YJR113C
502,43,YML063W
503,43,YMR242C
504,43,YDL061C
505,43,YML026C
506,43,YNL081C
507,43,YJL189W
508,43,YER131W
509,43,YNL301C
510,43,YBR181C
511,43,YGR034W
512,43,YNL302C
513,43,YJL191W
514,43,YKL006W
515,43,YLR388W
516,43,YPL143W
517,43,YDR382W
518,43,YGL031C
519,43,YEL054C
520,43,YGL103W
521,43,YBL092W
522,43,YOR293W
523,43,YOR133W
524,43,YEL034W
525,43,YHR010W
526,43,YMR260C
527,43,YLR340W
528,43,YPR102C
529,43,YOR096W
530,43,YIL052C
531,44,YLR387C
532,44,YBL027W
533,44,YJL177W
534,44,YKL180W
535,44,YNL002C
536,44,YPR016C
537,44,YDL136W
538,44,YDL191W
539,44,YGL076C
540,44,YLR185W
541,44,YER056C-A
542,44,YGL135W
543,44,YHL001W
544,44,YOR063W
545,44,YDR418W
546,44,YDR500C
547,44,YDR417C
548,44,YDR471W
549,45,YLR167W
550,45,YKR094C
551,45,YIL148W
552,46,YPL048W
553,46,YKL081W
554,47,YNL209W
555,48,YBR118W
556,48,YGR211W
557,49,YER025W
558,50,YOL127W
559,51,YJR064W
560,51,YIL142W
561,52,YBL038W
562,52,YDR116C
563,52,YKR006C
564,52,YML009C
565,52,YPL183W-A
566,52,YDR115W
567,52,YKL138C
568,52,YMR193W
569,52,YNL122C
570,52,YBR282W
571,52,YBR122C
572,52,YPR099C
573,52,YCR071C
574,52,YNL252C
575,52,YDR322W
576,52,YJL063C
577,52,YPL173W
578,52,YKL170W
579,52,YBR146W
580,52,YMR225C
581,52,YGR220C
582,52,YOR150W
583,52,YKR085C
584,52,YCR003W
585,52,YEL050C
586,52,YMR286W
587,52,YHR038W
588,52,YDR405W
589,52,YNL005C
590,52,YMR024W
591,52,YNL284C
592,52,YCR046C
593,52,YLR439W
594,52,YDR462W
595,52,YNL177C
596,52,YNL185C
597,52,YPR100W
598,52,YJL096W
599,52,YNR022C
600,52,YBR268W
601,53,YMR309C
602,53,YOR361C
603,53,YMR012W
604,53,YBR079C
605,53,YDR429C
606,54,YPR080W
607,55,YDR188W
608,55,YJL014W
609,55,YDL143W
610,55,YJL111W
611,56,Q0045
612,57,YNL052W
613,57,YPR191W
614,57,YJL166W
615,57,YPR021C
616,57,YDL067C
617,57,YGL187C
618,57,YDR529C
619,57,YIL111W
620,57,YMR145C
621,57,YDR375C
622,57,YHR001W-A
623,57,YFR033C
624,57,YBL045C
625,57,YGL226W
626,57,YDL085W
627,57,YGR183C
628,57,Q0120
629,57,YML120C
630,57,YOR065W
631,57,YDR119W-A
632,57,YJL003W
633,57,YGL191W
634,57,YLR395C
635,58,YKL087C
636,58,YBR037C
637,58,YPL172C
638,58,YBR024W
639,58,YER141W
640,59,Q0250
641,59,YNR018W
642,59,Q0060
643,59,Q0070
644,59,Q0050
645,59,Q0065
646,59,YML030W
647,60,YLR067C
648,61,YGL080W
649,61,YEL024W
650,62,Q0275
651,63,YHR051W
652,64,YPL189C-A
653,64,YIL157C
654,64,YJL062W-A
655,64,YGR112W
656,64,YML129C
657,65,YMR256C
658,65,YPR010C-A
659,65,YLR038C
660,66,Q0105
661,67,YLR203C
662,68,YBL099W
663,68,YPL271W
664,68,YDR377W
665,68,YDR298C
666,68,YJR121W
667,68,YBR039W
668,68,YOL077W-A
669,68,YPR020W
670,68,YBL030C
671,68,YDL004W
672,68,Q0130
673,68,YKL016C
674,68,YML081C-A
675,68,YDR322C-A
676,68,Q0080
677,69,Q0055
678,69,Q0110
679,70,Q0085
680,71,YDR175C
681,71,YDL045W-A
682,71,YPL118W
683,71,YKL155C
684,71,YDR347W
685,71,YLR312W-A
686,71,YNL306W
687,71,YMR188C
688,71,YHR147C
689,71,YHL004W
690,71,YDR036C
691,71,YHR059W
692,71,YGR150C
693,71,YOR158W
694,71,YNL137C
695,71,YML025C
696,71,YGL129C
697,71,YGR084C
698,71,YDR337W
699,71,YGR215W
700,71,YIL093C
701,71,YBL090W
702,71,YPR166C
703,71,YER050C
704,71,YMR158W
705,71,YJR101W
706,71,YDL202W
707,71,YGR076C
708,71,YDR237W
709,71,YBR251W
710,71,YNR036C
711,71,YPL013C
712,71,YDR041W
713,71,YKL003C
714,71,YNR037C
715,71,Q0140
716,71,YGR165W
717,72,Q0075
718,72,YIR021W
719,72,Q0115
720,73,YMR038C
721,73,YLL018C-A
722,73,YPL132W
723,73,YHR116W
724,73,YLL009C
725,73,YJR034W
726,74,YDR197W
727,74,YDL069C
728,75,YLL041C
729,75,YLR164W
730,75,YOL071W
731,75,YMR118C
732,75,YJL045W
733,75,YKL148C
734,75,YDR178W
735,75,YKL141W
736,76,YEL039C
737,77,YJR048W
738,78,YGR174C
739,78,YPL215W
740,78,YBR120C
741,79,YOR266W
742,79,YDL107W
743,79,YGR062C
744,80,YEL059C-A
745,80,YDR231C
746,81,YLR163C
747,81,YHR024C
748,82,YDR296W
749,82,YKL011C
750,83,YNL030W
751,83,YLL022C
752,83,YBR010W
753,83,YPL001W
754,83,YPL127C
755,83,YOL054W
756,83,YGL060W
757,83,YNL031C
758,83,YNL246W
759,84,YBR166C
760,84,YNL316C
761,85,YBR289W
762,86,YCR053W
763,87,YDL115C
764,88,YDR301W
765,88,YKL059C
766,88,YLR115W
767,88,YOR250C
768,88,YPR107C
769,88,YLR277C
770,88,YNL317W
771,88,YAL043C
772,88,YOR179C
773,88,YGL044C
774,88,YJR093C
775,88,YDR195W
776,89,YDR469W
777,89,YHR119W
778,89,YBR258C
779,90,YDR359C
780,90,YFL024C
781,90,YML041C
782,90,YEL018W
783,90,YLR052W
784,90,YGR002C
785,90,YNL059C
786,90,YOR189W
787,90,YDR129C
788,90,YOR239W
789,90,YNL107W
790,90,YNL136W
791,90,YIL138C
792,90,YOR367W
793,90,YOR122C
794,90,YJL081C
795,90,YLR385C
796,90,YFL013C
797,90,YAL011W
798,90,YNL138W
799,90,YLL050C
800,90,YGR080W
801,90,YFL039C
802,90,YDR334W
803,90,YDR485C
804,90,YNL079C
805,90,YER092W
806,90,YBR231C
807,90,YMR092C
808,90,YDR063W
809,90,YMR109W
810,90,YLR429W
811,91,YLR357W
812,91,YGR056W
813,91,YBL006C
814,91,YFL049W
815,91,YGR275W
816,91,YPR034W
817,91,YNR023W
818,91,YLR033W
819,91,YOR290C
820,91,YDR303C
821,91,YML127W
822,91,YIL126W
823,91,YDR073W
824,91,YLR321C
825,91,YJL176C
826,91,YMR091C
827,91,YHR056C
828,91,YPR052C
829,91,YKR008W
830,91,YCR052W
831,91,YCR020W-B
832,91,YHL025W
833,91,YFR037C
834,91,YMR033W
835,92,YDL087C
836,92,YLR298C
837,92,YKL012W
838,92,YNL138W-A
839,92,YLR275W
840,92,YBR237W
841,92,YIL061C
842,92,YPL064C
843,92,YGR013W
844,92,YBL074C
845,92,YDR243C
846,92,YDR240C
847,92,YIR005W
848,92,YDR473C
849,92,YPR178W
850,92,YMR288W
851,92,YLR147C
852,92,YFL017W-A
853,92,YGR074W
854,92,YLR117C
855,92,YIR009W
856,92,YGR075C
857,92,YDL030W
858,92,YDL098C
859,92,YLR016C
860,92,YDR416W
861,92,YOR308C
862,92,YGR129W
863,92,YPR094W
864,92,YML049C
865,92,YML046W
866,92,YOR319W
867,92,YNL286W
868,92,YJL203W
869,92,YER029C
870,92,YHR165C
871,92,YDR235W
872,92,YDL043C
873,92,YOR159C
874,92,YGL174W
875,92,YPR182W
876,92,YHR156C
877,92,YPR082C
878,92,YKL183W
879,92,YGR006W
880,92,YPL213W
881,92,YMR240C
882,92,YBR152W
883,93,YGR208W
884,93,YOR184W
885,94,YPL178W
886,94,YMR125W
887,94,YPR057W
888,95,YML060W
889,95,YMR201C
890,96,YMR061W
891,96,YBL051C
892,97,YNL251C
893,97,YPL190C
894,98,YOL148C
895,98,YOR213C
896,98,YJR082C
897,98,YDR448W
898,98,YBR081C
899,98,YGL066W
900,98,YCR082W
901,98,YMR127C
902,98,YPL254W
903,98,YOR244W
904,98,YLR055C
905,98,YBR111W-A
906,98,YDR181C
907,98,YHR090C
908,98,YMR223W
909,98,YDR392W
910,98,YCL010C
911,98,YOR023C
912,98,YPL047W
913,98,YDR176W
914,98,YGR252W
915,99,YGL246C
916,99,YOR048C
917,99,YDR370C
918,100,YJL168C
919,100,YJR119C
920,100,YER051W
921,100,YDR440W
922,101,YGR274C
923,101,YMR227C
924,101,YDL070W
925,102,YGR095C
926,102,YNR024W
927,102,YGR158C
928,102,YHR069C
929,102,YOL021C
930,102,YGR195W
931,102,YMR287C
932,102,YPR189W
933,102,YDR374C
934,102,YNL299W
935,102,YDR280W
936,102,YDL111C
937,102,YCR035C
938,102,YIL079C
939,102,YNL232W
940,102,YDL175C
941,102,YOR001W
942,102,YOL115W
943,102,YOL142W
944,102,YHR081W
945,102,YLR398C
946,103,YNL222W
947,104,YER023W
948,105,YJR072C
949,106,YMR275C
950,106,YML111W
951,106,YPR030W
952,106,YKR021W
953,106,YGR055W
954,106,YOR322C
955,106,YLR392C
956,106,YMR171C
957,106,YGR068C
958,106,YPL176C
959,106,YFR022W
960,106,YJL084C
961,106,YER125W
962,106,YOR018W
963,106,YBL101C
964,106,YOR138C
965,106,YBR021W
966,107,YMR100W
967,107,YGL058W
968,107,YPL055C
969,108,YLR430W
970,109,YDR228C
971,109,YOL123W
972,110,YER151C
973,110,YNR051C
974,111,YJR017C
975,112,YPL094C
976,112,YLR292C
977,112,YER087C-B
978,112,YER019C-A
979,112,YLR378C
980,112,Q0160
981,112,YBR171W
982,113,YDL185W
983,114,YMR138W
984,114,YOR349W
985,114,YKL079W
986,114,YFL037W
987,114,YNL148C
988,114,YPL241C
989,114,YOR265W
990,114,YML085C
991,114,YML124C
992,114,YER007W
993,114,YER184C
994,115,YOR262W
995,115,YDR527W
996,116,YDR297W
997,116,YBR183W
998,116,YHL003C
999,116,YOR171C
1000,116,YKR053C
1001,116,YLR260W
1002,116,YDR294C
1003,116,YBR265W
1004,116,YKL008C
1005,116,YPL087W
1006,116,YMR298W
1007,116,YJL134W
1008,117,YDR541C
1009,117,YDL114W
1010,118,YDR062W
1011,118,YMR296C
1012,119,YBR287W
1013,119,YBR283C
1014,120,YDR086C
1015,121,YDL020C
1016,121,YLR024C
1017,121,YGL017W
1018,122,YBR216C
1019,122,YML007W
1020,123,YOR157C
1021,123,YGR253C
1022,123,YER012W
1023,123,YBR295W
1024,123,YBL041W
1025,123,YPR103W
1026,123,YER094C
1027,123,YJL001W
1028,123,YOL038W
1029,123,YMR314W
1030,123,YGR135W
1031,124,YKL203C
1032,124,YNL006W
1033,124,YBR270C
1034,124,YOL078W
1035,124,YHR186C
1036,124,YER093C
1037,124,YBR028C
1038,124,YJL058C
1039,124,YPL180W
1040,124,YMR068W
1041,124,YJR066W
1042,125,YDR466W
1043,125,YBL105C
1044,126,YNL270C
1045,126,YCR027C
1046,127,YFR040W
1047,127,YDL047W
1048,127,YPR040W
1049,127,YJL098W
1050,128,YDL188C
1051,128,YIL153W
1052,128,YDR075W
1053,128,YPL152W
1054,128,YAL016W
1055,128,YMR028W
1056,128,YDL134C
1057,128,YGR161C
1058,128,YNR032W
1059,128,YDR435C
1060,129,YDR283C
1061,130,YGL073W
1062,131,YGL180W
1063,131,YLR423C
1064,131,YMR159C
1065,131,YLL042C
1066,131,YLR431C
1067,131,YPL166W
1068,131,YNL242W
1069,131,YNL223W
1070,131,YPL149W
1071,131,YDL149W
1072,131,YNR007C
1073,131,YPL100W
1074,131,YHR171W
1075,131,YPR185W
1076,131,YJL178C
1077,131,YDR022C
1078,132,YGR099W
1079,132,YLR085C
1080,132,YEL044W
1081,132,YNL215W
1082,132,YPL235W
1083,132,YHR034C
1084,132,YOR141C
1085,132,YKL033W
1086,132,YPR085C
1087,132,YCR060W
1088,132,YJR136C
1089,132,YHR040W
1090,132,YDR190C
1091,133,YBR077C
1092,133,YML121W
1093,133,YGL023C
1094,133,YGR163W
1095,133,YCR075W-A
1096,134,YGR249W
1097,134,YHR206W
1098,134,YJR147W
1099,135,YNL047C
1100,135,YIL105C
1101,136,YOR260W
1102,136,YPR041W
1103,136,YGR083C
1104,136,YDR211W
1105,136,YPL237W
1106,136,YJR007W
1107,136,YKR026C
1108,136,YLR192C
1109,136,YJL138C
1110,137,YCL037C
1111,137,YOR204W
1112,137,YOL139C
1113,137,YGL064C
1114,137,YDR515W
1115,137,YKR059W
1116,137,YPL119C
1117,137,YOR276W
1118,138,YMR103C
1119,138,YMR104C
1120,139,YOR005C
1121,139,YMR137C
1122,139,YLR265C
1123,139,YGL090W
1124,139,YCR014C
1125,139,YMR284W
1126,139,YMR106C
1127,140,YHR057C
1128,140,YNL135C
1129,140,YML078W
1130,140,YLR179C
1131,141,YLR199C
1132,141,YBR173C
1133,141,YPL144W
1134,141,YLR021W
1135,141,YKL206C
1136,142,YFR052W
1137,142,YDR394W
1138,142,YGL011C
1139,142,YGL048C
1140,142,YER021W
1141,142,YPR108W
1142,142,YKL145W
1143,142,YGR232W
1144,142,YIL075C
1145,142,YBR272C
1146,142,YHR200W
1147,142,YML092C
1148,142,YHR027C
1149,142,YHL030W
1150,142,YIL007C
1151,142,YOR259C
1152,142,YLR421C
1153,142,YOR261C
1154,142,YOR362C
1155,142,YOR117W
1156,142,YDR363W-A
1157,142,YFL007W
1158,142,YGL004C
1159,142,YDL007W
1160,142,YFR050C
1161,142,YDL097C
1162,142,YDR427W
1163,143,YDL147W
1164,144,YFR004W
1165,145,YFR010W
1166,146,YJL095W
1167,147,YJL008C
1168,148,YKL090W
1169,148,YER144C
1170,148,YLL039C
1171,149,YGR286C
1172,150,YOR176W
1173,151,YHR122W
1174,151,YIL003W
1175,151,YNL240C
1176,151,YPR048W
1177,151,YIL128W
1178,151,YDR267C
1179,151,YGL091C
1180,152,YOR295W
1181,152,YLR141W
1182,152,YBL025W
1183,152,YML043C
1184,152,YMR270C
1185,152,YJL025W
1186,152,YBL014C
1187,153,YEL009C
1188,153,YIL036W
1189,153,YDR034C
1190,154,YDR395W
1191,154,YLR347C
1192,154,YOR160W
1193,154,YMR308C
1194,154,YBR017C
1195,154,YDR335W
1196,154,YPL125W
1197,154,YJR132W
1198,154,YGL241W
1199,154,YGL016W
1200,155,YPL082C
1201,156,YHR099W
1202,157,YOL012C
1203,158,YBR019C
1204,158,YBR018C
1205,158,YBR020W
1206,158,YML051W
1207,158,YLR081W
1208,158,YDR009W
1209,158,YPL248C
1210,159,YLR244C
1211,159,YBL091C
1212,159,YNR029C
1213,159,YHR112C
1214,160,YHR013C
1215,160,YMR069W
1216,160,YPR051W
1217,160,YOR253W
1218,160,YDL040C
1219,160,YOL076W
1220,160,YCR020C-A
1221,160,YEL053C
1222,161,YOR091W
1223,161,YAL036C
1224,161,YDR152W
1225,161,YGR173W
1226,162,YEL051W
1227,163,YOR332W
1228,163,YEL027W
1229,163,YLR447C
1230,163,YGR020C
1231,163,YMR054W
1232,163,YBR127C
1233,163,YGR106C
1234,163,YHR132C
1235,163,YHR026W
1236,163,YGR105W
1237,163,YOR161C
1238,163,YKL080W
1239,163,YPL234C
1240,163,YPR036W
1241,163,YHR039C-A
1242,164,YNL315C
1243,164,YIL098C
1244,164,YJL180C
1245,165,YER154W
1246,165,YOL027C
1247,166,YFL036W
1248,166,YOR330C
1249,166,YMR228W
1250,166,YDL044C
1251,167,YLR393W
1252,167,YNR020C
1253,168,YPL078C
1254,169,YLR295C
1255,169,YLR294C
1256,170,YPL069C
1257,170,YJL167W
1258,171,YDL193W
1259,171,YMR101C
1260,171,YIL049W
1261,171,YBR002C
1262,172,YDR204W
1263,172,YLR201C
1264,172,YML110C
1265,172,YLR290C
1266,172,YBR003W
1267,173,YPR122W
1268,173,YKL019W
1269,173,YDR410C
1270,173,YJR117W
1271,173,YDL090C
1272,173,YMR274C
1273,174,YHR007C
1274,174,YER044C
1275,174,YGL012W
1276,174,YNL280C
1277,174,YMR202W
1278,174,YPL170W
1279,174,YGR175C
1280,174,YLR056W
1281,174,YMR015C
1282,174,YGL001C
1283,174,YGR060W
1284,174,YML008C
1285,174,YDR213W
1286,175,YHR190W
1287,175,YNR043W
1288,175,YML126C
1289,175,YML075C
1290,175,YMR208W
1291,175,YHR072W
1292,175,YLR100W
1293,175,YPL117C
1294,175,YMR220W
1295,175,YLR450W
1296,176,YIL031W
1297,176,YDL064W
1298,176,YPR180W
1299,176,YDR409W
1300,176,YDR390C
1301,177,YJR042W
1302,177,YKR082W
1303,177,YDL088C
1304,177,YML103C
1305,177,YKR095W
1306,177,YJL041W
1307,177,YGR119C
1308,177,YDR002W
1309,177,YDR192C
1310,177,YGL097W
1311,177,YKL057C
1312,177,YML031W
1313,177,YJL061W
1314,177,YDL116W
1315,177,YMR153W
1316,177,YKL068W
1317,177,YER107C
1318,177,YJL039C
1319,177,YIL063C
1320,177,YBL079W
1321,177,YGL172W
1322,177,YMR235C
1323,177,YOR098C
1324,177,YIL115C
1325,177,YGL092W
1326,177,YER105C
1327,177,YFR002W
1328,177,YMR047C
1329,177,YLR335W
1330,177,YIL149C
1331,178,YBR082C
1332,178,YDR059C
1333,178,YDR177W
1334,179,YBR088C
1335,180,YCR065W
1336,180,YIL131C
1337,180,YDR451C
1338,180,YMR043W
1339,180,YML027W
1340,181,YCR066W
1341,182,YFR027W
1342,182,YER147C
1343,182,YMR076C
1344,182,YJL074C
1345,182,YFL008W
1346,182,YPR007C
1347,182,YIL026C
1348,182,YDL003W
1349,182,YDR014W
1350,183,YDR386W
1351,183,YBR073W
1352,183,YBR228W
1353,183,YOR033C
1354,183,YBR098W
1355,183,YLR032W
1356,183,YNL218W
1357,183,YDR076W
1358,183,YML032C
1359,183,YOR191W
1360,183,YDL059C
1361,183,YJL092W
1362,183,YLR234W
1363,183,YPL024W
1364,183,YMR190C
1365,183,YML061C
1366,183,YDR363W
1367,183,YER041W
1368,183,YLR135W
1369,184,YJL141C
1370,184,YPL247C
1371,184,YJL142C
1372,185,YKR029C
1373,185,YAL013W
1374,185,YLR183C
1375,185,YGL194C
1376,185,YIL084C
1377,185,YPR068C
1378,185,YMR263W
1379,185,YBR103W
1380,185,YPL116W
1381,185,YBL054W
1382,185,YDL076C
1383,185,YMR053C
1384,185,YDR207C
1385,185,YNL330C
1386,185,YPL181W
1387,185,YPL139C
1388,185,YMR075W
1389,185,YER088C
1390,185,YCR033W
1391,185,YNL097C
1392,185,YBR095C
1393,185,YOL004W
1394,186,YOR156C
1395,187,YGL087C
1396,188,YLR007W
1397,188,YEL019C
1398,188,YER038C
1399,188,YDR288W
1400,188,YML023C
1401,188,YOL034W
1402,188,YDL105W
1403,188,YLR383W
1404,189,YLR394W
1405,190,YDR489W
1406,190,YNL262W
1407,190,YKL108W
1408,190,YBR060C
1409,190,YPR162C
1410,190,YGL113W
1411,190,YKL045W
1412,190,YEL032W
1413,190,YMR048W
1414,190,YGL201C
1415,190,YBR202W
1416,190,YOL006C
1417,190,YBL023C
1418,190,YDL017W
1419,190,YOL094C
1420,190,YPR019W
1421,190,YBL097W
1422,190,YFR031C
1423,190,YJL072C
1424,190,YNL290W
1425,190,YIL150C
1426,190,YNL102W
1427,190,YJR068W
1428,190,YLR274W
1429,190,YLL004W
1430,190,YOR060C
1431,190,YLR086W
1432,190,YHR118C
1433,190,YBR087W
1434,190,YNL261W
1435,190,YBR278W
1436,190,YJL090C
1437,190,YDR052C
1438,190,YJR046W
1439,190,YIR008C
1440,190,YML065W
1441,190,YDR013W
1442,190,YPR175W
1443,190,YOL146W
1444,190,YFR038W
1445,190,YLR103C
1446,190,YOR217W
1447,190,YBL035C
1448,191,YOR112W
1449,191,YLR293C
1450,191,YJR074W
1451,191,YOR185C
1452,191,YER009W
1453,192,YNL088W
1454,193,YDR202C
1455,193,YJL149W
1456,193,YPL003W
1457,193,YLR352W
1458,193,YOR080W
1459,193,YDR054C
1460,193,YER066W
1461,193,YOL025W
1462,193,YML088W
1463,193,YDL132W
1464,193,YLR128W
1465,193,YNL311C
1466,193,YMR094W
1467,193,YDR328C
1468,194,YKL210W
1469,194,YEL012W
1470,195,YOL138C
1471,195,YDR128W
1472,195,YNR026C
1473,195,YLR208W
1474,195,YKL176C
1475,195,YGL100W
1476,195,YHL023C
1477,195,YCR067C
1478,195,YEL062W
1479,195,YBL104C
1480,195,YJR138W
1481,195,YGR057C
1482,195,YHR035W
1483,195,YPL085W
1484,196,YPL020C
1485,196,YKR063C
1486,196,YLL035W
1487,197,YDR092W
1488,197,YLR247C
1489,198,YDR510W
1490,199,YHR148W
1491,199,YHR089C
1492,199,YDL014W
1493,199,YLR186W
1494,199,YNL124W
1495,199,YOR310C
1496,199,YDR339C
1497,199,YLR197W
1498,199,YOR309C
1499,199,YLR175W
1500,200,YDR314C
1501,200,YML011C
1502,201,YGL163C
1503,201,YDR004W
1504,201,YER095W
1505,201,YDR263C
1506,201,YDR014W-A
1507,202,YDR295C
1508,202,YPR179C
1509,202,YNL021W
1510,203,YNL118C
1511,203,YGL173C
1512,203,YJL124C
1513,203,YCR077C
1514,204,YNL244C
1515,204,YDR091C
1516,204,YNL260C
1517,204,YJR067C
1518,205,YGL120C
1519,206,YOR272W
1520,207,YNL007C
1521,208,YKL106W
1522,208,YLR027C
1523,208,YDR111C
1524,208,YLR089C
1525,209,YDL215C
1526,209,YOR375C
1527,209,YAL062W
1528,210,YDR050C
1529,211,YFL030W
1530,211,YPL113C
1531,211,YEL046C
1532,212,YJL071W
1533,212,YMR062C
1534,213,YPL262W
1535,214,YNR033W
1536,214,YDR354W
1537,214,YDR127W
1538,214,YPR060C
1539,214,YBR235W
1540,214,YBR249C
1541,214,YMR289W
1542,214,YGL148W
1543,214,YDR035W
1544,214,YBR248C
1545,214,YKL211C
1546,215,YFR025C
1547,215,YIL020C
1548,215,YIL116W
1549,215,YCL030C
1550,216,YER055C
1551,217,YOL140W
1552,217,YJL088W
1553,217,YER069W
1554,218,YGL026C
1555,218,YER090W
1556,219,YGR061C
1557,220,YMR300C
1558,221,YKL109W
1559,221,YGL237C
1560,221,YOR358W
1561,221,YBL021C
1562,222,YOR202W
1563,223,YLR142W
1564,223,YOR348C
1565,224,YIR027C
1566,224,YIR028W
1567,224,YIR029W
1568,224,YIR032C
1569,224,YMR292W
1570,225,YEL026W
1571,226,YNL001W
1572,226,YKR084C
1573,227,YKL001C
1574,227,YPR167C
1575,228,YKR069W
1576,228,YBR213W
1577,229,YDR253C
1578,229,YPL038W
1579,229,YJR060W
1580,229,YNL103W
1581,229,YIR017C
1582,230,YFR030W
1583,230,YJR137C
1584,231,YCL007C
1585,231,YOL064C
1586,231,YDR530C
1587,231,YCL050C
1588,231,YJR010W
1589,232,YGR012W
1590,232,YLR303W
1591,233,YNL277W
1592,234,YBR294W
1593,234,YLR092W
1594,235,YKL149C
1595,235,YGR093W
1596,236,YPL151C
1597,236,YLR323C
1598,236,YNR011C
1599,236,YKR086W
1600,236,YNL245C
1601,236,YER013W
1602,236,YGR278W
1603,236,YBR188C
1604,236,YDL209C
1605,236,YJR050W
1606,236,YKL095W
1607,236,YGL128C
1608,236,YCR063W
1609,236,YOR148C
1610,236,YBR065C
1611,236,YAL032C
1612,236,YDR088C
1613,236,YDR482C
1614,236,YPR101W
1615,236,YNR032C-A
1616,236,YDR163W
1617,236,YLR424W
1618,236,YLL036C
1619,236,YKR022C
1620,236,YMR213W
1621,237,YIL172C
1622,237,YDR261C
1623,237,YOR190W
1624,237,YGR287C
1625,237,YIL162W
1626,237,YLR300W
1627,237,YIL099W
1628,238,YBR299W
1629,238,YBR297W
1630,238,YBR298C
1631,238,YGR292W
1632,238,YGR288W
1633,239,YCL040W
1634,240,YFR053C
1635,240,YDR342C
1636,240,YGL253W
1637,240,YDR343C
1638,240,YLR446W
1639,240,YDR516C
1640,241,YEL011W
1641,241,YPR184W
1642,242,YGR044C
1643,243,YGR289C
1644,243,YJL216C
1645,243,YOL157C
1646,244,YKL127W
1647,244,YDR074W
1648,244,YML100W
1649,244,YHL021C
1650,244,YMR105C
1651,244,YMR261C
1652,244,YPR160W
1653,245,YAL058W
1654,246,YGL226C-A
1655,246,YDL232W
1656,246,YML019W
1657,246,YMR149W
1658,246,YGL022W
1659,246,YJL002C
1660,247,YOR254C
1661,248,YCL043C
1662,249,YPR055W
1663,249,YPR017C
1664,249,YGL233W
1665,249,YGL104C
1666,249,YIL068C
1667,249,YBR102C
1668,249,YNL272C
1669,249,YDR166C
1670,249,YER008C
1671,249,YJL085W
1672,249,YPR032W
1673,249,YBR241C
1674,249,YFL005W
1675,249,YBR085W
1676,249,YLR166C
1677,250,YLR207W
1678,250,YOL013C
1679,250,YBR201W
1680,250,YDR057W
1681,251,YCL001W
1682,252,YOR336W
1683,253,YKR028W
1684,253,YGL229C
1685,253,YHR098C
1686,254,YBL040C
1687,255,YMR067C
1688,255,YMR264W
1689,255,YML029W
1690,255,YDR411C
1691,255,YKL213C
1692,255,YGR048W
1693,255,YDR330W
1694,255,YJL048C
1695,255,YDL126C
1696,255,YDR049W
1697,255,YLR137W
1698,255,YML013W
1699,255,YBR273C
1700,255,YMR022W
1701,255,YBR170C
1702,255,YNL155W
1703,255,YDR333C
1704,256,YGR284C
1705,257,YOL031C
1706,257,YBR219C
1707,257,YJL034W
1708,257,YFL031W
1709,257,YIL005W
1710,257,YKL073W
1711,257,YOL088C
1712,257,YBR220C
1713,257,YMR214W
1714,257,YHR079C
1715,257,YMR161W
1716,257,YDR518W
1717,257,YFR041C
1718,257,YOR288C
1719,258,YPR181C
1720,258,YPL218W
1721,259,YOR085W
1722,260,YHR204W
1723,261,YDR221W
1724,261,YGL027C
1725,261,YFR042W
1726,261,YPR159W
1727,262,YOR067C
1728,262,YOR002W
1729,263,YML130C
1730,263,YPR037C
1731,264,YLR397C
1732,264,YEL052W
1733,265,YNL322C
1734,265,YBR229C
1735,266,YEL002C
1736,267,YJL194W
1737,268,YOR368W
1738,268,YAR007C
1739,268,YDL156W
1740,268,YJL173C
1741,268,YNL312W
1742,269,YBL063W
1743,269,YEL061C
1744,269,YOR058C
1745,269,YPL155C
1746,270,YDL155W
1747,270,YPR120C
1748,270,YGR109C
1749,270,YNL068C
1750,270,YMR199W
1751,270,YDR146C
1752,270,YOR372C
1753,270,YPL256C
1754,270,YGR108W
1755,270,YLR210W
1756,270,YPR119W
1757,270,YBR160W
1758,271,YBR252W
1759,272,YBR274W
1760,273,YPR135W
1761,273,YPL008W
1762,273,YHR191C
1763,273,YCL016C
1764,274,YDL028C
1765,275,YDL102W
1766,275,YIL139C
1767,275,YJR006W
1768,275,YJR043C
1769,276,YDL164C
1770,277,YJL065C
1771,277,YLR095C
1772,277,YGL133W
1773,277,YPL216W
1774,277,YFR013W
1775,277,YDR121W
1776,277,YMR044W
1777,278,YDR325W
1778,278,YJL030W
1779,278,YJL013C
1780,278,YGL086W
1781,278,YOR339C
1782,279,YJL026W
1783,279,YML058W-A
1784,279,YIL066C
1785,279,YGR180C
1786,279,YER070W
1787,280,YER173W
1788,280,YPL194W
1789,280,YDR499W
1790,280,YLR288C
1791,280,YBR136W
1792,281,YFL009W
1793,282,YFL029C
1794,283,YAR019C
1795,283,YPR111W
1796,283,YIL106W
1797,283,YFR028C
1798,283,YKR010C
1799,283,YDR110W
1800,283,YJL076W
1801,283,YHR152W
1802,283,YGR092W
1803,283,YOR195W
1804,284,YPL267W
1805,284,YGL003C
1806,285,YGL116W
1807,286,YGR098C
1808,286,YLR272C
1809,287,YGR188C
1810,288,YIL144W
1811,288,YOL069W
1812,289,YJL115W
1813,289,YML102W
1814,289,YOR038C
1815,289,YBR215W
1816,289,YJR140C
1817,289,YPR018W
1818,289,YBL008W
1819,289,YNL206C
1820,290,YJL187C
1821,291,YLR079W
1822,292,YPL153C
1823,293,YJR057W
1824,293,YOR074C
1825,294,YLR442C
1826,295,YKL113C
1827,296,YPL031C
1828,296,YIL050W
1829,296,YGL215W
1830,296,YPL219W
1831,296,YER059W
1832,296,YNL289W
1833,296,YHR071W
1834,296,YGL134W
1835,296,YDL127W
1836,296,YOL001W
1837,296,YDL179W
1838,297,YER073W
1839,297,YOR374W
1840,297,YMR169C
1841,297,YMR170C
1842,298,YML070W
1843,298,YIL155C
1844,298,YFL053W
1845,298,YBR230C
1846,299,YDL078C
1847,299,YKL085W
1848,300,YMR110C
1849,301,YJL102W
1850,301,YOR187W
1851,302,YLR312C
1852,302,YOR152C
1853,302,YBL078C
1854,302,YKR051W
1855,302,YBR217W
1856,302,YJL185C
1857,302,YOL083W
1858,302,YCR032W
1859,303,YPL017C
1860,303,YKL029C
1861,303,YBR221C
1862,303,YGR193C
1863,304,YGL068W
1864,305,YKR066C
1865,305,YPL246C
1866,305,YGR101W
1867,306,YIL114C
1868,306,YGR132C
1869,306,YGR231C
1870,307,YJR077C
1871,308,YLR069C
1872,309,YBR091C
1873,309,YOR045W
1874,309,YLR348C
1875,309,YNL070W
1876,309,YGR082W
1877,309,YPR133W-A
1878,309,YPL063W
1879,309,YNL131W
1880,309,YOL009C
1881,309,YJL143W
1882,309,YMR060C
1883,309,YMR203W
1884,309,YHR083W
1885,309,YOR297C
1886,309,YJL054W
1887,309,YGL219C
1888,309,YLL006W
1889,309,YDL217C
1890,309,YMR056C
1891,309,YNL121C
1892,309,YNL026W
1893,310,YOR142W
1894,311,YPL097W
1895,312,YDR234W
1896,312,YNR050C
1897,312,YIR034C
1898,312,YIL094C
1899,313,YOR017W
1900,313,YPL029W
1901,314,YOL072W
1902,314,YOR257W
1903,315,YDR159W
1904,316,YEL037C
1905,317,YIL132C
1906,317,YGR258C
1907,317,YLR376C
1908,317,YDR078C
1909,317,YHL006C
1910,317,YER162C
1911,318,YAL047C
1912,318,YLR212C
1913,318,YHR172W
1914,319,YJR084W
1915,319,YPR045C
1916,320,YPL255W
1917,320,YLR457C
1918,320,YLL003W
1919,320,YGL075C
1920,321,YOR228C
1921,321,YLL040C
1922,321,YHR105W
1923,321,YLR253W
1924,322,YNL126W
1925,323,YNL188W
1926,324,YPR141C
1927,325,YPL169C
1928,325,YKL186C
1929,325,YOR046C
1930,326,YKL192C
1931,327,YAL039C
1932,327,YHR109W
1933,327,YOR037W
1934,328,YDR376W
1935,329,YOR125C
1936,329,YOL008W
1937,329,YGL119W
1938,329,YNR041C
1939,330,YLR008C
1940,330,YGR033C
1941,330,YIL022W
1942,330,YJL104W
1943,330,YPL098C
1944,330,YKR065C
1945,330,YNR017W
1946,331,YJR135W-A
1947,331,YGR181W
1948,331,YEL020W-A
1949,331,YHR005C-A
1950,332,YJR045C
1951,332,YEL030W
1952,333,YMR002W
1953,333,YDR031W
1954,333,YKL195W
1955,333,YKL084W
1956,333,YLR218C
1957,333,YGR029W
1958,333,YMR244C-A
1959,334,YNL282W
1960,334,YML091C
1961,334,YGR030C
1962,334,YHR062C
1963,334,YDR478W
1964,334,YBR167C
1965,334,YBL018C
1966,334,YNL221C
1967,334,YIR015W
1968,334,YAL033W
1969,334,YBR257W
1970,334,YLR145W
1971,335,YHR075C
1972,336,YGR021W
1973,336,YNL259C
1974,337,YLR239C
1975,337,YAL044C
1976,338,YBR115C
1977,339,YDR511W
1978,339,YDR493W
1979,340,YPL231W
1980,340,YKL055C
1981,340,YOR221C
1982,340,YMR246W
1983,340,YKL182W
1984,340,YER061C
1985,340,YOR317W
1986,340,YHR067W
1987,340,YIL009W
1988,341,YPL148C
1989,341,YOR054C
1990,341,YGR277C
1991,341,YKL088W
1992,341,YGL154C
1993,341,YDR531W
1994,341,YIL083C
1995,341,YDR196C
1996,342,YCR005C
1997,342,YNR001C
1998,342,YOL126C
1999,343,YOR136W
2000,343,YLR304C
2001,343,YNL037C
2002,343,YNL009W
2003,344,YML054C
2004,345,YLR259C
2005,346,YDL066W
2006,346,YDR148C
2007,346,YFR049W
2008,346,YIL125W
2009,347,YIL134W
2010,347,YMR178W
2011,347,YDL045C
2012,347,YDR236C
2013,348,YGR244C
2014,349,YNR045W
2015,349,YER153C
2016,349,YGR222W
2017,350,YMR257C
2018,350,YMR150C
2019,351,YOL114C
2020,351,YGL143C
2021,352,YFL018C
2022,353,YIL042C
2023,353,YER178W
2024,354,YGR167W
2025,354,YJR125C
2026,354,YGL206C
2027,354,YKR001C
2028,354,YGR241C
2029,355,YJL046W
2030,356,YNL071W
2031,357,YCR047C
2032,357,YCR051W
2033,358,YDL208W
2034,359,YDR021W
2035,359,YHR077C
2036,360,YGL238W
2037,360,YLR271W
2038,360,YGR218W
2039,361,YOL124C
2040,362,YJL125C
2041,362,YDR165W
2042,363,YOL077C
2043,363,YER156C
2044,364,YPL211W
2045,365,YJR009C
2046,365,YKL060C
2047,365,YGR192C
2048,365,YJL052W
2049,366,YCR012W
2050,367,YBR143C
2051,368,YLR249W
2052,369,YBR119W
2053,369,YHR086W
2054,369,YNL187W
2055,369,YNL210W
2056,370,YDL160C
2057,370,YFR023W
2058,370,YPR129W
2059,370,YHR015W
2060,370,YGL178W
2061,371,YDR432W
2062,372,YGR162W
2063,372,YNL016W
2064,372,YGL049C
2065,373,YHR157W
2066,373,YER044C-A
2067,373,YJR021C
2068,373,YMR133W
2069,373,YLR329W
2070,374,YPL157W
2071,374,YNR004W
2072,375,YLR116W
2073,375,YPR169W
2074,376,YBR055C
2075,376,YFR005C
2076,376,YGR091W
2077,376,YKL173W
2078,376,YMR268C
2079,376,YJR022W
2080,376,YER172C
2081,377,YKL074C
2082,378,YBL080C
2083,378,YGL159W
2084,378,YGR102C
2085,378,YMR293C
2086,379,YFL022C
2087,379,YHR020W
2088,379,YOR168W
2089,379,YCR024C
2090,379,YDR037W
2091,379,YPL160W
2092,379,YBL076C
2093,379,YCR011C
2094,379,YKL194C
2095,379,YOR335C
2096,379,YPR081C
2097,379,YBR121C
2098,379,YGR094W
2099,379,YGL105W
2100,379,YGR185C
2101,379,YPL040C
2102,379,YLL018C
2103,379,YNL247W
2104,379,YOL097C
2105,379,YIL078W
2106,379,YGR264C
2107,379,YDR341C
2108,379,YLR060W
2109,379,YGL245W
2110,379,YHR019C
2111,379,YNL073W
2112,380,YDR494W
2113,380,YGL107C
2114,381,YGR255C
2115,381,YHR176W
2116,382,YLR283W
2117,382,YLR280C
2118,382,YLR281C
2119,383,YOL096C
2120,383,YPL109C
2121,384,YNL055C
2122,385,YHR162W
2123,386,YGR243W
2124,387,YOR197W
2125,387,YJL208C
2126,387,YNL305C
2127,387,YNL123W
2128,388,YKR079C
2129,388,YER168C
2130,389,YNR074C
2131,390,YBR227C
2132,391,YER065C
2133,392,YFR006W
2134,392,YMR111C
2135,393,YGR019W
2136,393,YBR006W
2137,394,YJL200C
2138,395,YJR104C
2139,396,YKL067W
2140,397,YLR136C
2141,398,YLR174W
2142,398,YJR095W
2143,399,YNL104C
2144,399,YHR002W
2145,399,YOR108W
2146,399,YLR355C
2147,400,YLR354C
2148,400,YDL236W
2149,400,YPR074C
2150,400,YGR194C
2151,400,YLR070C
2152,400,YJL121C
2153,401,YNL117W
2154,402,YPR002W
2155,402,YPR006C
2156,402,YPR001W
2157,403,YER053C
2158,404,YMR250W
2159,404,YBR214W
2160,405,YER067W
2161,406,YGR008C
2162,406,YHR138C
2163,406,YNL015W
2164,407,YLR258W
2165,408,YGR248W
2166,408,YLR252W
2167,408,YKL091C
2168,409,YLR151C
2169,409,YGR088W
2170,409,YDR256C
2171,409,YKL026C
2172,410,YCR083W
2173,410,YLR043C
2174,410,YPL091W
2175,410,YBR244W
2176,411,YKL197C
2177,411,YGR077C
2178,411,YJL210W
2179,411,YDR142C
2180,411,YDR265W
2181,411,YGR133W
2182,411,YNL329C
2183,411,YOL044W
2184,411,YGR239C
2185,411,YHR160C
2186,411,YAL055W
2187,411,YLR191W
2188,411,YNL214W
2189,411,YDR244W
2190,411,YGL153W
2191,412,YKR009C
2192,413,YJR078W
2193,413,YJL060W
2194,413,YJR025C
2195,413,YDR428C
2196,413,YBL098W
2197,413,YGR260W
2198,413,YLR231C
2199,414,YHR050W
2200,414,YHR008C
2201,414,YGR257C
2202,415,YOR180C
2203,415,YJR019C
2204,415,YGL205W
2205,415,YLR284C
2206,415,YBR041W
2207,415,YNL202W
2208,416,YML028W
2209,417,YOL067C
2210,417,YNL076W
2211,417,YGL252C
2212,417,YBL103C
2213,418,YIR037W
2214,419,YJL101C
2215,420,YAR015W
2216,420,YGL234W
2217,421,YBR068C
2218,421,YCL018W
2219,422,YBR196C
2220,422,YPL281C
2221,422,YOR283W
2222,422,YMR099C
2223,422,YOL056W
2224,422,YGR254W
2225,422,YHR174W
2226,422,YKL152C
2227,422,YOR393W
2228,422,YDL021W
2229,422,YMR323W
2230,423,YBR084W
2231,423,YER183C
2232,423,YDR019C
2233,423,YMR189W
2234,423,YBR263W
2235,423,YDR408C
2236,423,YGL125W
2237,423,YPL023C
2238,423,YKR080W
2239,423,YGR204W
2240,423,YLR058C
2241,424,YBR185C
2242,425,YMR089C
2243,425,YER017C
2244,426,YOR020C
2245,427,YBR112C
2246,427,YLR176C
2247,427,YPR065W
2248,428,YBL052C
2249,429,YBR009C
2250,430,YDR224C
2251,430,YBL002W
2252,431,YBL003C
2253,431,YDR225W
2254,432,YIL104C
2255,432,YLR262C-A
2256,432,YHR072W-A
2257,433,YPR023C
2258,434,YKR087C
2259,435,YMR302C
2260,435,YCL044C
2261,435,YPR024W
2262,435,YMR115W
2263,436,YLL001W
2264,436,YKR036C
2265,436,YJL112W
2266,436,YOR211C
2267,437,YMR176W
2268,437,YGL131C
2269,437,YER169W
2270,438,YPR204W
2271,438,YJR041C
2272,438,YKL078W
2273,438,YLR068W
2274,439,YNL141W
2275,439,YJR133W
2276,439,YDL238C
2277,440,YHR068W
2278,440,YJR047C
2279,441,YDL205C
2280,441,YDR047W
2281,441,YGL040C
2282,441,YDR044W
2283,441,YLR205C
2284,441,YOR278W
2285,442,YOR011W
2286,442,YOR009W
2287,442,YJR150C
2288,442,YIL011W
2289,443,YJR070C
2290,443,YOL022C
2291,444,YER086W
2292,444,YGL196W
2293,444,YCL064C
2294,445,YHR111W
2295,445,YNL119W
2296,445,YIL008W
2297,445,YGL211W
2298,446,YOR251C
2299,446,YOR285W
2300,447,YKL137W
2301,447,YBL059C-A
2302,448,YDR185C
2303,448,YKL053C-A
2304,448,YLR168C
2305,449,YBR262C
2306,449,YCL057C-A
2307,449,YKR016W
2308,449,YFR011C
2309,449,YGR235C
2310,449,YNL100W
2311,450,YKR071C
2312,451,YLR420W
2313,451,YDR321W
2314,451,YJL130C
2315,452,YPR035W
2316,452,YDL171C
2317,453,YER110C
2318,454,YPR145W
2319,454,YOL058W
2320,454,YGR124W
2321,455,YJR109C
2322,455,YOR302W
2323,455,YOR303W
2324,456,YMR217W
2325,456,YJR103W
2326,457,YLR155C
2327,458,YNL220W
2328,458,YML035C
2329,458,YML056C
2330,459,YKL104C
2331,460,YMR085W
2332,460,YMR084W
2333,461,YLR015W
2334,461,YAR003W
2335,462,YDR096W
2336,463,YDL181W
2337,463,YDL130W-A
2338,464,YBL015W
2339,464,YLR153C
2340,464,YAL054C
2341,465,YBR218C
2342,465,YNL036W
2343,465,YGL062W
2344,466,YIR031C
2345,467,YKR097W
2346,468,YPL028W
2347,469,YAL061W
2348,470,YBL064C
2349,470,YIL010W
2350,470,YDR453C
2351,470,YLR109W
2352,471,YMR175W
2353,471,YMR107W
2354,471,YBR117C
2355,471,YDL222C
2356,471,YMR174C
2357,471,YDL223C
2358,471,YBR116C
2359,471,YNL195C
2360,471,YGR043C
2361,472,YDL204W
2362,473,YLR270W
2363,473,YFL014W
2364,473,YHR087W
2365,473,YOL084W
2366,473,YML128C
2367,473,YMR090W
2368,473,YBR072W
2369,473,YOL052C-A
2370,473,YDR070C
2371,473,YKL151C
2372,473,YPL186C
2373,473,YDL110C
2374,473,YKL150W
2375,473,YJR096W
2376,473,YNL194C
2377,473,YNL200C
2378,473,YMR196W
2379,473,YOR173W
2380,473,YOR289W
2381,474,YEL020C
2382,475,YGL037C
2383,476,YMR020W
2384,477,YLR178C
2385,478,YML042W
2386,478,YAR035W
2387,478,YER024W
2388,479,YGR097W
2389,479,YDR536W
2390,479,YDL230W
2391,479,YLR113W
2392,479,YER089C
2393,479,YOR208W
2394,479,YLR248W
2395,479,YMR172W
2396,479,YBR182C
2397,479,YPR054W
2398,480,YDR248C
2399,480,YCR073W-A
2400,480,YGR256W
2401,480,YNR034W
2402,480,YHR183W
2403,480,YHR163W
2404,481,YIL136W
2405,482,YLR389C
2406,483,YPL223C
2407,484,YHR042W
2408,484,YIL043C
2409,485,YDL174C
2410,486,YDL226C
2411,486,YIL044C
2412,486,YDR524C
2413,486,YDL137W
2414,486,YER122C
2415,486,YNL204C
2416,486,YLR195C
2417,486,YEL022W
2418,486,YDL192W
2419,486,YDR373W
2420,487,YBR044C
2421,488,YDR212W
2422,489,YDR258C
2423,490,YBR137W
2424,490,YNL077W
2425,490,YLL026W
2426,490,YNL064C
2427,491,YPR004C
2428,492,YGR171C
2429,493,YAL012W
2430,494,YBL013W
2431,495,YER091C
2432,495,YLL058W
2433,495,YJR130C
2434,495,YML082W
2435,496,YPL104W
2436,496,YHR091C
2437,496,YOL033W
2438,497,YLR382C
2439,497,YPR047W
2440,497,YHR011W
2441,497,YER087W
2442,497,YDR268W
2443,498,YDR023W
2444,499,YBR175W
2445,500,YBR195C
2446,501,YOL017W
2447,501,YOR304W
2448,501,YBR245C
2449,502,YCL061C
2450,503,YDL042C
2451,503,YKR101W
2452,504,YDL074C
2453,505,YDL139C
2454,505,YMR168C
2455,505,YKL049C
2456,506,YEL056W
2457,507,YDR369C
2458,507,YGL033W
2459,507,YHR014W
2460,507,YHL022C
2461,507,YLR263W
2462,507,YGL183C
2463,507,YOR351C
2464,507,YIL072W
2465,507,YER179W
2466,508,YKR048C
2467,508,YER030W
2468,509,YLL002W
2469,510,YBR156C
2470,510,YHR199C-A
2471,510,YPL209C
2472,511,YNL273W
2473,512,YER161C
2474,512,YPL016W
2475,513,YPL138C
2476,514,YPR031W
2477,515,YDR216W
2478,515,YDR422C
2479,515,YMR280C
2480,515,YMR140W
2481,515,YMR011W
2482,515,YGL209W
2483,515,YER129W
2484,515,YGL208W
2485,515,YGL115W
2486,515,YJL089W
2487,515,YHR094C
2488,515,YDR477W
2489,515,YER027C
2490,515,YBR066C
2491,515,YKL048C
2492,515,YDR345C
2493,515,YGL179C
2494,516,YER040W
2495,517,YFL033C
2496,518,YLR360W
2497,518,YPL141C
2498,518,YKL116C
2499,518,YNL325C
2500,518,YFR019W
2501,518,YGR223C
2502,518,YPL120W
2503,518,YLR240W
2504,518,YPL150W
2505,518,YHR146W
2506,518,YFR021W
2507,518,YBR128C
2508,518,YNL054W
2509,518,YNL173C
2510,518,YLR386W
2511,518,YLR211C
2512,518,YJR110W
2513,518,YGL056C
2514,518,YBR097W
2515,519,YOR101W
2516,519,YNL098C
2517,520,YPR113W
2518,520,YHR046C
2519,520,YDR287W
2520,521,YER015W
2521,522,YDL065C
2522,522,YPL147W
2523,522,YPL112C
2524,522,YMR026C
2525,522,YKL188C
2526,522,YOL147C
2527,522,YGR028W
2528,522,YMR018W
2529,523,YGR207C
2530,523,YOR356W
2531,524,YPL061W
2532,525,YIL160C
2533,525,YBR222C
2534,526,YLR356W
2535,526,YOL082W
2536,526,YIL146C
2537,527,YOR100C
2538,528,YIL076W
2539,528,YNL287W
2540,528,YGL137W
2541,528,YPL010W
2542,529,YMR120C
2543,529,YLR028C
2544,530,YER081W
2545,530,YIL074C
2546,531,YMR113W
2547,531,YKL132C
2548,531,YOR280C
2549,531,YGR267C
2550,531,YOR241W
2551,531,YNL256W
2552,531,YOR236W
2553,532,YAL010C
2554,532,YHR194W
2555,533,YAL048C
2556,534,YBR179C
2557,534,YDR470C
2558,534,YLR368W
2559,535,YHR117W
2560,536,YOL026C
2561,537,YBR025C
2562,537,YLR289W
2563,537,YOR205C
2564,537,YHR168W
2565,538,YMR097C
2566,538,YGL136C
2567,538,YOR201C
2568,539,YMR276W
2569,539,YBL057C
2570,540,YMR023C
2571,540,YGL236C
2572,540,YDL033C
2573,541,YBR208C
2574,542,YDR305C
2575,543,YJL126W
2576,544,YLR090W
2577,544,YIL016W
2578,544,YPL106C
2579,544,YBR169C
2580,545,YKR074W
2581,545,YPL225W
2582,546,YOL086C
2583,546,YOR347C
2584,546,YAL038W
2585,547,YNL241C
2586,548,YLR134W
2587,548,YGR087C
2588,548,YLR044C
2589,548,YBR145W
2590,549,YDR519W
2591,549,YDR304C
2592,550,YDR487C
2593,550,YBR153W
2594,550,YBR256C
2595,550,YOL143C
2596,550,YBL033C
2597,551,YLR377C
2598,551,YMR205C
2599,551,YIL107C
2600,551,YJL155C
2601,551,YGR240C
2602,551,YKL217W
2603,551,YCR010C
2604,551,YOL136C
2605,552,YFL045C
2606,552,YER003C
2607,552,YNR073C
2608,553,YMR278W
2609,554,YOL122C
2610,555,YBR290W
2611,556,YDR182W
2612,557,YMR319C
2613,558,YOL023W
2614,559,YNL339C
2615,559,YLR467W
2616,559,YNL339W-B
2617,559,YLR466W
2618,559,YLR462W
2619,559,YNL339W-A
2620,559,YJL225C
2621,559,YEL076C-A
2622,560,YHR033W
2623,560,YDR300C
2624,560,YOR323C
2625,560,YLR438W
2626,560,YHR037W
2627,561,YHL016C
2628,562,YKL015W
2629,563,YPL111W
2630,564,YMR267W
2631,564,YBR011C
2632,565,YCL005W-A
2633,566,YOR270C
2634,566,YKL119C
2635,566,YHR060W
2636,567,YDR399W
2637,568,YDR441C
2638,568,YLR359W
2639,568,YML022W
2640,569,YBL019W
2641,569,YML021C
2642,569,YKL114C
2643,569,YKL157W
2644,569,YAL015C
2645,569,YOL043C
2646,570,YDR270W
2647,571,YHR175W
2648,572,YLL013C
2649,572,YOR286W
2650,573,YLR411W
2651,573,YMR021C
2652,574,YIL065C
2653,575,YML004C
2654,575,YOR391C
2655,575,YOR040W
2656,575,YDR272W
2657,575,YMR322C
2658,575,YEL071W
2659,575,YPL280W
2660,576,YDL178W
2661,577,YPL159C
2662,577,YNL295W
2663,577,YIL070C
2664,578,YJR148W
2665,578,YMR108W
2666,579,YBL039C
2667,580,YDR226W
2668,580,YER170W
2669,581,YJR069C
2670,581,YJL055W
2671,581,YDR454C
2672,582,YOR155C
2673,583,YJL005W
2674,583,YGL248W
2675,584,YJR105W
2676,585,YPR128C
2677,585,YDR329C
2678,586,YLR251W
2679,587,YJR014W
2680,587,YDR117C
2681,587,YER007C-A
2682,588,YOR075W
2683,588,YKL196C
2684,588,YBR080C
2685,588,YIL004C
2686,588,YDR189W
2687,588,YDR468C
2688,588,YGL145W
2689,588,YMR017W
2690,588,YLR268W
2691,588,YNL258C
2692,588,YDR498C
2693,588,YGL098W
2694,588,YLR440C
2695,588,YBL050W
2696,588,YLR078C
2697,588,YHL031C
2698,588,YLR093C
2699,589,YHR164C
2700,590,YOL117W
2701,590,YMR025W
2702,590,YDR179C
2703,590,YDL216C
2704,590,YIL071C
2705,591,YHR129C
2706,592,YPL242C
2707,592,YPR188C
2708,592,YHR023W
2709,593,YMR294W
2710,593,YLL049W
2711,593,YDR106W
2712,593,YPL174C
2713,594,YKL007W
2714,595,YIL034C
2715,596,YMR299C
2716,596,YPL269W
2717,596,YKR054C
2718,596,YDR488C
2719,597,YLR345W
2720,598,YBL011W
2721,598,YKR067W
2722,599,YDL022W
2723,599,YOL059W
2724,600,YCR105W
2725,600,YER062C
2726,600,YHL032C
2727,600,YOR120W
2728,600,YIL053W
2729,600,YMR318C
2730,601,YHR100C
2731,601,YGR046W
2732,601,YGR110W
2733,601,YCL004W
2734,601,YDL142C
2735,601,YPL206C
2736,602,YPL110C
2737,603,YLR193C
2738,604,YPL188W
2739,604,YJR049C
2740,604,YEL041W
2741,605,YLR110C
2742,605,YKL096W-A
2743,606,YOR031W
2744,606,YHR055C
2745,606,YGL166W
2746,606,YHR053C
2747,607,YLR034C
2748,608,YFL041W
2749,608,YMR058W
2750,608,YER145C
2751,608,YBR207W
2752,609,YKR052C
2753,609,YLR220W
2754,609,YIR018W
2755,610,YCL009C
2756,611,YGL009C
2757,611,YLR451W
2758,611,YKL120W
2759,612,YOR130C
2760,612,YHR018C
2761,613,YBL024W
2762,613,YNR015W
2763,613,YOR274W
2764,613,YDR120C
2765,613,YGL232W
2766,613,YML080W
2767,614,YDR465C
2768,615,YHR064C
2769,616,YNL062C
2770,617,YNL313C
2771,618,YPL212C
2772,618,YOR243C
2773,618,YGL063W
2774,618,YNL292W
2775,618,YDL036C
2776,618,YLR165C
2777,618,YGR169C
2778,619,YGL094C
2779,619,YKL025C
2780,619,YHL034C
2781,619,YER165W
2782,619,YOR359W
2783,619,YPR163C
2784,620,YDL101C
2785,620,YML058W
2786,621,YPL164C
2787,621,YNL082W
2788,621,YLR035C
2789,621,YMR167W
2790,622,YAL019W
2791,622,YDR097C
2792,622,YOL090W
2793,622,YCR092C
2794,623,YDR227W
2795,623,YNL186W
2796,623,YMR219W
2797,624,YMR179W
2798,624,YJL127C
2799,625,YDR232W
2800,626,YDL119C
2801,626,YER014W
2802,627,YGR072W
2803,627,YMR080C
2804,628,YDR172W
2805,629,YER176W
2806,629,YDR206W
2807,630,YOL149W
2808,630,YBR094W
2809,630,YEL015W
2810,631,YLR233C
2811,632,YOR076C
2812,633,YDR139C
2813,634,YIL096C
2814,634,YCR016W
2815,635,YDL015C
2816,636,YPL103C
2817,636,YDR242W
2818,637,YKR070W
2819,637,YIL087C
2820,637,YPR155C
2821,638,YAL005C
2822,638,YER103W
2823,638,YLL024C
2824,638,YBL075C
2825,639,YBR101C
2826,639,YGR268C
2827,640,YBR109C
2828,640,YFR014C
2829,641,YDR155C
2830,642,YPR158W
2831,642,YJL144W
2832,642,YDR171W
2833,643,YLR318W
2834,643,YIL009C-A
2835,644,YLR362W
2836,645,YOR007C
2837,646,YOR035C
2838,647,YPL015C
2839,648,YDL182W
2840,648,YDL131W
2841,649,YMR207C
2842,649,YNR016C
2843,650,YDR379C-A
2844,651,YGR205W
2845,652,YIL145C
2846,652,YHR063C
2847,652,YBR176W
2848,653,YIL164C
2849,653,YIL165C
2850,654,YIR038C
2851,654,YLL048C
2852,654,YCL028W
2853,654,YNL229C
2854,654,YFL021W
2855,654,YKR034W
2856,654,YKR076W
2857,655,YPL057C
2858,655,YBR036C
2859,655,YKL004W
2860,655,YDR367W
2861,655,YBR161W
2862,656,YPL233W
2863,656,YJR135C
2864,656,YLR315W
2865,656,YDR374W-A
2866,656,YJR112W
2867,656,YKL089W
2868,656,YBR211C
2869,656,YMR117C
2870,656,YGL093W
2871,656,YLR381W
2872,656,YIR010W
2873,656,YAL034W-A
2874,656,YFR046C
2875,656,YDR532C
2876,656,YDR383C
2877,656,YPR046W
2878,656,YER018C
2879,656,YPL018W
2880,656,YGR179C
2881,656,YDR318W
2882,657,YKR083C
2883,657,YGL061C
2884,657,YGR113W
2885,657,YDR016C
2886,657,YKL052C
2887,657,YDR254W
2888,657,YKL138C-A
2889,657,YBR233W-A
2890,657,YDR320C-A
2891,657,YKR037C
2892,657,YBR107C
2893,657,YDR201W
2894,658,YGR140W
2895,659,YDR113C
2896,659,YMR001C
2897,660,YLR154C
2898,660,YMR234W
2899,660,YNL072W
2900,660,YDR279W
2901,661,YER026C
2902,662,YGR155W
2903,663,YGL216W
2904,663,YER016W
2905,663,YMR198W
2906,663,YPL253C
2907,663,YBL034C
2908,664,YCL029C
2909,665,YLR045C
2910,666,YNL090W
2911,666,YPR165W
2912,666,YKR055W
2913,666,YLR425W
2914,667,YBR246W
2915,667,YJR097W
2916,667,YLR172C
2917,667,YAL020C
2918,667,YIL103W
2919,667,YKL191W
2920,667,YBL071W-A
2921,668,YDR439W
2922,668,YCR086W
2923,668,YDL089W
2924,668,YER106W
2925,668,YPL204W
2926,668,YOR264W
2927,669,YGR209C
2928,669,YKL086W
2929,670,YBR200W
2930,670,YIL118W
2931,670,YBL085W
2932,670,YAL041W
2933,670,YNL180C
2934,670,YLR229C
2935,670,YOR188W
2936,670,YNL298W
2937,670,YDR379W
2938,670,YDR309C
2939,670,YER155C
2940,670,YPL115C
2941,670,YOR127W
2942,670,YER114C
2943,670,YHR061C
2944,670,YPL161C
2945,671,YGL122C
2946,671,YMR255W
2947,672,YNL189W
2948,672,YIR011C
2949,672,YDR458C
2950,673,YDR361C
2951,674,YER052C
2952,675,YJR139C
2953,676,YDR158W
2954,677,YHR025W
2955,678,YAL029C
2956,678,YBL032W
2957,678,YBR130C
2958,679,YHR016C
2959,679,YBL007C
2960,679,YPR171W
2961,680,YJR065C
2962,680,YBR234C
2963,680,YKL013C
2964,680,YLR370C
2965,680,YNR035C
2966,680,YDL029W
2967,680,YDL146W
2968,680,YIL062C
2969,681,YMR192W
2970,681,YLR144C
2971,681,YDR388W
2972,681,YNL094W
2973,681,YCR009C
2974,681,YBR108W
2975,682,YCR088W
2976,682,YNL020C
2977,683,YDL161W
2978,684,YKL129C
2979,684,YOR181W
2980,684,YGR136W
2981,684,YLR337C
2982,684,YPR154W
2983,685,YHR114W
2984,686,YGL106W
2985,687,YOR304C-A
2986,687,YLR319C
2987,688,YNL084C
2988,688,YIR006C
2989,689,YOL112W
2990,689,YER149C
2991,689,YNL271C
2992,689,YLL021W
2993,690,YGL181W
2994,690,YPR095C
2995,690,YOR094W
2996,690,YCL034W
2997,691,YER060W-A
2998,691,YER060W
2999,691,YLR206W
3000,692,YKR090W
3001,692,YMR032W
3002,692,YNL152W
3003,692,YDL117W
3004,693,YHL007C
3005,693,YOL113W
3006,694,YIL159W
3007,695,YNL243W
3008,695,YIL095W
3009,696,YNL304W
3010,696,YOR326W
3011,696,YLR190W
3012,697,YNL169C
3013,698,YKL207W
3014,698,YJR088C
3015,698,YCL045C
3016,698,YDR056C
3017,698,YLL014W
3018,698,YGL231C
3019,698,YIL027C
3020,698,YJL192C
3021,699,YIL110W
3022,699,YNL024C
3023,699,YBR261C
3024,699,YJR129C
3025,699,YIL064W
3026,699,YHL039W
3027,699,YGR001C
3028,700,YJL080C
3029,700,YOR198C
3030,701,YML068W
3031,701,YKR017C
3032,702,YER042W
3033,702,YKL069W
3034,703,YOR388C
3035,703,YJL068C
3036,704,YDL166C
3037,705,YOR212W
3038,705,YDR103W
3039,705,YJR086W
3040,706,YGR285C
3041,706,YDL229W
3042,707,YHR096C
3043,708,YKL034W
3044,708,YOR223W
3045,708,YLR114C
3046,708,YDL219W
3047,708,YDL091C
3048,709,YPL154C
3049,710,YER068W
3050,710,YAL021C
3051,710,YNL288W
3052,710,YFL028C
3053,710,YGR134W
3054,710,YPR072W
3055,710,YNR052C
3056,711,YIL137C
3057,711,YDR252W
3058,712,YML105C
3059,712,YPL243W
3060,712,YKL154W
3061,712,YDR292C
3062,712,YDL092W
3063,712,YPL210C
3064,712,YPR088C
3065,712,YKL122C
3066,713,YPL182C
3067,713,YDR415C
3068,713,YBR113W
3069,713,YGR182C
3070,713,YMR265C
3071,714,YJL087C
3072,714,YMR059W
3073,714,YAR008W
3074,714,YPL083C
3075,714,YLR105C
3076,714,YOL102C
3077,715,YBL047C
3078,715,YCR030C
3079,715,YDR348C
3080,716,YFR024C-A
3081,716,YDR273W
3082,716,YOR042W
3083,717,YJL020C
3084,718,YNL128W
3085,718,YKL212W
3086,718,YBR058C-A
3087,718,YHR073W
3088,718,YDR372C
3089,718,YLR350W
3090,718,YGR038W
3091,718,YJL100W
3092,718,YPL145C
3093,719,YPL184C
3094,719,YPR042C
3095,720,YDL224C
3096,720,YNL197C
3097,721,YPL200W
3098,721,YJL019W
3099,721,YOL104C
3100,722,YMR083W
3101,722,YGL256W
3102,722,YDL168W
3103,722,YGL258W
3104,722,YOR387C
3105,723,YFR055W
3106,723,YNL275W
3107,723,YER043C
3108,724,YHR113W
3109,725,YLR209C
3110,726,YOR360C
3111,727,YDR430C
3112,728,YER019W
3113,729,YBL088C
3114,729,YMR224C
3115,729,YGL175C
3116,729,YNL250W
3117,730,YOL063C
3118,730,YAL027W
3119,730,YPL022W
3120,730,YML095C
3121,731,YHR154W
3122,732,YDR419W
3123,732,YOR346W
3124,732,YPL167C
3125,733,YOL086W-A
3126,733,YIR002C
3127,733,YGR042W
3128,733,YDL160C-A
3129,734,YDR381W
3130,734,YHR167W
3131,734,YNL139C
3132,734,YNL004W
3133,734,YML062C
3134,734,YNL253W
3135,734,YKL214C
3136,734,YCL011C
3137,734,YDR138W
3138,735,YAR002W
3139,736,YDL084W
3140,737,YDR457W
3141,737,YKL010C
3142,738,YDL200C
3143,738,YER142C
3144,739,YBR133C
3145,740,YJL105W
3146,740,YHR207C
3147,740,YPL165C
3148,741,YDR217C
3149,742,YBR034C
3150,743,YAL024C
3151,744,YMR055C
3152,744,YOR233W
3153,744,YJR053W
3154,744,YOR373W
3155,745,YGR238C
3156,745,YAR014C
3157,745,YHR158C
3158,746,YML064C
3159,747,YBR186W
3160,748,YFL003C
3161,748,YDL154W
3162,748,YGL251C
3163,749,YJL106W
3164,749,YHR124W
3165,749,YHL024W
3166,750,YDL207W
3167,751,YPR118W
3168,751,YJR024C
3169,751,YMR009W
3170,751,YEL038W
3171,751,YNL010W
3172,752,YNL134C
3173,752,YDR533C
3174,753,YDL246C
3175,753,YHR104W
3176,753,YJR159W
3177,754,YOL151W
3178,755,YER112W
3179,755,YDR378C
3180,755,YLR438C-A
3181,755,YNL147W
3182,755,YER146W
3183,755,YBL026W
3184,756,YDR364C
3185,756,YIL041W
3186,757,YFR009W
3187,757,YCR059C
3188,757,YGL195W
3189,758,YOR144C
3190,759,YMR036C
3191,759,YJR059W
3192,760,YHR031C
3193,761,YPR073C
3194,762,YOL066C
3195,763,YPR140W
3196,764,YML059C
3197,764,YOR081C
3198,764,YDR058C
3199,764,YOR175C
3200,764,YKR089C
3201,764,YGL084C
3202,764,YBR042C
3203,764,YIL124W
3204,764,YGR149W
3205,764,YGR170W
3206,764,YER037W
3207,764,YPR139C
3208,764,YGR157W
3209,765,YDL052C
3210,765,YDR018C
3211,766,YDR284C
3212,766,YAL009W
3213,766,YHR004C
3214,766,YMR165C
3215,767,YDR503C
3216,767,YER113C
3217,768,YOR245C
3218,768,YNR008W
3219,768,YKL140W
3220,768,YMR313C
3221,769,YOR006C
3222,769,YIL025C
3223,770,YML005W
3224,771,YOR334W
3225,771,YKL064W
3226,772,YFL050C
3227,773,YJL133W
3228,774,YOL130W
3229,775,YDR174W
3230,776,YER116C
3231,776,YDL013W
3232,777,YLR010C
3233,777,YDR082W
3234,777,YDL220C
3235,778,YIL147C
3236,778,YCL032W
3237,778,YLR006C
3238,778,YCR073C
3239,778,YNR031C
3240,778,YDR420W
3241,778,YDL073W
3242,778,YER118C
3243,778,YDL235C
3244,778,YPR075C
3245,779,YJL128C
3246,779,YER075C
3247,780,YDR080W
3248,781,YJR033C
3249,782,YGL008C
3250,783,YMR013C
3251,783,YPR183W
3252,784,YPR033C
3253,784,YGR024C
3254,785,YKL112W
3255,786,YKL205W
3256,787,YPR131C
3257,787,YMR185W
3258,788,YLL012W
3259,788,YNR019W
3260,788,YLR020C
3261,788,YCR048W
3262,789,YLR242C
3263,789,YJL062W
3264,790,YPL036W
3265,791,YIL113W
3266,791,YHR030C
3267,791,YKL161C
3268,791,YGR229C
3269,791,YPL089C
3270,791,YHR047C
3271,792,YIR019C
3272,792,YAR050W
3273,792,YAL063C
3274,792,YHR211W
3275,792,YKR102W
3276,793,YBR164C
3277,794,YDL145C
3278,795,YDR238C
3279,796,YJR031C
3280,796,YKR030W
3281,796,YBL060W
3282,797,YGL212W
3283,797,YMR197C
3284,797,YOR036W
3285,797,YAL014C
3286,797,YOR106W
3287,798,YGL217C
3288,798,YLR062C
3289,799,YOR115C
3290,799,YEL048C
3291,799,YKR068C
3292,799,YML077W
3293,799,YPR176C
3294,799,YDR108W
3295,799,YFL038C
3296,799,YGR166W
3297,799,YDR472W
3298,799,YMR218C
3299,799,YDR407C
3300,799,YDR246W
3301,799,YBR254C
3302,800,YJL024C
3303,800,YPR029C
3304,800,YPR079W
3305,800,YJL207C
3306,800,YBR288C
3307,800,YGR261C
3308,800,YHR108W
3309,800,YJR005W
3310,800,YHL019C
3311,800,YLR170C
3312,800,YKL135C
3313,800,YDR153C
3314,800,YPL259C
3315,800,YPL195W
3316,801,YOL062C
3317,801,YBL037W
3318,801,YJL083W
3319,801,YJR058C
3320,801,YKR019C
3321,801,YHR161C
3322,802,YDL077C
3323,803,YFR056C
3324,803,YAL065C
3325,803,YHR212W-A
3326,803,YHR213W
3327,804,YMR135C
3328,804,YGL227W
3329,804,YIL097W
3330,804,YIL017C
3331,804,YBR105C
3332,804,YDR255C
3333,804,YKL124W
3334,804,YCL039W
3335,805,YKR002W
3336,806,YBL046W
3337,806,YER133W
3338,806,YBR050C
3339,806,YDR130C
3340,806,YLR433C
3341,806,YLR273C
3342,806,YOR329C
3343,806,YML057W
3344,806,YDR028C
3345,806,YIL045W
3346,806,YKL193C
3347,806,YBR045C
3348,806,YMR311C
3349,806,YER054C
3350,806,YOR178C
3351,806,YGR156W
3352,807,YKL018W
3353,808,YGL142C
3354,808,YBR004C
3355,808,YDR434W
3356,808,YCL052C
3357,808,YHR188C
3358,808,YLR088W
3359,808,YLR459W
3360,808,YDR302W
3361,808,YFL025C
3362,808,YHR039C
3363,808,YOR149C
3364,808,YLL031C
3365,808,YDR331W
3366,809,YMR231W
3367,809,YML001W
3368,809,YBR131W
3369,809,YAL002W
3370,809,YOR089C
3371,809,YLR148W
3372,809,YGL124C
3373,809,YDR229W
3374,809,YLR396C
3375,809,YDR495C
3376,809,YDR323C
3377,809,YPL045W
3378,810,YPL051W
3379,810,YJL004C
3380,811,YMR081C
3381,811,YMR206W
3382,812,YJL153C
3383,812,YHL020C
3384,812,YOL108C
3385,812,YDR123C
3386,813,YGL184C
3387,814,YDR183W
3388,814,YOR281C
3389,815,YML094W
3390,815,YLR200W
3391,815,YGR078C
3392,815,YNL153C
3393,815,YEL003W
3394,815,YMR074C
3395,815,YJL179W
3396,816,YNL201C
3397,816,YNL157W
3398,816,YGL190C
3399,816,YMR273C
3400,816,YML109W
3401,816,YNL217W
3402,816,YHR132W-A
3403,817,YLR238W
3404,817,YMR029C
3405,817,YFR008W
3406,817,YNL127W
3407,817,YMR052W
3408,817,YDR200C
3409,818,YLR125W
3410,819,YNL314W
3411,820,YDL141W
3412,821,YML067C
3413,821,YAL042W
3414,822,YDL106C
3415,822,YKR099W
3416,823,YOR025W
3417,823,YDR191W
3418,824,YOL068C
3419,824,YIL112W
3420,824,YOR279C
3421,825,YOR209C
3422,825,YFR047C
3423,826,YOR021C
3424,826,YNL022C
3425,826,YGR283C
3426,826,YMR310C
3427,827,YBL058W
3428,827,YPL179W
3429,828,YFR003C
3430,829,YKL190W
3431,830,YCR008W
3432,830,YDR436W
3433,830,YML016C
3434,831,YOR026W
3435,832,YMR078C
3436,833,YDR001C
3437,833,YBR001C
3438,833,YPR026W
3439,834,YLR177W
3440,834,YFR015C
3441,835,YJL137C
3442,835,YHL012W
3443,835,YKR058W
3444,835,YGR032W
3445,835,YMR306W
3446,835,YOL045W
3447,835,YAL017W
3448,835,YKL035W
3449,836,YPL076W
3450,836,YPL175W
3451,836,YDR437W
3452,836,YPL096C-A
3453,836,YNL038W
3454,836,YGR216C
3455,836,YMR281W
3456,836,YJL091C
3457,836,YKL165C
3458,837,YDL201W
3459,838,YBR061C
3460,838,YPL030W
3461,838,YOL125W
3462,838,YMR259C
3463,838,YPL183C
3464,839,YDL112W
3465,840,YOL093W
3466,840,YLR405W
3467,841,YDR140W
3468,842,YJL035C
3469,842,YLR316C
3470,842,YGL243W
3471,843,YNR046W
3472,844,YML014W
3473,845,YJL212C
3474,845,YGL114W
3475,846,YDL024C
3476,846,YDR481C
3477,846,YBR092C
3478,846,YOR143C
3479,847,YPR121W
3480,847,YFL058W
3481,847,YPL214C
3482,847,YPL258C
3483,847,YDL244W
3484,847,YNL091W
3485,847,YJR156C
3486,847,YOL055C
3487,847,YNL332W
3488,848,YAR071W
3489,848,YDR281C
3490,848,YBR093C
3491,848,YHR215W
3492,849,YCL033C
3493,850,YDL103C
3494,850,YFL017C
3495,850,YEL058W
3496,850,YNL192W
3497,851,YHR144C
3498,852,YDR332W
3499,852,YOL095C
3500,853,YDR538W
3501,853,YDR539W
3502,854,YHR142W
3503,854,YBL061C
3504,854,YBR023C
3505,855,YOR299W
3506,855,YJL099W
3507,855,YKR027W
3508,855,YLR330W
3509,855,YMR237W
3510,856,YBR038W
3511,857,YBR078W
3512,857,YMR307W
3513,858,YLR342W
3514,859,YNL233W
3515,860,YFL001W
3516,861,YDR438W
3517,861,YPL244C
3518,862,YNL063W
3519,863,YNL092W
3520,864,YBR126C
3521,865,YPL230W
3522,865,YIL101C
3523,866,YOR238W
3524,866,YLR149C
3525,867,YLR327C
3526,868,YFR017C
3527,868,YNR034W-A
3528,869,YKR095W-A
3529,869,YML036W
3530,869,YGR262C
3531,869,YKR038C
3532,869,YJL184W
3533,869,YDL104C
3534,869,YGL169W
3535,870,YBR049C
3536,870,YNL216W
3537,870,YLR453C
3538,870,YBR275C
3539,871,YOR095C
3540,872,YLL062C
3541,872,YLL061W
3542,872,YPL273W
3543,873,YBR026C
3544,874,YOL032W
3545,875,YGR142W
3546,876,YJR090C
3547,877,YIL046W
3548,878,YOR047C
3549,878,YKL038W
3550,878,YDR277C
3551,879,YHR136C
3552,879,YJL012C
3553,879,YML123C
3554,879,YPL019C
3555,879,YCR037C
3556,879,YBR296C
3557,879,YJL198W
3558,879,YER072W
3559,879,YNR013C
3560,880,YFR034C
3561,881,YGR233C
3562,881,YIL047C
3563,882,YNL172W
3564,882,YOR249C
3565,882,YDR118W
3566,882,YHR166C
3567,882,YBL084C
3568,882,YDR260C
3569,882,YLR102C
3570,882,YFR036W
3571,882,YGL240W
3572,882,YDL008W
3573,882,YIR025W
3574,882,YKL022C
3575,882,YLR127C
3576,883,YDR180W
3577,884,YLR351C
3578,885,YGR017W
3579,885,YNR027W
3580,885,YBR035C
3581,885,YEL029C
3582,885,YPR127W
3583,886,YDL122W
3584,886,YOR124C
3585,886,YBR058C
3586,887,YKL002W
3587,887,YLR417W
3588,887,YGR206W
3589,887,YJL049W
3590,887,YPL065W
3591,887,YLR025W
3592,887,YMR077C
3593,887,YHL002W
3594,887,YKL041W
3595,887,YDR069C
3596,887,YLR119W
3597,887,YCL008C
3598,887,YPL002C
3599,887,YJR102C
3600,888,YER143W
3601,889,YFL044C
3602,890,YJR099W
3603,891,YNR006W
3604,892,YML097C
3605,892,YPL070W
3606,892,YNL093W
3607,893,YMR304W
3608,893,YLR436C
3609,894,YPL193W
3610,895,YBR070C
3611,895,YBR243C
3612,895,YBR085C-A
3613,896,YBR110W
3614,897,YPL227C
3615,898,YGR227W
3616,898,YNR030W
3617,899,YOR103C
3618,900,YNL048W
3619,900,YGL047W
3620,901,YGR036C
3621,902,YNL029C
3622,902,YKR061W
3623,902,YBR199W
3624,902,YBL020W
3625,902,YIL085C
3626,902,YGL065C
3627,903,YOL111C
3628,903,YJL123C
3629,903,YDL100C
3630,903,YER083C
3631,903,YOR164C
3632,904,YER100W
3633,904,YIL030C
3634,904,YIL029C
3635,905,YKL100C
3636,906,YEL060C
3637,906,YMR297W
3638,906,YBR139W
3639,906,YJL172W
3640,907,YDR144C
3641,907,YLR120C
3642,907,YOR219C
3643,907,YNL238W
3644,907,YGL203C
3645,908,YHR216W
3646,908,YAR075W
3647,908,YAR073W
3648,908,YLR432W
3649,909,YKL181W
3650,909,YER099C
3651,909,YBL068W
3652,909,YCR036W
3653,909,YOL061W
3654,909,YHL011C
3655,910,YIL109C
3656,910,YNL049C
3657,911,YPR062W
3658,912,YNL142W
3659,912,YGR121C
3660,912,YPR138C
3661,912,YJR152W
3662,913,YLR299W
3663,913,YKL215C
3664,913,YOL049W
3665,913,YER163C
3666,914,YCL035C
3667,914,YDR513W
3668,915,YDR353W
3669,915,YHR106W
3670,916,YER078C
3671,917,YGL156W
3672,918,YKL134C
3673,919,YKL103C
3674,920,YBR205W
3675,920,YHR181W
3676,920,YDR307W
3677,920,YOR099W
3678,920,YJR143C
3679,920,YGR199W
3680,920,YDR483W
3681,920,YDL095W
3682,921,YCR038C
3683,921,YIL140W
3684,921,YKL092C
3685,921,YDR389W
3686,921,YCL014W
3687,921,YOR134W
3688,921,YJL201W
3689,922,YGL121C
3690,923,YHR123W
3691,923,YGR007W
3692,923,YDR147W
3693,924,YKR031C
3694,925,YGR202C
3695,925,YLR133W
3696,926,YMR006C
3697,927,YMR008C
3698,928,YOL011W
3699,929,YGL067W
3700,929,YNL239W
3701,929,YHR074W
3702,930,YGR010W
3703,930,YNL129W
3704,930,YCL047C
3705,930,YGL224C
3706,930,YLR328W
3707,931,YGL213C
3708,932,YLR107W
3709,932,YGR276C
3710,932,YLR059C
3711,932,YMR285C
3712,933,YDL133C-A
3713,933,YDL184C
3714,934,YHR137W
3715,935,YGL202W
3716,936,YJL129C
3717,936,YJL093C
3718,937,YDR040C
3719,937,YDR456W
3720,937,YLR138W
3721,937,YNL321W
3722,937,YJL094C
3723,938,YJR054W
3724,938,YKR050W
3725,939,YKR072C
3726,940,YLR143W
3727,940,YER057C
3728,941,YBR281C
3729,941,YFR044C
3730,941,YNL191W
3731,942,YKL184W
3732,942,YOL052C
3733,942,YLR146C
3734,942,YPR069C
3735,942,YPL052W
3736,943,YDR098C
3737,943,YPL202C
3738,944,YER020W
3739,945,YDL159W
3740,945,YHR005C
3741,946,YLR072W
3742,947,YOR258W
3743,947,YHR134W
3744,947,YBR223C
3745,948,YNL167C
3746,948,YER045C
3747,949,YGL035C
3748,950,YOR140W
3749,951,YDR043C
3750,951,YCR084C
3751,952,YMR070W
3752,952,YLR228C
3753,953,YLL029W
3754,954,YER174C
3755,955,YGL220W
3756,956,YBL067C
3757,956,YIL156W
3758,956,YOL087C
3759,956,YER098W
3760,956,YKR098C
3761,957,YML047C
3762,957,YBR040W
3763,958,YKR007W
3764,958,YCR075C
3765,958,YDR414C
3766,959,YAL007C
3767,959,YAR002C-A
3768,959,YML012W
3769,959,YHR110W
3770,959,YGL200C
3771,959,YOR016C
3772,959,YGL054C
3773,959,YGL002W
3774,960,YDR320C
3775,961,YLR126C
3776,961,YPL034W
3777,962,YLR124W
3778,963,YPL236C
3779,963,YER123W
3780,964,YBR029C
3781,965,YDR293C
3782,966,YCL051W
3783,966,YNL161W
3784,967,YNL219C
3785,968,YBR135W
3786,969,YKL094W
3787,970,YCR068W
3788,971,YIR022W
3789,971,YLR066W
3790,971,YML055W
3791,971,YJR010C-A
3792,972,YDR164C
3793,973,YEL077C
3794,973,YEL075W-A
3795,973,YEL074W
3796,973,YEL075C
3797,973,YEL076C
3798,974,YMR156C
3799,975,YOL116W
3800,975,YDL233W
3801,975,YMR164C
3802,975,YER109C
3803,976,YBR083W
3804,977,YHR084W
3805,977,YKL043W
3806,978,YLR437C
3807,978,YOR230W
3808,979,YEL070W
3809,980,YGL045W
3810,980,YOR275C
3811,980,YGR058W
3812,980,YMR063W
3813,980,YNL294C
3814,980,YOR030W
3815,980,YMR154C
3816,980,YGR122W
3817,981,YOR022C
3818,981,YDL195W
3819,982,YLR073C
3820,982,YPL084W
3821,983,YOR385W
3822,983,YOL016C
3823,983,YOR220W
3824,984,YKL159C
3825,984,YNL027W
3826,985,YNL225C
3827,985,YPL124W
3828,985,YKL042W
3829,985,YDR356W
3830,986,YGL006W
3831,987,YOR087W
3832,987,YDL128W
3833,987,YGR217W
3834,987,YNL291C
3835,987,YLR443W
3836,988,YGL167C
3837,988,YGL168W
3838,989,YMR272C
3839,990,YCR034W
3840,990,YJL196C
3841,990,YLR372W
3842,990,YGL055W
3843,990,YBR159W
3844,990,YJL097W
3845,990,YKL020C
3846,990,YIR033W
3847,991,YNL111C
3848,992,YDR126W
3849,992,YDR459C
3850,993,YOL003C
3851,994,YNL053W
3852,994,YPL049C
3853,994,YDR480W
3854,994,YBL016W
3855,994,YGR040W
3856,995,YDL135C
3857,996,YEL031W
3858,996,YDL240W
3859,997,YER177W
3860,997,YDR099W
3861,998,YDR208W
3862,999,YGL155W
3863,1000,YGR014W
3864,1001,YGR152C
3865,1002,YJL157C
3866,1003,YMR232W
3867,1004,YNL293W
3868,1005,YLR422W
3869,1005,YLL007C
3870,1006,YLR310C
3871,1007,YDL055C
3872,1008,YJR016C
3873,1009,YER056C
3874,1010,YLR254C
3875,1010,YOR269W
3876,1011,YPR049C
3877,1012,YHR208W
3878,1013,YGR037C
3879,1014,YDL099W
3880,1014,YDR517W
3881,1015,YIL177C
3882,1015,YIL177W-A
3883,1016,YML133C
3884,1016,YML133W-B
3885,1016,YML133W-A
3886,1017,YLL066C
3887,1017,YDR521W
3888,1017,YLL066W-A
3889,1017,YKL102C
3890,1018,YLL067C
3891,1018,YLL067W-A
3892,1019,YLR099W-A
3893,1020,YNL265C
3894,1020,YDR486C
3895,1020,YKR035W-A
3896,1020,YLR181C
3897,1021,YDL124W
3898,1021,YDL072C
3899,1022,YER150W
3900,1023,YJL028W
3901,1023,YJL161W
3902,1023,YJL027C
3903,1023,YJR056C
3904,1023,YJL022W
3905,1023,YJR055W
3906,1024,YNL274C
3907,1025,YNR058W
3908,1025,YNR057C
3909,1025,YJR155W
3910,1025,YJR154W
3911,1025,YNR056C
3912,1025,YGR065C
3913,1026,YHR195W
3914,1026,YAR042W
3915,1027,YER120W
3916,1027,YMR124W
3917,1027,YIL090W
3918,1027,YDL019C
3919,1028,YMR251W-A
3920,1028,YNL160W
3921,1028,YBR054W
3922,1029,YDR150W
3923,1029,YPR083W
3924,1030,YOR109W
3925,1030,YNL106C
3926,1031,YNL130C
3927,1032,YLR215C
3928,1032,YNL116W
3929,1032,YHR115C
3930,1033,YIL038C
3931,1033,YDL165W
3932,1033,YCR093W
3933,1033,YDR151C
3934,1034,YFL027C
3935,1034,YGR100W
3936,1034,YDL234C
3937,1035,YER136W
3938,1036,YGL095C
3939,1037,YJL053W
3940,1037,YJL154C
3941,1037,YMR004W
3942,1037,YKR078W
3943,1037,YOR357C
3944,1037,YHR012W
3945,1037,YOR069W
3946,1037,YBL017C
3947,1037,YOR132W
3948,1037,YDR425W
3949,1038,YOR370C
3950,1038,YDR137W
3951,1038,YBR264C
3952,1039,YOR070C
3953,1040,YML072C
3954,1040,YBR086C
3955,1041,YDL058W
3956,1042,YJR134C
3957,1042,YOR216C
3958,1042,YKL179C
3959,1043,YKL006C-A
3960,1043,YBL102W
3961,1043,YLR026C
3962,1044,YMR079W
3963,1045,YJL145W
3964,1045,YLR380W
3965,1046,YGR198W
3966,1046,YMR212C
3967,1046,YLR305C
3968,1046,YKL051W
3969,1047,YNL267W
3970,1048,YCR094W
3971,1048,YNL323W
3972,1049,YAL026C
3973,1050,YMR162C
3974,1050,YNR048W
3975,1051,YCR091W
3976,1051,YDR093W
3977,1051,YER166W
3978,1051,YNR047W
3979,1052,YJL204C
3980,1053,YDR141C
3981,1053,YMR010W
3982,1053,YIL048W
3983,1053,YNL297C
3984,1054,YOR107W
3985,1054,YML104C
3986,1055,YLR084C
3987,1055,YLR353W
3988,1055,YOR301W
3989,1055,YGR041W
3990,1056,YGL028C
3991,1056,YER124C
3992,1056,YHR143W
3993,1056,YNR067C
3994,1056,YNL066W
3995,1056,YLR307W
3996,1056,YJL158C
3997,1056,YBR158W
3998,1056,YLR286C
3999,1056,YLR308W
4000,1056,YNL327W
4001,1056,YDR371W
4002,1056,YGR189C
4003,1057,YLR097C
4004,1057,YBR280C
4005,1057,YDR306C
4006,1058,YGR003W
4007,1058,YIL001W
4008,1059,YMR258C
4009,1059,YKR014C
4010,1060,YNL264C
4011,1060,YPL272C
4012,1061,YDR310C
4013,1062,YBL091C-A
4014,1063,YOR086C
4015,1064,YPR152C
4016,1065,YPL060W
4017,1066,YDR081C
4018,1066,YBR240C
4019,1066,YDL080C
4020,1067,YDR170C
4021,1068,YIL002C
4022,1069,YPL268W
4023,1070,YFL059W
4024,1070,YMR095C
4025,1070,YFL060C
4026,1070,YNL334C
4027,1070,YNL333W
4028,1070,YMR096W
4029,1071,YOL065C
4030,1072,YER031C
4031,1073,YGL210W
4032,1074,YEL013W
4033,1074,YCL063W
4034,1075,YGR154C
4035,1076,YLL060C
4036,1077,YPL096W
4037,1078,YNR049C
4038,1078,YOR327C
4039,1078,YGR009C
4040,1078,YBL106C
4041,1078,YMR183C
4042,1078,YPL232W
4043,1079,YAL030W
4044,1080,YLR408C
4045,1080,YNL086W
4046,1080,YGL079W
4047,1080,YDR357C
4048,1080,YKL061W
4049,1080,YEL005C
4050,1081,YNL326C
4051,1082,YOR311C
4052,1083,YDR104C
4053,1083,YER046W
4054,1084,YLR189C
4055,1084,YJL036W
4056,1084,YDL113C
4057,1085,YGL230C
4058,1085,YLR291C
4059,1086,YNL166C
4060,1086,YHR107C
4061,1086,YGR059W
4062,1086,YDR218C
4063,1086,YCL024W
4064,1086,YDL225W
4065,1086,YBR148W
4066,1086,YCR002C
4067,1086,YLR314C
4068,1086,YDR507C
4069,1086,YJR076C
4070,1087,YDR233C
4071,1087,YHR192W
4072,1087,YPR028W
4073,1087,YLL023C
4074,1088,YJR073C
4075,1089,YCR079W
4076,1089,YOR090C
4077,1089,YHR076W
4078,1090,YIL033C
4079,1091,YPL203W
4080,1091,YJL164C
4081,1091,YMR016C
4082,1091,YKL166C
4083,1091,YMR123W
4084,1092,YAL056W
4085,1092,YOL081W
4086,1092,YBR140C
4087,1093,YKL130C
4088,1094,YMR247C
4089,1094,YJR036C
4090,1095,YPL009C
4091,1095,YDR266C
4092,1096,YDL198C
4093,1096,YMR241W
4094,1097,YKL209C
4095,1098,YDR424C
4096,1099,YPR156C
4097,1099,YPR008W
4098,1099,YGR138C
4099,1099,YPR157W
4100,1100,YGL192W
4101,1100,YCL055W
4102,1100,YNL196C
4103,1100,YBR057C
4104,1101,YJR094C
4105,1102,YAL040C
4106,1103,YLR182W
4107,1103,YNR009W
4108,1103,YDL056W
4109,1104,YOR083W
4110,1104,YER167W
4111,1104,YER111C
4112,1105,YKL185W
4113,1106,YLR214W
4114,1107,YCL027W
4115,1108,YPL128C
4116,1108,YGR071C
4117,1108,YLR373C
4118,1109,YLR403W
4119,1109,YLR223C
4120,1109,YPR104C
4121,1110,YFL066C
4122,1110,YFL064C
4123,1110,YFL065C
4124,1110,YFL067W
4125,1111,YLR018C
4126,1111,YMR129W
4127,1112,YOR073W
4128,1112,YOR014W
4129,1113,YBR111C
4130,1114,YJL073W
4131,1114,YLR104W
4132,1115,YDR380W
4133,1115,YDR421W
4134,1116,YMR303C
4135,1117,YDR285W
4136,1118,YGL249W
4137,1118,YIL073C
4138,1118,YHR153C
4139,1119,YJR013W
4140,1120,YJR131W
4141,1120,YLR057W
4142,1121,YJL139C
4143,1122,YNL309W
4144,1123,YGR225W
4145,1123,YHR184W
4146,1124,YLR131C
4147,1125,YER175C
4148,1125,YGL117W
4149,1126,YJR141W
4150,1126,YOR271C
4151,1126,YBR291C
4152,1127,YGR282C
4153,1128,YBL082C
4154,1129,YKR077W
4155,1129,YOR066W
4156,1130,YKL062W
4157,1130,YMR037C
4158,1131,YDL035C
4159,1131,YOR371C
4160,1132,YHR009C
4161,1132,YDL025C
4162,1132,YGR016W
4163,1133,YJR089W
4164,1134,YEL065W
4165,1135,YGL071W
4166,1136,YHL040C
4167,1136,YOR382W
4168,1137,YDR358W
4169,1138,YHL013C
4170,1139,YJL197W
4171,1140,YCR096C
4172,1140,YCL067C
4173,1141,YDR523C
4174,1141,YKL189W
4175,1141,YHR102W
4176,1141,YOR353C
4177,1141,YIL129C
4178,1141,YFL034C-B
4179,1142,YKR088C
4180,1142,YMR071C
4181,1142,YDR100W
4182,1143,YHL027W
4183,1144,YDL170W
4184,1144,YIR023W
4185,1144,YDL210W
4186,1145,YNR055C
4187,1145,YNL065W
4188,1145,YIL120W
4189,1146,YBR008C
4190,1146,YML116W
4191,1147,YHR048W
4192,1147,YIL121W
4193,1148,YLR262C
4194,1148,YJL044C
4195,1148,YLR309C
4196,1148,YLR261C
4197,1149,YKL220C
4198,1149,YLL051C
4199,1149,YOL152W
4200,1149,YLR047C
4201,1150,YDR169C
4202,1151,YML052W
4203,1151,YMR086W
4204,1151,YPR149W
4205,1151,YDR490C
4206,1151,YKL142W
4207,1151,YGR086C
4208,1151,YPL004C
4209,1151,YOL100W
4210,1152,YLR023C
4211,1152,YOL002C
4212,1152,YOL101C
4213,1152,YDR492W
4214,1152,YJL056C
4215,1153,YGL255W
4216,1153,YOL154W
4217,1154,YDR205W
4218,1154,YMR243C
4219,1154,YLR130C
4220,1154,YKL175W
4221,1154,YIL023C
4222,1154,YOR079C
4223,1154,YOR316C
4224,1154,YNR039C
4225,1155,YFR051C
4226,1156,YML034W
4227,1157,YOR043W
4228,1157,YLR019W
4229,1157,YLL010C
4230,1158,YDL194W
4231,1158,YDL138W
4232,1159,YGL077C
4233,1159,YDR497C
4234,1160,YOR165W
4235,1161,YLR040C
4236,1161,YKL178C
4237,1161,YGL089C
4238,1161,YJR004C
4239,1161,YPL187W
4240,1162,YPL092W
4241,1162,YGL254W
4242,1163,YJL029C
4243,1163,YDR027C
4244,1163,YDR484W
4245,1164,YOL018C
4246,1165,YML071C
4247,1165,YNL041C
4248,1166,YGL223C
4249,1166,YER157W
4250,1166,YPR105C
4251,1166,YGL005C
4252,1166,YGR120C
4253,1166,YNL051W
4254,1167,YKR020W
4255,1168,YDR061W
4256,1169,YBR172C
4257,1169,YKL204W
4258,1169,YOR338W
4259,1170,YGL038C
4260,1171,YNL145W
4261,1171,YFL026W
4262,1171,YHR135C
4263,1171,YDR461W
4264,1171,YIL015W
4265,1171,YNL154C
4266,1172,YGL032C
4267,1172,YJL170C
4268,1173,YLR452C
4269,1174,YER128W
4270,1174,YPR173C
4271,1175,YLL019C
4272,1175,YMR216C
4273,1176,YBR015C
4274,1177,YPL050C
4275,1177,YDR245W
4276,1177,YJL183W
4277,1177,YML115C
4278,1177,YJR075W
4279,1177,YEL036C
4280,1178,YKL201C
4281,1178,YER001W
4282,1178,YGL257C
4283,1178,YJL186W
4284,1178,YIL014W
4285,1179,YNR059W
4286,1179,YPL053C
4287,1180,YFL004W
4288,1180,YDR089W
4289,1181,YBR056W-A
4290,1181,YMR316W
4291,1182,YLR371W
4292,1182,YNL283C
4293,1182,YGR023W
4294,1182,YLR332W
4295,1182,YOR008C
4296,1182,YOL105C
4297,1183,YBR260C
4298,1183,YFL047W
4299,1184,YGR070W
4300,1185,YAL060W
4301,1186,YBR168W
4302,1186,YHR150W
4303,1187,YGR004W
4304,1187,YDR479C
4305,1187,YLR324W
4306,1188,YLR039C
4307,1189,YDR162C
4308,1189,YDL006W
4309,1190,YPL140C
4310,1190,YOR231W
4311,1191,YDL190C
4312,1192,YGR184C
4313,1192,YDR143C
4314,1193,YGL141W
4315,1194,YLL028W
4316,1195,YDR011W
4317,1195,YDR406W
4318,1195,YGR281W
4319,1195,YOR328W
4320,1195,YOR153W
4321,1196,YPL249C
4322,1197,YCR017C
4323,1197,YIL039W
4324,1198,YCR044C
4325,1199,YNL008C
4326,1199,YNL159C
4327,1199,YMR119W
4328,1200,YKR039W
4329,1200,YDL212W
4330,1201,YLL038C
4331,1201,YLL044W
4332,1202,YFL048C
4333,1202,YLR080W
4334,1203,YER074W-A
4335,1203,YGL198W
4336,1203,YGR172C
4337,1203,YGL161C
4338,1203,YNL044W
4339,1203,YNL263C
4340,1204,YJL031C
4341,1205,YDL093W
4342,1205,YOR321W
4343,1205,YAL023C
4344,1206,YOR034C
4345,1206,YDR264C
4346,1207,YGR271W
4347,1207,YGL110C
4348,1207,YKR023W
4349,1208,YMR034C
4350,1208,YBR187W
4351,1209,YJL151C
4352,1209,YDR525W-A
4353,1210,YOL073C
4354,1210,YPR109W
4355,1211,YDR072C
4356,1211,YGR143W
4357,1212,YOL042W
4358,1212,YML118W
4359,1213,YCL066W
4360,1214,YDL053C
4361,1214,YNL085W
4362,1214,YGR178C
4363,1214,YHR121W
4364,1215,YBR271W
4365,1216,YBR141C
4366,1216,YLR063W
4367,1217,YLL015W
4368,1217,YDR135C
4369,1218,YBR053C
4370,1218,YBR056W
4371,1218,YAL008W
4372,1219,YBR149W
4373,1220,YIR001C
4374,1220,YGR250C
4375,1221,YLR017W
4376,1222,YMR042W
4377,1222,YDR173C
4378,1222,YML099C
4379,1222,YDR315C
4380,1222,YLR410W
4381,1223,YDR017C
4382,1223,YOR163W
4383,1224,YMR139W
4384,1225,YPR200C
4385,1225,YPR201W
4386,1225,YPR199C
4387,1226,YDR198C
4388,1226,YDR257C
4389,1226,YPL208W
4390,1226,YBR030W
4391,1227,YGL013C
4392,1227,YHR178W
4393,1228,YOR051C
4394,1228,YER049W
4395,1229,YDR502C
4396,1229,YLR180W
4397,1230,YKL101W
4398,1231,YOL070C
4399,1231,YNL078W
4400,1231,YPL158C
4401,1232,YGL020C
4402,1233,YDL243C
4403,1233,YFL056C
4404,1233,YFL057C
4405,1234,YOR053W
4406,1234,YAL004W
4407,1235,YER121W
4408,1235,YJL199C
4409,1235,YDR525W
4410,1235,YMR245W
4411,1236,YDR545W
4412,1236,YDR545C-A
4413,1237,YHL050C
4414,1238,YHR218W-A
4415,1238,YHR218W
4416,1239,YJR092W
4417,1240,YOR396W
4418,1241,YOR394C-A
4419,1241,YOR396C-A
4420,1242,YDL018C
4421,1243,YPL058C
4422,1243,YML076C
4423,1244,YMR163C
4424,1244,YMR204C
4425,1245,YNL012W
4426,1246,YLL043W
4427,1246,YPR115W
4428,1247,YMR215W
4429,1247,YLR343W
4430,1247,YOL132W
4431,1247,YOL030W
4432,1247,YOR386W
4433,1248,YDR514C
4434,1248,YOR252W
4435,1249,YOL110W
4436,1249,YLR246W
4437,1250,YER071C
4438,1250,YIR003W
4439,1251,YPL177C
4440,1251,YPR194C
4441,1251,YKR093W
4442,1252,YBL005W
4443,1252,YOR162C
4444,1253,YDL144C
4445,1253,YFR018C
4446,1254,YOR242C
4447,1254,YOR255W
4448,1255,YJL059W
4449,1256,YCR024C-B
4450,1256,YCL042W
4451,1256,YCL001W-A
4452,1257,YBL049W
4453,1257,YBL048W
4454,1258,YDR077W
4455,1259,YGL146C
4456,1259,YGL140C
4457,1259,YGL139W
4458,1260,YHR101C
4459,1260,YMR200W
4460,1261,YDR084C
4461,1262,YML086C
4462,1262,YMR041C
4463,1263,YCL056C
4464,1263,YOR193W
4465,1264,YLR065C
4466,1264,YDR186C
4467,1265,YMR031C
4468,1265,YGR130C
4469,1266,YGR144W
4470,1266,YJR142W
4471,1267,YPL075W
4472,1267,YNL199C
4473,1268,YHL047C
4474,1268,YOR383C
4475,1269,YMR325W
4476,1269,YLR461W
4477,1269,YNR076W
4478,1269,YEL049W
4479,1269,YCR104W
4480,1269,YGR294W
4481,1269,YLL064C
4482,1269,YLL025W
4483,1269,YBR301W
4484,1269,YJL223C
4485,1269,YIL176C
4486,1269,YAR020C
4487,1269,YLR037C
4488,1269,YHL046C
4489,1269,YGL261C
4490,1269,YFL020C
4491,1269,YKL224C
4492,1269,YDR542W
4493,1269,YAL068C
4494,1269,YOL161C
4495,1269,YIR041W
4496,1270,YNL158W
4497,1270,YNL149C
4498,1271,YNR044W
4499,1271,YCR089W
4500,1272,YGR125W
4501,1273,YOR032C
4502,1274,YER035W
4503,1274,YGL222C
4504,1275,YDR402C
4505,1275,YHR139C
4506,1275,YDR403W
4507,1276,YML131W
4508,1276,YLL056C
4509,1276,YLL059C
4510,1277,YDL046W
4511,1277,YPL006W
4512,1278,YOR344C
4513,1279,YCR021C
4514,1280,YCR040W
4515,1280,YCR097W
4516,1280,YCR039C
4517,1281,YKL164C
4518,1281,YJL159W
4519,1282,YDR250C
4520,1282,YGR045C
4521,1283,YER039C
4522,1283,YER039C-A
4523,1284,YBL113C
4524,1284,YBL111C
4525,1284,YBL113W-A
4526,1284,YBL109W
4527,1285,YML038C
4528,1285,YEL004W
4529,1286,YDR085C
4530,1286,YER158C
4531,1287,YPL199C
4532,1287,YKL047W
4533,1288,YLR465C
4534,1288,YLR463C
4535,1289,YLR467C-A
4536,1289,YLR466C-B
4537,1290,YNL101W
4538,1291,YCL038C
4539,1291,YBR293W
4540,1292,YER119C
4541,1293,YLR158C
4542,1293,YLR160C
4543,1293,YLR157C
4544,1293,YLR156W
4545,1294,YGL102C
4546,1294,YPR044C
4547,1294,YLR076C
4548,1295,YHR217C
4549,1296,YHR219W
4550,1297,YDR543C
4551,1297,YKL225W
4552,1297,YDR544C
4553,1297,YBL108W
4554,1298,YFL063W
4555,1298,YNR077C
4556,1298,YJR162C
4557,1298,YNL337W
4558,1298,YNL338W
4559,1299,YER190W
4560,1299,YER188C-A
4561,1299,YER189W
4562,1300,YHL049C
4563,1301,YHL050W-A
4564,1301,YCL012C
4565,1302,YFL051C
4566,1303,YIL088C
4567,1303,YKL146W
4568,1304,YNL019C
4569,1305,YNL018C
4570,1306,YNL034W
4571,1307,YNL033W
